,sex,height,age
0,male,1.78,39
1,female,1.58,63
2,female,1.58,49
3,male,1.7,47
4,male,1.9,44
5,male,1.72,35
6,male,1.65,49
7,male,1.7,68
8,female,1.62,59
9,male,1.8,64
10,male,1.81,62
11,female,1.7,65
12,female,1.7,61
13,female,1.54,64
14,male,1.73,52
15,male,1.65,52
16,female,1.78,65
17,female,1.6,52
18,female,1.59,48
19,female,1.7,51
20,female,1.62,70
21,female,1.7,29
22,female,1.5,68
23,female,1.64,64
24,male,1.75,60
25,female,1.67,67
26,female,1.58,76
27,male,1.72,45
28,female,1.7,76
29,male,1.67,53
30,male,1.76,56
31,female,1.54,66
32,male,1.84,67
33,male,1.84,57
34,female,1.68,55
35,male,1.7,58
36,male,1.8,50
37,male,1.84,53
38,female,1.54,63
39,female,1.62,69
40,female,1.67,53
41,female,1.55,68
42,male,1.8,52
43,male,1.76,46
44,female,1.52,57
45,male,1.76,68
46,female,1.65,62
47,female,1.63,74
48,male,1.81,42
49,female,1.74,68
50,female,1.63,74
51,female,1.56,58
52,female,1.56,64
53,male,1.68,58
54,female,1.6,71
55,female,1.65,76
56,male,1.76,64
57,female,1.5,68
58,female,1.62,78
59,male,1.76,48
60,male,1.84,46
61,male,1.8,39
62,female,1.68,83
63,female,1.6,63
64,female,1.55,71
65,female,1.6,62
66,female,1.69,56
67,male,1.68,56
68,female,1.64,44
69,male,1.76,72
70,female,1.6,37
71,male,1.75,77
72,female,1.72,49
73,female,1.6,65
74,male,1.75,55
75,male,1.77,61
76,female,1.62,51
77,female,1.75,54
78,male,1.74,62
79,female,1.55,56
80,female,1.65,67
81,female,1.7,69
82,female,1.59,53
83,female,1.42,58
84,male,1.75,62
85,male,1.79,68
86,female,1.64,55
87,male,1.76,63
88,female,1.64,36
89,female,1.68,61
90,male,1.87,54
91,male,1.88,44
92,male,1.72,74
93,female,1.72,64
94,female,1.58,67
95,male,1.8,47
96,female,1.6,34
97,female,1.59,55
98,male,1.8,71
99,male,1.83,71
100,female,1.5,69
101,male,1.85,64
102,male,1.82,56
103,female,1.67,59
104,male,1.68,75
105,female,1.6,44
106,female,1.65,57
107,female,1.55,73
108,male,1.8,54
109,male,1.78,63
110,male,1.72,58
111,male,1.8,61
112,female,1.7,50
113,female,1.72,45
114,female,1.65,55
115,female,1.75,59
116,female,1.58,74
117,male,1.78,32
118,male,1.65,63
119,male,1.73,52
120,male,1.7,57
121,male,1.72,64
122,female,1.6,69
123,male,1.62,72
124,female,1.75,65
125,male,1.72,58
126,female,1.58,59
127,male,1.8,60
128,female,1.6,80
129,female,1.58,68
130,male,1.82,61
131,male,1.82,69
132,male,1.7,69
133,female,1.63,74
134,female,1.56,69
135,female,1.64,53
136,female,1.64,71
137,male,1.82,62
138,male,1.77,67
139,female,1.5,60
140,female,1.62,69
141,male,1.8,48
142,female,1.64,64
143,female,1.58,43
144,female,1.59,68
145,female,1.58,60
146,male,1.7,39
147,female,1.62,66
148,female,1.67,62
149,female,1.73,65
150,female,1.68,42
151,male,1.65,69
152,male,1.76,42
153,female,1.63,76
154,female,1.72,58
155,male,0.95,69
156,female,1.7,61
157,female,1.6,45
158,male,1.8,68
159,female,1.64,68
160,female,1.65,76
161,male,1.89,43
162,female,1.5,51
163,male,1.7,56
164,male,1.87,67
165,female,1.74,43
166,male,1.76,72
167,male,1.7,58
168,female,1.68,65
169,male,1.74,68
170,male,1.82,61
171,female,1.6,74
172,female,1.75,65
173,female,1.52,62
174,male,1.85,44
175,male,1.78,63
176,female,1.55,70
177,female,1.7,69
178,male,1.82,43
179,male,1.76,48
180,female,1.82,77
181,male,1.82,63
182,male,1.78,69
183,female,1.58,64
184,female,1.64,58
185,male,1.8,57
186,female,1.72,56
187,male,1.7,77
188,male,1.7,57
189,male,1.76,51
190,male,1.79,24
191,female,1.69,59
192,female,1.78,47
193,female,1.64,67
194,female,0.64,63
195,female,1.67,72
196,male,1.7,59
197,male,1.71,67
198,female,1.63,41
199,female,1.66,41
200,female,1.69,54
201,female,1.64,64
202,male,1.76,66
203,female,1.62,47
204,female,1.63,59
205,female,1.53,72
206,male,1.67,62
207,male,1.74,69
208,female,1.58,68
209,male,1.85,49
210,female,1.65,56
211,male,1.78,52
212,female,1.65,54
213,male,1.89,46
214,female,1.53,59
215,female,1.6,61
216,female,0.65,61
217,female,1.64,48
218,female,1.7,42
219,female,1.67,35
220,female,1.65,63
221,male,1.72,71
222,male,1.89,52
223,female,1.6,60
224,female,1.68,63
225,male,1.76,62
226,female,1.52,70
227,male,1.79,55
228,female,1.52,68
229,male,1.85,55
230,female,1.6,69
231,male,1.7,68
232,female,1.65,62
233,male,1.73,45
234,female,1.53,60
235,female,1.65,63
236,female,1.7,50
237,female,1.68,51
238,female,1.58,68
239,male,1.74,72
240,male,1.78,22
241,male,1.75,49
242,female,1.53,67
243,female,1.65,51
244,male,1.76,63
245,male,1.9,64
246,female,1.7,49
247,female,1.72,55
248,male,1.82,48
249,female,1.6,40
250,male,1.75,46
251,male,1.8,64
252,male,1.61,71
253,male,1.85,45
254,male,1.76,58
255,female,1.64,35
256,male,1.78,63
257,female,1.52,48
258,female,1.73,62
259,female,1.7,75
260,female,1.7,61
261,female,1.67,69
262,female,1.69,46
263,female,1.75,67
264,male,1.76,78
265,female,1.64,41
266,male,1.63,61
267,female,1.65,63
268,male,1.7,68
269,male,1.68,65
270,male,1.72,62
271,female,1.6,59
272,male,1.95,40
273,female,1.6,63
274,male,1.7,60
275,female,1.47,76
276,male,1.7,69
277,male,1.7,66
278,female,1.72,67
279,female,1.68,64
280,male,1.71,68
281,female,1.64,58
282,female,1.55,42
283,male,1.73,83
284,female,1.72,53
285,female,1.72,70
286,male,1.86,31
287,female,1.57,63
288,female,1.7,80
289,female,1.7,63
290,female,1.67,52
291,female,1.6,72
292,female,1.79,23
293,female,1.75,45
294,female,1.58,72
295,female,1.58,80
296,female,1.55,61
297,male,1.77,66
298,female,1.6,89
299,male,1.97,74
300,male,1.72,75
301,female,1.58,61
302,female,1.75,42
303,male,1.67,76
304,male,1.8,47
305,female,1.74,49
306,female,1.54,68
307,male,1.7,63
308,female,1.56,62
309,female,1.58,62
310,male,1.8,15
311,male,1.7,80
312,male,1.83,31
313,female,1.64,68
314,female,1.58,66
315,male,1.76,73
316,female,1.75,56
317,male,1.7,57
318,female,1.6,59
319,female,1.8,48
320,female,1.7,75
321,female,1.54,72
322,female,1.72,54
323,male,1.79,79
324,male,1.82,42
325,female,1.6,57
326,female,1.69,68
327,male,1.7,64
328,female,1.6,71
329,female,1.65,76
330,female,1.76,72
331,male,1.77,65
332,female,1.64,68
333,female,1.65,85
334,male,1.67,47
335,female,1.7,61
336,male,1.78,46
337,female,1.65,58
338,female,1.55,68
339,female,1.65,66
340,male,1.75,59
341,male,1.8,64
342,female,1.74,54
343,male,1.71,68
344,female,1.64,71
345,female,1.68,73
346,male,1.76,61
347,female,1.64,57
348,female,1.65,23
349,female,1.52,47
350,male,1.7,66
351,female,1.58,58
352,male,1.73,64
353,female,1.64,20
354,male,1.76,44
355,female,1.45,84
356,female,1.65,86
357,female,1.58,56
358,female,1.57,55
359,male,1.7,62
360,male,1.72,72
361,male,1.8,68
362,male,1.8,77
363,female,1.62,61
364,female,1.66,58
365,female,1.68,53
366,male,1.7,62
367,female,1.65,63
368,male,1.76,78
369,male,1.74,71
370,male,1.75,75
371,female,1.68,64
372,female,1.6,63
373,female,1.62,82
374,male,1.68,66
375,female,1.67,69
376,female,1.54,74
377,male,1.68,76
378,female,1.65,66
379,female,1.64,53
380,male,1.7,66
381,female,1.67,67
382,male,1.7,53
383,male,1.88,78
384,male,1.62,74
385,female,1.48,57
386,male,1.74,64
387,male,1.73,69
388,female,1.55,68
389,male,1.83,42
390,female,1.64,62
391,female,1.7,34
392,female,1.44,62
393,female,1.64,60
394,male,1.9,35
395,female,1.65,36
396,female,1.6,59
397,female,1.6,70
398,male,1.8,53
399,female,1.58,71
400,male,1.7,45
401,female,1.58,63
402,male,1.77,47
403,male,1.65,56
404,male,1.78,49
405,male,1.76,68
406,female,1.88,58
407,male,1.83,74
408,male,1.69,70
409,female,1.67,72
410,female,1.72,13
411,male,1.65,61
412,female,0.85,59
413,male,1.8,56
414,female,1.65,43
415,female,1.65,61
416,female,1.6,43
417,male,1.72,71
418,male,1.75,46
419,female,1.6,60
420,female,1.57,73
421,female,1.69,75
422,male,1.9,28
423,male,1.56,76
424,male,1.8,72
425,male,1.66,74
426,male,1.78,65
427,female,1.73,62
428,male,1.75,62
429,female,1.63,63
430,female,1.6,63
431,male,1.8,60
432,female,1.73,67
433,female,1.72,24
434,male,1.65,73
435,female,1.68,70
436,female,1.7,47
437,male,1.79,80
438,male,1.75,63
439,female,1.55,73
440,male,1.9,47
441,male,1.68,73
442,male,1.78,43
443,female,1.76,47
444,male,1.8,75
445,female,1.68,64
446,male,1.72,80
447,female,1.76,70
448,male,1.91,76
449,female,1.67,67
450,female,1.53,65
451,male,1.75,64
452,female,1.8,51
453,male,1.78,61
454,male,1.65,73
455,male,1.75,61
456,male,1.72,70
457,female,1.7,87
458,male,1.65,60
459,female,1.75,54
460,male,1.65,61
461,male,1.8,47
462,male,1.83,31
463,female,1.62,34
464,female,1.75,69
465,female,1.48,45
466,female,1.55,70
467,female,1.64,56
468,male,1.8,35
469,male,1.7,52
470,female,1.65,42
471,female,1.59,76
472,female,1.82,47
473,female,1.68,69
474,male,1.7,69
475,female,1.76,64
476,male,1.88,57
477,female,1.6,56
478,female,1.56,74
479,female,1.7,68
480,female,1.65,63
481,male,1.65,59
482,male,1.83,66
483,female,1.63,66
484,male,1.76,46
485,male,1.71,66
486,male,1.75,59
487,female,1.63,61
488,male,1.65,54
489,female,1.65,70
490,male,1.8,60
491,female,1.6,53
492,male,1.67,19
493,female,1.71,19
494,male,1.65,72
495,male,1.82,63
496,female,1.65,67
497,female,1.66,84
498,female,1.7,44
499,male,1.68,79
500,female,1.67,64
501,female,1.64,49
502,female,1.63,71
503,male,1.7,74
504,female,1.65,66
505,female,1.75,70
506,male,2.0,67
507,female,1.7,77
508,male,1.8,54
509,female,1.65,78
510,male,1.78,56
511,female,1.58,72
512,male,1.76,60
513,female,1.6,66
514,male,1.65,66
515,male,1.7,29
516,male,1.77,57
517,male,1.6,60
518,female,1.52,72
519,male,1.76,69
520,male,1.76,74
521,male,1.86,60
522,male,1.67,56
523,female,1.6,84
524,female,1.56,47
525,male,1.78,47
526,male,1.75,59
527,female,1.64,48
528,male,1.76,53
529,female,1.68,78
530,female,1.7,28
531,male,1.73,61
532,male,1.76,61
533,female,1.62,44
534,male,1.65,66
535,female,1.65,37
536,female,1.56,67
537,male,1.85,60
538,female,1.55,78
539,female,1.64,57
540,female,1.6,83
541,female,1.65,73
542,female,1.83,64
543,male,1.6,61
544,female,1.7,80
545,female,1.6,58
546,female,1.58,69
547,female,1.62,58
548,female,1.73,45
549,male,1.7,76
550,female,1.48,49
551,female,1.62,53
552,female,1.7,88
553,male,1.76,55
554,female,1.56,63
555,female,1.67,71
556,female,1.65,68
557,male,1.74,65
558,male,1.73,74
559,male,1.85,64
560,male,1.76,60
561,female,1.6,81
562,male,1.76,87
563,male,1.75,72
564,male,1.75,83
565,female,1.63,50
566,male,1.75,71
567,female,1.52,57
568,male,1.78,60
569,female,1.67,67
570,female,1.65,66
571,male,1.76,69
572,female,1.57,60
573,female,1.76,66
574,female,1.57,33
575,male,1.75,65
576,male,1.75,61
577,female,1.6,72
578,female,1.6,50
579,female,1.75,76
580,female,1.6,41
581,female,1.68,70
582,female,1.59,63
583,female,1.58,52
584,female,1.67,25
585,male,1.65,70
586,female,1.76,61
587,female,1.63,82
588,female,1.59,59
589,female,1.6,74
590,female,1.5,73
591,male,1.71,75
592,male,1.74,73
593,female,1.56,63
594,female,1.58,63
595,female,1.6,50
596,female,1.58,68
597,male,1.75,70
598,male,1.9,62
599,male,1.76,41
600,male,1.65,74
601,female,1.56,64
602,male,1.68,72
603,male,1.73,71
604,female,1.68,59
605,male,1.7,63
606,male,1.71,55
607,male,1.6,58
608,female,1.75,63
609,female,1.62,63
610,male,1.7,62
611,female,1.5,64
612,male,1.68,73
613,male,1.75,74
614,female,1.6,67
615,female,1.63,74
616,male,1.78,87
617,male,1.84,66
618,male,1.8,69
619,male,1.7,15
620,male,1.82,63
621,female,1.64,59
622,male,1.7,64
623,male,1.7,59
624,male,1.76,80
625,male,1.85,38
626,male,1.68,83
627,female,1.55,70
628,male,1.73,58
629,female,1.85,77
630,female,1.63,49
631,female,1.65,54
632,female,1.65,40
633,female,1.6,56
634,female,1.57,56
635,female,1.55,70
636,female,1.55,55
637,male,1.75,63
638,male,1.65,42
639,female,1.6,72
640,female,1.62,60
641,male,1.84,38
642,female,1.67,52
643,female,1.48,44
644,male,1.65,52
645,female,1.5,76
646,female,1.62,62
647,male,1.8,65
648,female,1.61,41
649,male,1.7,77
650,male,1.73,71
651,male,1.8,82
652,female,1.54,80
653,male,1.84,73
654,male,1.65,54
655,male,1.67,70
656,male,1.78,63
657,female,1.5,79
658,male,1.76,73
659,male,1.74,50
660,female,1.63,65
661,female,1.58,76
662,female,1.55,32
663,female,1.54,51
664,female,1.64,68
665,female,1.69,53
666,female,1.56,63
667,female,1.67,62
668,female,1.65,68
669,female,1.65,66
670,male,1.8,70
671,female,1.68,54
672,male,0.85,35
673,female,1.65,75
674,male,1.72,63
675,male,1.65,65
676,male,1.7,63
677,female,1.67,80
678,male,1.8,73
679,female,1.7,72
680,female,1.55,60
681,male,1.69,84
682,male,1.83,27
683,female,1.65,67
684,female,1.63,69
685,female,1.65,23
686,female,1.53,69
687,female,1.7,26
688,female,1.52,65
689,male,1.7,65
690,male,1.73,69
691,female,1.72,59
692,male,1.65,64
693,male,1.84,53
694,female,1.6,57
695,female,1.65,84
696,female,1.58,65
697,female,1.73,52
698,female,1.56,52
699,male,1.82,73
700,male,1.8,72
701,male,1.6,67
702,female,1.55,68
703,female,1.74,43
704,male,1.7,69
705,female,1.69,63
706,female,0.6,84
707,male,1.78,65
708,male,0.9,54
709,male,1.79,61
710,male,1.65,56
711,male,1.9,49
712,female,1.6,64
713,male,1.7,74
714,female,1.56,55
715,male,1.65,64
716,male,1.78,66
717,male,1.68,77
718,female,1.87,70
719,male,1.72,73
720,male,1.75,75
721,female,1.62,62
722,male,1.85,37
723,female,1.55,64
724,female,1.6,77
725,female,1.68,73
726,male,1.72,59
727,female,1.7,63
728,male,1.74,38
729,male,1.87,70
730,female,1.7,63
731,female,1.65,58
732,male,1.78,52
733,female,1.6,57
734,female,1.65,58
735,male,1.58,47
736,male,1.76,60
737,female,1.66,68
738,male,1.74,66
739,female,1.88,56
740,male,1.6,51
741,male,1.8,61
742,female,1.56,62
743,female,1.67,54
744,male,1.68,72
745,female,1.65,40
746,female,1.76,41
747,male,1.64,64
748,female,1.51,71
749,male,1.65,62
750,male,1.82,60
751,female,1.67,65
752,female,1.73,61
753,male,1.85,55
754,female,1.7,59
755,male,1.76,45
756,male,1.78,73
757,female,1.6,61
758,male,1.63,71
759,male,1.7,62
760,male,1.84,33
761,male,1.7,78
762,female,1.75,72
763,female,1.7,68
764,female,1.76,64
765,female,1.6,61
766,female,1.67,64
767,female,1.62,43
768,female,1.75,64
769,male,1.86,54
770,female,1.58,60
771,female,1.7,39
772,male,1.86,62
773,female,1.64,26
774,female,1.64,58
775,male,1.75,79
776,female,1.66,63
777,female,1.64,68
778,female,1.7,50
779,female,1.68,67
780,female,1.5,52
781,female,1.7,70
782,male,1.78,63
783,male,1.7,73
784,male,1.88,50
785,female,1.5,64
786,male,1.65,72
787,female,0.73,62
788,male,1.68,62
789,male,1.86,82
790,male,1.72,73
791,female,1.62,83
792,female,1.65,61
793,male,1.75,52
794,female,1.75,45
795,female,1.71,62
796,female,1.1,45
797,female,1.6,68
798,male,1.78,68
799,male,1.68,33
800,female,1.64,58
801,female,1.61,68
802,male,1.71,78
803,female,1.6,65
804,female,1.56,57
805,female,1.58,68
806,female,1.59,52
807,female,1.53,68
808,female,1.63,43
809,male,1.8,87
810,male,1.7,59
811,female,1.64,72
812,male,1.8,67
813,male,1.6,53
814,female,1.78,72
815,female,1.5,77
816,female,1.67,41
817,female,1.72,64
818,male,1.68,63
819,male,1.7,63
820,male,1.7,66
821,male,1.68,81
822,male,1.7,56
823,female,0.8,71
824,female,1.68,60
825,female,0.95,35
826,male,1.7,63
827,male,1.8,53
828,female,1.64,42
829,male,1.75,69
830,female,1.64,74
831,female,1.62,73
832,female,1.7,64
833,male,1.55,58
834,female,1.6,78
835,male,1.68,44
836,female,1.65,64
837,female,0.82,63
838,male,1.82,60
839,male,1.64,76
840,female,1.69,32
841,female,1.65,52
842,female,1.56,49
843,female,1.54,71
844,male,1.9,54
845,female,1.56,68
846,male,1.64,75
847,male,1.7,68
848,male,1.65,75
849,male,1.73,60
850,female,1.65,50
851,male,1.85,51
852,male,1.75,58
853,female,1.65,66
854,female,1.56,68
855,male,1.72,50
856,male,1.8,67
857,female,1.7,70
858,male,1.7,46
859,male,1.7,71
860,female,1.56,67
861,male,1.7,70
862,female,1.55,57
863,female,1.57,57
864,male,1.6,53
865,male,1.92,62
866,male,1.72,51
867,male,1.7,70
868,female,0.7,62
869,female,1.64,66
870,female,0.7,76
871,female,1.65,59
872,male,1.72,76
873,male,1.8,68
874,female,1.58,67
875,female,1.65,70
876,male,1.76,69
877,female,1.5,67
878,female,1.65,63
879,female,1.67,72
880,female,1.72,51
881,female,1.52,63
882,female,1.7,73
883,male,1.73,78
884,female,1.64,39
885,female,1.68,46
886,female,1.65,60
887,male,1.8,56
888,male,1.73,32
889,male,1.73,45
890,male,1.74,83
891,female,1.68,61
892,female,1.5,71
893,female,1.6,64
894,female,1.65,69
895,male,1.6,75
896,female,1.6,74
897,female,1.63,65
898,female,1.56,46
899,female,1.68,63
900,male,1.67,52
901,male,1.83,46
902,female,1.65,67
903,male,1.83,55
904,male,1.75,43
905,female,1.6,61
906,male,1.78,51
907,female,1.65,67
908,female,1.58,80
909,female,1.67,67
910,female,1.61,63
911,male,1.7,47
912,male,1.6,60
913,female,1.76,40
914,female,1.68,56
915,female,1.63,49
916,female,1.6,73
917,female,1.72,46
918,female,1.64,79
919,male,1.78,67
920,male,1.68,59
921,male,1.78,68
922,female,1.63,42
923,male,1.77,51
924,female,1.77,41
925,male,1.68,78
926,female,1.61,80
927,male,1.78,61
928,female,1.7,64
929,male,1.63,73
930,male,1.84,59
931,female,1.63,61
932,male,1.88,49
933,female,1.6,64
934,female,1.56,69
935,female,1.57,51
936,male,1.82,56
937,male,1.63,71
938,male,1.72,78
939,female,1.52,77
940,male,1.82,45
941,male,1.75,46
942,male,1.87,62
943,male,1.63,76
944,male,1.82,66
945,female,1.65,80
946,female,1.52,67
947,female,1.65,74
948,male,1.78,43
949,male,1.76,77
950,female,1.6,59
951,male,1.82,82
952,male,1.3,69
953,female,1.6,70
954,female,1.58,63
955,male,1.69,82
956,female,1.56,64
957,female,1.56,68
958,male,1.8,69
959,male,1.75,62
960,male,1.7,60
961,female,1.53,78
962,male,1.7,56
963,male,1.7,83
964,male,1.75,50
965,male,0.56,72
966,female,1.64,62
967,female,1.52,64
968,female,1.65,70
969,female,1.72,37
970,female,1.62,92
971,male,1.67,70
972,male,2.0,38
973,female,1.57,78
974,female,1.7,75
975,female,1.46,85
976,female,1.65,58
977,female,1.73,63
978,female,1.65,57
979,male,1.7,51
980,male,1.67,68
981,female,1.7,70
982,male,1.78,73
983,female,1.7,72
984,male,1.9,60
985,female,1.56,72
986,female,1.68,57
987,female,1.65,40
988,female,1.52,70
989,female,1.58,66
990,male,1.62,86
991,female,1.67,48
992,female,1.64,66
993,male,1.65,67
994,female,1.65,46
995,male,1.76,40
996,male,1.75,61
997,female,1.5,68
998,male,1.8,61
999,female,1.65,68
1000,male,1.63,86
1001,female,1.67,50
1002,female,1.66,48
1003,female,1.66,74
1004,male,1.71,64
1005,female,1.68,67
1006,female,1.64,75
1007,female,1.64,62
1008,male,1.8,37
1009,female,1.56,47
1010,female,1.54,80
1011,male,1.72,58
1012,female,1.64,58
1013,female,1.62,42
1014,female,1.65,40
1015,female,1.68,43
1016,female,1.67,48
1017,male,1.64,59
1018,female,1.62,53
1019,male,1.75,66
1020,male,1.8,66
1021,female,1.53,88
1022,male,1.75,70
1023,male,1.12,72
1024,male,1.7,74
1025,male,1.75,67
1026,female,1.65,57
1027,male,1.63,63
1028,female,1.64,63
1029,male,1.82,69
1030,female,1.75,68
1031,male,1.78,44
1032,female,1.58,59
1033,male,1.67,44
1034,male,1.87,48
1035,male,1.73,59
1036,female,1.68,54
1037,female,1.5,61
1038,female,1.6,51
1039,female,1.74,43
1040,female,1.67,52
1041,female,1.71,49
1042,female,1.7,68
1043,male,1.82,43
1044,female,1.56,51
1045,female,1.75,74
1046,female,1.0,62
1047,male,1.75,58
1048,male,1.65,71
1049,male,1.62,70
1050,male,1.77,59
1051,female,1.7,38
1052,female,1.58,60
1053,male,1.74,72
1054,male,1.69,73
1055,male,1.63,42
1056,female,1.65,68
1057,female,1.6,71
1058,male,1.2,78
1059,male,1.75,61
1060,male,1.75,53
1061,female,1.63,64
1062,male,1.75,78
1063,female,1.6,74
1064,female,1.63,53
1065,male,1.65,72
1066,female,1.65,63
1067,female,1.62,79
1068,male,1.79,57
1069,female,1.65,84
1070,male,1.74,59
1071,female,1.63,39
1072,female,1.51,69
1073,female,1.65,68
1074,male,1.82,48
1075,female,1.62,38
1076,female,1.68,59
1077,male,1.65,77
1078,female,1.62,59
1079,male,1.76,68
1080,male,1.78,68
1081,male,1.7,74
1082,female,1.67,55
1083,male,1.84,73
1084,male,1.65,80
1085,male,1.67,63
1086,female,1.6,74
1087,male,1.85,49
1088,male,1.76,42
1089,male,1.75,69
1090,male,1.78,68
1091,male,1.75,67
1092,male,1.87,49
1093,female,1.56,77
1094,female,1.58,68
1095,male,1.7,80
1096,male,1.82,57
1097,female,1.5,44
1098,male,1.82,59
1099,female,1.68,71
1100,female,1.7,58
1101,male,1.76,60
1102,female,1.58,63
1103,female,1.55,56
1104,female,1.65,63
1105,female,1.65,67
1106,female,1.64,62
1107,female,1.76,69
1108,male,1.75,46
1109,female,1.62,57
1110,male,1.77,80
1111,female,1.6,77
1112,male,1.7,68
1113,male,1.75,63
1114,female,1.72,51
1115,male,1.76,53
1116,male,1.76,61
1117,female,1.48,50
1118,male,1.68,75
1119,male,1.77,55
1120,female,1.64,53
1121,female,1.53,66
1122,female,1.65,82
1123,female,1.55,41
1124,male,1.78,76
1125,female,1.6,88
1126,female,1.65,71
1127,female,1.54,60
1128,male,1.8,42
1129,male,1.67,61
1130,female,1.6,79
1131,male,1.84,64
1132,female,1.52,76
1133,female,1.6,69
1134,female,1.56,57
1135,male,1.8,68
1136,male,1.68,61
1137,male,1.75,62
1138,male,1.78,62
1139,female,1.65,26
1140,male,1.7,67
1141,female,1.5,85
1142,male,1.76,42
1143,female,1.5,13
1144,female,1.7,74
1145,male,1.75,68
1146,female,1.74,44
1147,female,1.55,73
1148,female,1.7,59
1149,female,1.55,48
1150,male,1.67,50
1151,male,1.68,77
1152,female,1.68,62
1153,male,1.85,66
1154,male,1.76,55
1155,female,1.66,52
1156,male,1.76,65
1157,female,1.69,63
1158,male,1.6,78
1159,female,1.76,58
1160,female,1.57,67
1161,male,0.56,57
1162,female,1.58,78
1163,male,1.75,58
1164,female,1.6,71
1165,male,1.68,73
1166,male,1.62,71
1167,female,1.7,68
1168,male,1.7,88
1169,female,1.52,34
1170,male,1.83,52
1171,female,1.8,80
1172,male,1.73,79
1173,female,1.64,61
1174,male,1.76,60
1175,female,1.69,64
1176,male,1.57,42
1177,male,1.78,40
1178,female,1.6,79
1179,female,1.66,41
1180,female,1.64,71
1181,male,1.65,80
1182,male,1.78,42
1183,female,1.6,71
1184,female,1.5,67
1185,male,1.75,70
1186,male,1.7,74
1187,male,1.6,70
1188,female,1.56,88
1189,female,1.67,64
1190,female,1.5,62
1191,male,1.94,60
1192,female,1.65,66
1193,female,1.6,65
1194,male,1.88,55
1195,male,1.76,70
1196,male,1.83,61
1197,female,1.8,50
1198,male,1.63,72
1199,female,1.5,69
1200,male,1.72,69
1201,male,1.65,80
1202,male,1.85,48
1203,female,1.76,61
1204,male,1.87,59
1205,female,1.61,78
1206,male,1.85,74
1207,female,1.58,71
1208,male,1.76,73
1209,female,1.6,68
1210,male,1.73,62
1211,female,1.68,82
1212,female,1.58,71
1213,female,1.61,65
1214,male,1.76,69
1215,female,1.6,70
1216,male,1.8,41
1217,female,1.5,70
1218,male,1.6,51
1219,male,1.8,50
1220,female,1.7,60
1221,female,1.58,90
1222,female,1.65,67
1223,male,1.72,71
1224,female,1.6,66
1225,male,1.73,64
1226,female,1.78,61
1227,male,1.74,65
1228,female,1.58,70
1229,male,1.8,79
1230,female,1.6,64
1231,male,1.5,72
1232,female,1.65,36
1233,male,1.68,85
1234,female,1.56,49
1235,female,1.53,70
1236,female,1.75,18
1237,female,1.72,76
1238,female,1.6,70
1239,female,1.64,69
1240,male,1.7,75
1241,male,0.72,64
1242,female,1.65,78
1243,male,1.2,84
1244,female,1.68,52
1245,male,1.74,38
1246,male,1.75,61
1247,female,1.65,47
1248,male,1.63,75
1249,male,1.63,65
1250,female,1.57,39
1251,female,1.62,53
1252,female,1.55,76
1253,male,1.75,52
1254,female,1.5,75
1255,female,1.53,79
1256,male,1.82,67
1257,male,1.9,69
1258,female,1.68,63
1259,female,1.6,74
1260,female,1.6,78
1261,male,1.7,75
1262,female,1.64,68
1263,female,1.64,74
1264,female,1.7,67
1265,female,1.56,69
1266,female,1.4,67
1267,female,1.56,64
1268,female,1.67,71
1269,male,1.75,77
1270,male,1.68,65
1271,male,1.74,52
1272,male,1.78,84
1273,female,1.78,74
1274,male,1.8,65
1275,male,1.75,64
1276,female,1.6,67
1277,female,1.54,67
1278,male,1.82,58
1279,male,1.6,72
1280,male,1.65,63
1281,female,1.56,28
1282,male,1.8,64
1283,male,1.8,44
1284,male,1.65,66
1285,male,1.86,44
1286,male,1.9,57
1287,male,1.71,68
1288,female,1.74,69
1289,male,1.62,72
1290,male,1.75,77
1291,female,1.62,53
1292,female,1.74,40
1293,male,1.73,27
1294,male,1.83,68
1295,female,1.58,20
1296,female,1.6,69
1297,male,1.82,70
1298,male,1.81,64
1299,male,1.8,62
1300,male,1.75,65
1301,male,1.74,68
1302,female,1.4,58
1303,female,1.72,42
1304,male,1.78,38
1305,male,1.75,43
1306,female,1.65,73
1307,female,1.6,64
1308,female,1.5,78
1309,male,1.78,43
1310,male,1.86,58
1311,male,1.7,75
1312,female,1.56,64
1313,male,1.8,67
1314,female,1.63,69
1315,male,1.65,81
1316,male,1.7,58
1317,male,1.67,63
1318,male,1.7,61
1319,male,1.67,51
1320,female,1.62,62
1321,female,1.64,74
1322,female,1.59,62
1323,male,1.68,55
1324,female,1.55,76
1325,female,1.64,54
1326,female,1.6,71
1327,female,1.7,59
1328,female,1.65,52
1329,female,1.59,73
1330,female,1.58,58
1331,male,0.52,64
1332,female,1.72,56
1333,male,1.84,67
1334,female,1.65,67
1335,female,1.58,54
1336,female,1.55,72
1337,male,1.65,60
1338,female,1.6,19
1339,male,1.6,58
1340,male,1.74,69
1341,female,1.7,74
1342,male,1.71,70
1343,female,1.65,80
1344,female,1.78,40
1345,female,1.64,46
1346,male,1.72,66
1347,female,1.82,55
1348,female,1.64,67
1349,female,1.64,70
1350,male,1.85,75
1351,male,1.75,52
1352,male,1.78,53
1353,male,1.73,73
1354,female,1.53,64
1355,female,1.61,64
1356,female,1.6,66
1357,male,1.73,66
1358,male,1.72,78
1359,female,1.54,62
1360,female,1.67,60
1361,female,1.52,64
1362,female,1.54,62
1363,female,1.72,40
1364,female,1.64,82
1365,male,1.76,54
1366,female,1.72,67
1367,female,1.65,70
1368,male,1.74,63
1369,female,1.58,45
1370,female,1.65,72
1371,male,1.76,52
1372,male,1.6,79
1373,female,1.52,57
1374,female,1.73,75
1375,female,1.64,69
1376,female,1.65,60
1377,male,1.88,59
1378,male,1.76,70
1379,male,1.6,75
1380,female,1.5,58
1381,male,1.8,61
1382,male,1.65,70
1383,male,1.72,70
1384,male,1.82,77
1385,female,1.68,47
1386,male,1.74,49
1387,female,1.64,45
1388,female,1.64,68
1389,female,1.6,71
1390,female,1.65,55
1391,male,1.78,50
1392,male,1.63,74
1393,female,1.68,62
1394,female,1.56,60
1395,male,1.66,70
1396,male,1.8,58
1397,male,1.84,67
1398,female,1.65,53
1399,female,1.65,63
1400,female,1.63,83
1401,male,1.83,65
1402,male,1.78,61
1403,female,1.67,56
1404,female,1.64,61
1405,female,1.55,66
1406,male,1.72,82
1407,female,1.6,67
1408,female,1.64,57
1409,male,1.65,49
1410,female,1.61,62
1411,female,1.55,85
1412,female,1.6,70
1413,male,1.58,60
1414,female,1.54,64
1415,male,1.68,72
1416,male,1.74,66
1417,female,1.53,74
1418,male,1.75,37
1419,female,1.6,53
1420,male,1.81,50
1421,male,1.7,68
1422,male,1.73,80
1423,female,1.6,56
1424,female,1.65,71
1425,male,1.64,79
1426,female,1.61,46
1427,male,1.82,48
1428,male,1.78,50
1429,male,1.66,75
1430,male,1.73,53
1431,male,1.65,64
1432,male,1.75,84
1433,female,1.5,48
1434,female,1.66,62
1435,male,1.9,60
1436,female,1.6,66
1437,female,1.65,71
1438,female,1.57,70
1439,male,1.7,62
1440,female,1.6,61
1441,male,1.7,64
1442,female,1.5,72
1443,male,1.65,60
1444,male,1.72,72
1445,male,1.68,66
1446,male,1.8,62
1447,male,1.84,65
1448,female,1.68,62
1449,male,1.73,64
1450,male,1.8,38
1451,female,1.65,53
1452,male,1.7,61
1453,female,1.65,68
1454,female,1.64,50
1455,female,1.64,74
1456,male,1.72,45
1457,female,1.64,67
1458,male,1.65,69
1459,female,1.64,68
1460,female,1.65,62
1461,female,1.64,56
1462,female,1.7,62
1463,female,1.58,70
1464,female,1.63,71
1465,female,1.7,50
1466,male,1.75,65
1467,female,1.78,64
1468,female,1.62,56
1469,female,1.68,58
1470,male,1.7,63
1471,female,1.58,64
1472,female,1.5,66
1473,male,1.75,51
1474,male,1.6,69
1475,female,1.52,67
1476,female,1.54,74
1477,female,1.65,46
1478,male,1.67,73
1479,female,1.69,41
1480,female,1.65,82
1481,female,1.65,74
1482,male,1.72,60
1483,female,1.68,77
1484,female,1.68,68
1485,female,1.65,80
1486,female,1.56,80
1487,female,1.64,54
1488,male,1.98,40
1489,female,1.58,59
1490,female,1.7,69
1491,female,1.67,66
1492,female,1.75,40
1493,male,1.69,65
1494,male,1.7,69
1495,female,1.64,65
1496,male,1.72,71
1497,female,1.67,68
1498,female,0.69,68
1499,female,1.67,50
1500,male,1.73,65
1501,female,1.62,63
1502,female,1.68,55
1503,male,1.7,72
1504,female,1.64,70
1505,male,1.67,64
1506,female,1.64,63
1507,male,1.72,71
1508,female,1.54,64
1509,male,1.78,63
1510,female,1.64,56
1511,female,1.62,70
1512,female,1.62,24
1513,female,1.65,73
1514,female,1.65,61
1515,female,1.74,57
1516,female,1.6,76
1517,female,1.62,67
1518,male,1.76,48
1519,male,1.8,39
1520,female,1.59,68
1521,male,0.86,51
1522,male,1.78,60
1523,male,1.77,13
1524,female,1.6,61
1525,female,1.5,76
1526,female,1.56,68
1527,male,1.68,75
1528,female,1.65,78
1529,female,1.67,41
1530,female,1.65,45
1531,female,1.65,41
1532,male,1.7,56
1533,male,1.85,52
1534,male,1.88,49
1535,female,1.62,52
1536,female,1.6,77
1537,female,1.5,67
1538,female,1.65,57
1539,female,1.6,60
1540,female,1.67,49
1541,male,1.88,42
1542,female,1.6,61
1543,female,1.59,79
1544,male,1.6,68
1545,male,1.72,68
1546,male,1.74,65
1547,female,1.56,71
1548,female,1.7,69
1549,female,1.65,42
1550,female,1.64,59
1551,female,1.64,71
1552,male,1.82,71
1553,female,1.6,50
1554,female,1.65,80
1555,male,1.75,70
1556,male,1.65,56
1557,female,1.56,57
1558,female,1.6,87
1559,female,1.63,78
1560,male,1.82,65
1561,male,1.74,67
1562,male,1.7,77
1563,female,1.67,62
1564,female,1.55,68
1565,male,1.7,49
1566,male,1.72,69
1567,male,1.72,63
1568,female,1.68,54
1569,female,1.65,36
1570,male,1.8,68
1571,female,1.64,64
1572,male,1.82,51
1573,female,1.63,53
1574,male,1.65,67
1575,male,1.8,74
1576,male,1.84,56
1577,male,1.7,52
1578,female,1.58,60
1579,female,1.78,63
1580,male,1.72,71
1581,female,1.6,81
1582,female,1.78,51
1583,female,1.56,62
1584,female,1.77,23
1585,male,1.8,69
1586,male,1.75,44
1587,male,1.79,60
1588,male,1.89,33
1589,male,1.8,58
1590,female,1.56,44
1591,female,1.76,41
1592,female,1.54,61
1593,male,1.78,55
1594,female,1.58,56
1595,male,1.67,71
1596,male,1.73,62
1597,female,1.69,62
1598,male,1.91,44
1599,male,1.72,64
1600,female,1.78,79
1601,female,1.62,70
1602,female,1.5,56
1603,male,1.79,65
1604,male,1.78,42
1605,male,1.75,69
1606,female,1.78,21
1607,male,0.92,66
1608,male,1.78,69
1609,male,1.6,78
1610,female,1.63,24
1611,female,1.61,30
1612,male,1.85,75
1613,male,1.89,43
1614,female,1.7,36
1615,female,1.78,84
1616,female,1.53,44
1617,female,1.6,39
1618,male,1.87,60
1619,female,1.63,62
1620,female,1.58,66
1621,female,1.6,76
1622,female,1.51,76
1623,female,1.55,64
1624,female,1.7,62
1625,male,1.6,79
1626,female,1.6,74
1627,female,1.62,67
1628,female,1.55,43
1629,male,1.75,71
1630,female,1.58,60
1631,male,1.64,78
1632,female,1.65,64
1633,male,1.72,69
1634,male,1.8,83
1635,female,1.76,73
1636,female,1.5,57
1637,male,1.65,79
1638,male,1.83,53
1639,female,1.64,70
1640,female,1.63,55
1641,female,1.65,69
1642,female,1.55,80
1643,female,1.7,59
1644,female,1.6,68
1645,male,1.71,35
1646,female,1.68,65
1647,male,1.87,56
1648,male,1.63,77
1649,male,1.64,75
1650,female,1.7,70
1651,male,1.85,63
1652,male,1.75,70
1653,female,1.51,60
1654,female,1.63,58
1655,male,1.75,29
1656,female,1.65,76
1657,male,1.7,72
1658,female,1.63,70
1659,female,1.66,85
1660,male,1.76,75
1661,male,1.83,74
1662,female,1.56,75
1663,female,1.61,64
1664,male,1.8,67
1665,male,1.83,57
1666,female,1.66,73
1667,female,1.6,64
1668,male,1.82,73
1669,female,1.64,50
1670,female,1.58,72
1671,female,1.6,70
1672,male,1.7,64
1673,female,1.62,60
1674,female,1.58,43
1675,female,1.55,60
1676,male,1.76,45
1677,female,1.7,48
1678,female,1.74,42
1679,male,1.73,70
1680,female,1.6,59
1681,male,1.78,73
1682,male,1.7,69
1683,female,1.62,65
1684,female,1.7,73
1685,female,1.68,48
1686,male,1.78,26
1687,female,1.65,74
1688,male,1.89,31
1689,female,1.68,41
1690,female,1.55,64
1691,female,1.63,49
1692,male,1.73,42
1693,female,1.58,42
1694,male,1.73,49
1695,female,1.86,59
1696,male,1.87,80
1697,female,1.63,41
1698,male,1.63,64
1699,male,1.68,83
1700,female,1.55,26
1701,female,1.65,63
1702,female,1.65,66
1703,female,1.58,73
1704,female,1.58,78
1705,female,1.75,63
1706,female,1.65,57
1707,female,1.58,60
1708,female,1.65,40
1709,female,1.62,64
1710,female,1.55,65
1711,female,1.78,46
1712,female,1.64,59
1713,female,1.54,61
1714,male,1.8,65
1715,female,1.6,59
1716,male,1.7,75
1717,female,1.56,60
1718,female,1.65,49
1719,male,1.95,57
1720,female,1.67,52
1721,male,1.78,75
1722,male,1.73,69
1723,male,1.67,62
1724,female,1.6,59
1725,female,1.64,53
1726,female,1.62,72
1727,male,1.78,65
1728,female,1.63,61
1729,female,1.67,39
1730,female,1.68,78
1731,male,1.79,70
1732,female,1.65,60
1733,female,1.58,64
1734,female,1.65,68
1735,female,1.74,45
1736,male,1.8,54
1737,male,1.67,73
1738,female,1.56,48
1739,female,1.5,69
1740,male,1.79,69
1741,female,1.7,60
1742,male,1.55,63
1743,female,0.87,43
1744,female,1.75,76
1745,male,0.69,68
1746,female,1.6,73
1747,female,1.67,73
1748,female,1.57,73
1749,male,1.7,63
1750,female,1.6,76
1751,female,1.65,68
1752,female,1.72,69
1753,male,1.68,43
1754,female,1.62,67
1755,female,1.65,63
1756,male,1.7,72
1757,female,1.66,51
1758,female,1.6,78
1759,male,1.72,69
1760,female,1.64,64
1761,male,1.68,84
1762,female,1.6,59
1763,male,1.8,64
1764,male,0.48,50
1765,female,1.6,69
1766,female,1.56,82
1767,female,1.58,72
1768,male,1.7,65
1769,male,1.7,68
1770,female,1.6,79
1771,male,1.67,72
1772,male,1.68,73
1773,female,1.55,55
1774,female,1.62,67
1775,female,1.7,28
1776,male,1.78,76
1777,female,1.58,71
1778,male,1.78,70
1779,female,1.68,65
1780,female,1.54,71
1781,male,1.78,71
1782,male,1.72,69
1783,female,1.5,63
1784,male,1.76,64
1785,male,1.7,79
1786,male,1.85,34
1787,male,1.7,53
1788,male,1.87,67
1789,female,1.65,50
1790,female,1.76,52
1791,female,1.64,45
1792,female,1.58,74
1793,female,1.76,72
1794,male,1.65,74
1795,female,1.6,67
1796,male,1.8,73
1797,male,1.75,75
1798,female,1.6,68
1799,male,1.76,67
1800,female,1.5,50
1801,male,1.98,55
1802,female,1.65,79
1803,male,1.72,74
1804,female,1.7,54
1805,male,1.73,59
1806,female,1.69,68
1807,female,1.57,75
1808,female,1.73,39
1809,male,1.78,74
1810,male,1.89,70
1811,female,1.6,63
1812,female,1.59,73
1813,female,1.67,51
1814,female,1.69,70
1815,female,1.69,65
1816,male,1.73,78
1817,female,1.62,57
1818,female,1.5,37
1819,female,1.73,73
1820,female,1.56,58
1821,female,1.7,43
1822,female,1.65,46
1823,female,1.68,83
1824,male,1.65,68
1825,female,1.58,44
1826,male,1.78,69
1827,female,1.58,83
1828,female,1.68,56
1829,male,1.8,80
1830,female,1.65,46
1831,male,1.69,73
1832,female,1.64,63
1833,female,1.64,48
1834,female,1.72,43
1835,female,1.58,47
1836,female,1.53,59
1837,male,1.67,50
1838,female,1.56,63
1839,female,1.55,57
1840,male,1.73,61
1841,male,1.75,72
1842,female,1.56,75
1843,female,1.65,70
1844,female,1.6,18
1845,male,1.8,66
1846,female,1.6,66
1847,male,1.7,20
1848,male,1.65,39
1849,male,1.8,22
1850,male,1.88,70
1851,male,1.68,70
1852,female,1.55,71
1853,male,1.8,28
1854,male,1.68,67
1855,female,1.62,54
1856,female,1.7,37
1857,male,1.95,43
1858,male,1.8,79
1859,female,1.55,57
1860,female,1.8,67
1861,female,0.6,81
1862,female,1.52,50
1863,male,1.83,37
1864,male,1.6,64
1865,female,1.69,36
1866,female,1.6,74
1867,male,1.82,49
1868,male,1.85,46
1869,female,1.6,68
1870,male,1.71,75
1871,male,1.55,90
1872,male,1.9,54
1873,female,1.6,67
1874,male,1.85,66
1875,female,1.7,46
1876,female,1.56,71
1877,female,1.63,80
1878,female,1.6,88
1879,male,1.76,65
1880,male,1.84,51
1881,female,1.65,83
1882,female,1.65,71
1883,male,1.68,63
1884,female,1.65,74
1885,female,1.58,66
1886,male,1.76,52
1887,male,1.73,77
1888,female,1.68,66
1889,male,1.65,23
1890,female,1.65,65
1891,female,1.62,64
1892,male,1.76,68
1893,female,1.6,73
1894,female,1.6,73
1895,female,1.72,46
1896,male,1.65,55
1897,female,1.8,75
1898,male,1.67,56
1899,male,1.99,43
1900,male,1.75,77
1901,female,1.6,77
1902,female,1.6,71
1903,female,1.68,59
1904,male,1.8,69
1905,male,1.63,47
1906,female,1.6,54
1907,male,1.65,63
1908,male,1.72,72
1909,male,1.75,76
1910,male,1.75,51
1911,female,1.68,69
1912,female,1.56,67
1913,female,1.64,53
1914,female,1.77,69
1915,male,1.7,62
1916,male,1.65,47
1917,male,1.67,57
1918,female,1.6,71
1919,female,1.5,68
1920,female,1.68,83
1921,female,1.68,76
1922,female,1.56,63
1923,male,1.65,77
1924,female,1.55,80
1925,male,1.75,73
1926,female,1.72,70
1927,female,1.65,73
1928,female,1.63,57
1929,male,1.82,68
1930,male,1.8,84
1931,male,1.65,49
1932,female,1.7,70
1933,female,1.64,74
1934,female,1.65,69
1935,female,1.7,76
1936,female,1.62,60
1937,female,1.56,72
1938,male,1.75,76
1939,male,1.76,69
1940,female,1.52,70
1941,female,1.74,52
1942,male,1.7,60
1943,male,1.75,51
1944,female,1.68,43
1945,male,1.83,62
1946,female,1.55,83
1947,male,0.77,66
1948,female,1.65,55
1949,male,1.76,45
1950,female,1.67,48
1951,female,1.63,48
1952,male,1.65,65
1953,male,1.83,65
1954,female,1.64,61
1955,male,1.89,47
1956,male,1.8,25
1957,male,1.65,67
1958,female,1.65,48
1959,male,1.74,47
1960,male,1.7,57
1961,female,1.6,60
1962,female,1.54,77
1963,male,1.6,60
1964,male,1.76,77
1965,female,1.64,69
1966,female,1.74,53
1967,female,1.74,60
1968,male,1.7,57
1969,male,1.84,53
1970,male,1.82,58
1971,female,1.58,45
1972,female,1.67,68
1973,male,1.72,53
1974,male,1.75,64
1975,male,1.68,78
1976,female,1.64,72
1977,female,1.58,75
1978,male,1.75,68
1979,female,1.55,66
1980,female,1.58,71
1981,male,1.75,60
1982,female,1.75,40
1983,male,1.87,38
1984,female,1.68,39
1985,male,1.72,63
1986,male,1.78,61
1987,female,1.64,74
1988,male,1.65,68
1989,male,1.72,75
1990,male,1.76,70
1991,female,1.55,58
1992,male,1.75,47
1993,male,1.7,73
1994,female,1.58,72
1995,male,1.73,72
1996,female,1.8,55
1997,male,1.73,65
1998,male,1.68,52
1999,female,1.62,62
2000,male,1.68,74
2001,male,1.78,75
2002,male,1.76,70
2003,female,1.69,69
2004,female,1.56,76
2005,female,1.59,63
2006,male,1.7,64
2007,female,1.62,60
2008,male,1.6,63
2009,female,1.72,57
2010,male,1.68,61
2011,female,1.8,44
2012,male,1.83,58
2013,female,1.63,69
2014,female,1.58,56
2015,male,1.68,50
2016,female,1.78,47
2017,female,1.6,50
2018,male,1.7,70
2019,female,1.65,57
2020,female,1.6,77
2021,male,1.88,50
2022,male,1.84,37
2023,male,1.8,23
2024,female,1.65,67
2025,female,1.54,65
2026,male,1.89,57
2027,male,1.77,53
2028,male,1.89,52
2029,male,1.93,77
2030,female,1.68,56
2031,female,1.6,51
2032,female,1.65,75
2033,female,1.76,66
2034,male,1.65,73
2035,female,1.65,68
2036,female,1.6,69
2037,male,1.6,80
2038,male,1.85,35
2039,male,1.78,48
2040,female,1.58,59
2041,female,1.61,67
2042,female,1.76,62
2043,male,1.8,61
2044,female,1.58,71
2045,male,1.7,77
2046,male,1.72,74
2047,female,1.64,59
2048,male,1.83,59
2049,male,1.75,77
2050,male,1.7,71
2051,female,1.66,80
2052,male,1.7,58
2053,male,1.7,72
2054,male,1.66,73
2055,female,1.58,56
2056,female,1.58,68
2057,female,1.58,64
2058,female,1.7,49
2059,female,1.7,44
2060,female,1.73,41
2061,female,1.72,37
2062,male,1.8,63
2063,female,1.56,66
2064,male,1.68,73
2065,female,0.8,71
2066,male,1.66,80
2067,female,1.57,63
2068,female,1.6,52
2069,male,1.8,64
2070,female,1.52,51
2071,male,1.75,62
2072,female,1.65,82
2073,female,1.58,61
2074,female,1.6,57
2075,female,1.68,53
2076,female,1.6,63
2077,male,1.84,44
2078,female,1.65,66
2079,male,1.7,61
2080,male,1.65,78
2081,female,1.65,63
2082,male,1.78,76
2083,male,1.65,68
2084,female,1.56,62
2085,male,1.68,70
2086,male,1.55,71
2087,male,1.65,71
2088,female,1.75,37
2089,female,1.65,69
2090,female,1.55,65
2091,female,1.7,67
2092,male,1.63,86
2093,female,1.46,56
2094,female,1.63,72
2095,female,1.59,86
2096,female,1.65,41
2097,female,1.68,53
2098,female,1.61,62
2099,female,1.6,73
2100,female,1.65,49
2101,female,1.78,60
2102,female,1.7,72
2103,male,1.85,66
2104,female,1.62,62
2105,male,1.65,74
2106,female,1.56,84
2107,male,1.82,55
2108,female,1.68,59
2109,male,1.72,63
2110,female,1.67,32
2111,female,1.65,76
2112,female,1.9,44
2113,male,1.8,69
2114,male,1.73,53
2115,male,1.7,75
2116,female,1.6,78
2117,male,1.86,56
2118,female,1.6,46
2119,male,1.85,24
2120,male,1.65,58
2121,male,1.35,10
2122,female,1.72,72
2123,male,1.68,63
2124,male,1.69,75
2125,female,1.65,69
2126,male,1.85,63
2127,male,1.8,69
2128,male,1.78,49
2129,female,1.75,46
2130,male,1.74,73
2131,male,2.1,60
2132,female,1.62,69
2133,male,1.75,65
2134,male,1.72,50
2135,male,1.8,66
2136,female,1.62,65
2137,female,1.6,74
2138,male,1.74,63
2139,male,1.72,65
2140,female,1.57,44
2141,male,1.76,68
2142,male,1.72,70
2143,male,1.73,68
2144,male,1.74,80
2145,female,1.62,56
2146,female,1.64,67
2147,female,1.6,70
2148,female,1.65,39
2149,male,1.72,66
2150,female,1.67,42
2151,male,1.65,60
2152,male,1.8,64
2153,female,1.62,68
2154,female,1.57,70
2155,female,1.68,42
2156,female,1.6,74
2157,female,1.75,55
2158,female,1.71,68
2159,male,1.73,73
2160,female,1.63,23
2161,male,1.84,42
2162,female,1.6,63
2163,female,1.55,63
2164,female,1.5,67
2165,female,1.65,64
2166,male,1.72,72
2167,female,1.67,64
2168,male,1.87,58
2169,female,1.58,70
2170,male,1.66,44
2171,female,1.6,70
2172,female,1.7,76
2173,male,1.72,58
2174,female,1.65,59
2175,male,1.88,60
2176,male,1.65,74
2177,female,1.85,57
2178,male,1.66,82
2179,female,1.56,73
2180,female,1.7,75
2181,female,1.58,58
2182,female,1.58,48
2183,male,1.72,61
2184,male,1.9,57
2185,female,1.6,80
2186,female,1.58,70
2187,male,1.72,86
2188,female,1.55,54
2189,male,1.69,50
2190,male,1.69,63
2191,female,1.55,79
2192,male,1.8,59
2193,male,1.65,79
2194,male,1.84,61
2195,female,1.58,64
2196,female,1.6,60
2197,male,1.68,74
2198,male,1.73,55
2199,male,1.7,72
2200,female,1.6,27
2201,female,1.65,77
2202,female,1.6,74
2203,female,1.58,59
2204,female,1.6,64
2205,female,1.6,70
2206,male,1.8,56
2207,female,1.65,66
2208,male,1.71,59
2209,male,1.82,63
2210,female,1.7,61
2211,female,1.65,68
2212,female,1.58,40
2213,male,1.7,60
2214,male,1.81,79
2215,male,1.67,64
2216,female,1.6,83
2217,female,1.65,60
2218,female,1.53,55
2219,male,1.86,36
2220,female,1.68,60
2221,female,1.67,63
2222,female,1.6,67
2223,female,1.7,60
2224,male,1.7,76
2225,female,1.5,63
2226,female,1.6,75
2227,female,1.52,48
2228,female,1.67,65
2229,female,1.68,76
2230,male,1.81,59
2231,female,1.52,62
2232,male,1.72,44
2233,male,1.65,75
2234,female,1.68,63
2235,male,1.86,67
2236,female,1.62,74
2237,male,1.7,60
2238,male,1.76,58
2239,male,1.65,60
2240,female,1.6,73
2241,female,1.72,39
2242,male,1.7,74
2243,male,1.76,57
2244,male,1.74,71
2245,female,1.7,68
2246,male,1.7,66
2247,male,1.8,70
2248,female,1.6,70
2249,male,1.75,58
2250,male,1.67,55
2251,female,1.7,48
2252,female,1.7,54
2253,male,1.82,55
2254,female,1.65,50
2255,female,1.68,68
2256,female,1.4,83
2257,male,1.9,42
2258,female,1.5,68
2259,male,1.97,40
2260,female,1.65,36
2261,female,1.6,59
2262,female,1.62,55
2263,male,1.76,72
2264,female,1.64,74
2265,male,1.93,46
2266,male,1.65,68
2267,female,1.67,71
2268,female,1.52,58
2269,male,1.7,62
2270,female,1.6,68
2271,female,1.57,77
2272,female,1.6,65
2273,female,1.54,78
2274,female,1.56,70
2275,female,1.64,78
2276,male,1.75,60
2277,female,1.52,62
2278,male,1.73,55
2279,female,1.76,60
2280,male,1.72,68
2281,male,1.9,39
2282,female,1.52,73
2283,female,1.65,67
2284,female,1.68,50
2285,female,1.6,69
2286,male,1.79,78
2287,female,1.76,66
2288,female,1.54,73
2289,male,1.75,73
2290,male,1.8,61
2291,male,1.72,68
2292,male,1.78,61
2293,female,1.7,59
2294,female,1.58,62
2295,female,1.57,65
2296,female,1.65,73
2297,female,0.96,66
2298,female,1.76,48
2299,female,1.78,58
2300,male,1.84,77
2301,female,1.65,59
2302,female,1.64,68
2303,male,1.61,59
2304,male,1.7,63
2305,male,1.78,47
2306,female,1.51,67
2307,male,1.82,61
2308,female,1.76,48
2309,female,1.62,66
2310,female,1.65,65
2311,female,1.67,52
2312,female,1.55,75
2313,female,1.64,63
2314,female,1.64,52
2315,male,1.7,60
2316,male,1.68,74
2317,female,1.76,64
2318,female,1.56,62
2319,female,1.75,68
2320,male,1.68,76
2321,female,1.6,43
2322,female,1.68,56
2323,female,1.57,68
2324,female,1.7,72
2325,male,1.7,56
2326,female,1.64,46
2327,female,1.7,50
2328,male,1.84,34
2329,female,1.82,73
2330,female,1.8,54
2331,male,1.76,62
2332,female,1.61,73
2333,female,1.67,58
2334,male,1.71,66
2335,female,1.6,78
2336,male,1.7,65
2337,female,1.75,73
2338,female,1.68,82
2339,female,1.45,75
2340,male,1.74,80
2341,female,1.59,63
2342,female,1.58,60
2343,female,1.65,63
2344,male,1.86,59
2345,male,1.75,58
2346,female,1.6,49
2347,female,1.6,71
2348,male,1.79,45
2349,female,1.67,50
2350,male,1.8,73
2351,male,1.76,47
2352,male,1.6,62
2353,female,1.68,53
2354,female,1.6,75
2355,male,1.85,53
2356,female,1.65,70
2357,female,1.58,62
2358,male,1.82,21
2359,male,1.72,54
2360,male,1.86,45
2361,female,1.54,54
2362,male,1.8,59
2363,female,1.62,72
2364,female,1.6,73
2365,male,1.7,38
2366,female,1.5,72
2367,female,1.55,56
2368,female,1.67,64
2369,male,1.69,71
2370,female,1.56,62
2371,male,1.77,69
2372,female,1.52,63
2373,female,1.66,70
2374,female,1.65,62
2375,female,1.61,61
2376,female,1.53,56
2377,male,1.8,61
2378,female,1.63,81
2379,male,1.74,54
2380,male,1.76,56
2381,male,1.65,66
2382,male,1.7,74
2383,male,1.8,50
2384,male,1.89,48
2385,female,1.6,81
2386,female,1.64,70
2387,female,1.64,44
2388,male,1.8,44
2389,female,1.7,46
2390,male,1.7,64
2391,female,1.6,51
2392,female,1.67,70
2393,male,1.86,61
2394,male,1.8,74
2395,female,1.58,73
2396,female,1.66,83
2397,female,1.6,72
2398,female,1.68,41
2399,female,1.56,57
2400,female,1.78,50
2401,male,1.8,65
2402,male,1.76,68
2403,female,1.64,63
2404,female,1.63,70
2405,female,1.7,56
2406,male,1.75,67
2407,female,1.62,66
2408,male,1.67,68
2409,male,1.7,60
2410,female,1.74,49
2411,female,1.64,78
2412,male,1.68,68
2413,male,1.76,58
2414,female,1.58,76
2415,female,1.76,62
2416,female,1.45,67
2417,male,1.7,71
2418,female,1.66,73
2419,female,1.65,68
2420,female,1.68,77
2421,female,1.7,58
2422,female,1.64,62
2423,male,1.83,32
2424,female,1.63,52
2425,female,1.46,68
2426,female,1.63,62
2427,female,1.64,81
2428,female,1.63,59
2429,male,1.81,16
2430,female,1.64,65
2431,female,1.65,82
2432,male,1.72,84
2433,male,1.7,58
2434,female,1.6,62
2435,male,1.76,58
2436,female,1.5,76
2437,female,1.68,65
2438,female,1.7,80
2439,male,1.75,73
2440,female,1.7,65
2441,male,1.7,62
2442,male,1.82,64
2443,male,1.77,59
2444,male,1.65,69
2445,female,1.58,60
2446,female,1.72,62
2447,female,1.67,68
2448,male,1.75,70
2449,male,1.85,74
2450,female,1.53,63
2451,male,1.8,57
2452,female,1.55,65
2453,male,1.8,73
2454,female,1.6,60
2455,female,1.6,64
2456,male,1.8,64
2457,female,1.58,72
2458,female,1.5,63
2459,male,1.76,75
2460,male,1.65,62
2461,male,1.85,65
2462,female,1.53,66
2463,female,1.5,82
2464,female,1.58,60
2465,female,1.65,48
2466,female,1.58,66
2467,male,1.72,61
2468,female,1.56,69
2469,male,1.73,56
2470,female,1.7,64
2471,male,1.75,37
2472,male,1.68,70
2473,female,1.6,66
2474,male,1.93,70
2475,male,1.67,68
2476,female,1.67,57
2477,female,1.6,52
2478,male,1.68,71
2479,male,1.69,79
2480,female,1.79,42
2481,female,1.58,82
2482,male,1.8,73
2483,female,1.67,73
2484,male,1.64,69
2485,female,1.58,70
2486,male,1.75,23
2487,male,1.74,63
2488,male,1.72,63
2489,male,1.7,50
2490,female,1.43,69
2491,female,1.55,53
2492,male,1.7,69
2493,male,1.7,69
2494,female,1.68,82
2495,male,1.75,67
2496,female,1.58,33
2497,male,1.75,72
2498,male,1.72,72
2499,female,1.6,77
2500,female,1.65,68
2501,female,1.59,63
2502,female,1.65,53
2503,female,1.56,67
2504,female,1.5,71
2505,male,1.78,64
2506,male,1.72,63
2507,female,1.69,56
2508,male,1.77,77
2509,female,1.52,71
2510,female,1.56,60
2511,female,1.7,46
2512,male,1.53,80
2513,male,1.8,67
2514,female,1.58,72
2515,male,1.72,73
2516,female,1.62,62
2517,female,1.64,25
2518,female,1.55,81
2519,female,1.72,64
2520,male,1.75,35
2521,female,1.57,68
2522,female,1.5,76
2523,female,1.6,66
2524,male,1.68,68
2525,male,1.82,72
2526,female,1.52,65
2527,male,1.65,77
2528,female,1.6,77
2529,female,1.52,66
2530,male,1.7,60
2531,female,1.52,66
2532,male,1.7,85
2533,female,1.53,54
2534,male,1.75,68
2535,female,1.55,67
2536,female,1.74,55
2537,male,1.73,61
2538,female,1.56,64
2539,female,1.57,72
2540,female,1.64,53
2541,male,1.75,60
2542,female,1.6,62
2543,male,1.76,65
2544,female,1.66,42
2545,female,1.72,43
2546,male,1.65,67
2547,male,1.83,68
2548,male,1.8,67
2549,female,1.68,50
2550,female,1.53,57
2551,female,1.73,64
2552,male,1.64,72
2553,male,1.8,70
2554,female,1.52,59
2555,female,1.58,69
2556,male,1.84,53
2557,male,1.7,58
2558,female,1.65,59
2559,female,1.56,68
2560,male,1.78,61
2561,male,1.62,48
2562,male,1.78,79
2563,female,1.6,69
2564,female,1.65,44
2565,female,1.65,62
2566,female,1.58,70
2567,male,1.72,75
2568,male,1.75,80
2569,male,1.74,76
2570,female,1.82,32
2571,male,1.68,63
2572,female,1.56,70
2573,male,1.73,64
2574,male,1.3,68
2575,male,1.78,59
2576,male,1.6,60
2577,male,1.78,66
2578,male,1.94,54
2579,male,1.67,64
2580,female,1.73,62
2581,male,1.7,44
2582,male,1.74,68
2583,female,1.62,68
2584,male,1.84,63
2585,male,1.83,62
2586,female,1.7,70
2587,male,1.85,55
2588,male,1.7,80
2589,female,1.65,66
2590,female,1.68,79
2591,male,1.73,42
2592,female,1.6,51
2593,female,1.66,68
2594,female,1.65,50
2595,female,1.67,41
2596,male,1.94,27
2597,male,1.72,41
2598,female,1.73,76
2599,female,1.51,70
2600,male,1.71,50
2601,female,1.55,62
2602,male,1.8,64
2603,male,1.65,64
2604,female,1.5,78
2605,female,1.68,60
2606,male,1.87,39
2607,female,1.64,48
2608,female,1.5,67
2609,male,1.74,70
2610,female,1.7,64
2611,male,1.76,36
2612,female,1.52,71
2613,female,1.71,62
2614,female,1.65,47
2615,male,1.8,74
2616,female,1.6,64
2617,female,1.6,80
2618,female,1.6,64
2619,female,1.59,60
2620,female,1.69,54
2621,male,1.85,77
2622,male,1.65,62
2623,male,1.79,61
2624,female,1.6,81
2625,female,1.62,62
2626,female,1.5,70
2627,female,1.62,39
2628,male,1.76,73
2629,male,1.8,37
2630,female,1.78,67
2631,female,1.58,75
2632,female,1.63,59
2633,female,1.69,68
2634,male,1.95,62
2635,female,1.64,66
2636,female,1.62,65
2637,female,1.74,71
2638,female,1.69,76
2639,female,1.65,77
2640,female,1.7,75
2641,male,1.9,28
2642,male,1.75,74
2643,female,1.6,52
2644,female,1.65,67
2645,male,1.78,64
2646,female,1.67,29
2647,male,1.87,64
2648,female,1.54,30
2649,female,1.7,60
2650,female,1.63,37
2651,female,1.56,47
2652,female,1.55,76
2653,female,1.72,58
2654,female,1.59,33
2655,female,1.68,65
2656,female,1.56,68
2657,male,1.7,71
2658,female,1.65,67
2659,female,1.7,50
2660,male,1.65,74
2661,female,1.6,57
2662,male,1.57,73
2663,female,1.7,53
2664,female,1.6,83
2665,male,1.7,76
2666,female,1.75,43
2667,female,1.7,66
2668,male,1.72,38
2669,female,1.55,57
2670,female,1.55,63
2671,female,1.54,61
2672,male,1.78,74
2673,female,1.68,78
2674,male,1.7,76
2675,male,1.8,27
2676,male,1.61,77
2677,female,1.56,77
2678,female,1.65,73
2679,male,1.72,77
2680,male,0.9,77
2681,female,1.7,11
2682,female,1.58,81
2683,female,1.7,79
2684,female,1.65,68
2685,male,1.79,63
2686,female,1.56,75
2687,female,1.66,51
2688,male,1.7,62
2689,female,1.6,52
2690,female,1.58,63
2691,female,1.54,71
2692,female,1.65,82
2693,male,1.69,46
2694,female,1.59,81
2695,female,1.62,65
2696,male,1.78,59
2697,male,1.5,58
2698,female,1.67,55
2699,male,1.75,55
2700,female,1.59,71
2701,male,1.84,47
2702,female,1.66,66
2703,female,1.51,77
2704,female,1.58,70
2705,female,1.6,74
2706,female,1.52,66
2707,male,1.75,62
2708,male,1.75,61
2709,male,1.6,75
2710,male,1.78,66
2711,male,1.7,81
2712,female,1.65,59
2713,male,1.78,41
2714,male,1.72,63
2715,male,1.73,69
2716,female,1.6,60
2717,female,1.64,50
2718,male,1.76,69
2719,male,1.72,73
2720,female,1.7,51
2721,male,1.72,66
2722,male,1.7,83
2723,male,1.89,43
2724,female,1.5,52
2725,male,1.8,43
2726,female,1.55,61
2727,male,1.73,63
2728,male,1.9,40
2729,male,1.73,66
2730,male,1.82,71
2731,female,1.65,72
2732,male,1.7,60
2733,female,1.53,70
2734,male,1.72,56
2735,male,1.64,69
2736,male,1.77,70
2737,female,1.63,55
2738,female,1.65,46
2739,female,1.64,69
2740,male,1.8,70
2741,male,1.65,79
2742,female,1.62,70
2743,female,1.68,55
2744,female,1.6,64
2745,male,1.7,70
2746,female,1.62,59
2747,male,1.8,52
2748,female,1.68,50
2749,female,1.7,67
2750,male,1.73,55
2751,female,1.56,45
2752,male,1.8,46
2753,male,1.78,69
2754,female,1.62,67
2755,male,1.8,58
2756,female,1.67,67
2757,male,1.78,56
2758,female,1.7,60
2759,male,1.7,78
2760,male,1.7,59
2761,male,1.86,51
2762,female,1.7,64
2763,male,1.7,78
2764,male,1.7,54
2765,male,1.7,68
2766,female,1.68,86
2767,female,1.77,24
2768,female,1.7,59
2769,male,1.72,61
2770,female,1.64,79
2771,female,1.68,68
2772,male,1.88,60
2773,male,1.75,55
2774,female,1.6,64
2775,female,1.56,73
2776,female,1.62,72
2777,male,1.78,68
2778,male,1.72,65
2779,male,1.7,36
2780,female,1.7,67
2781,female,1.7,67
2782,female,1.72,64
2783,male,1.75,57
2784,male,1.72,71
2785,male,1.7,70
2786,female,1.68,83
2787,male,1.7,73
2788,male,1.75,71
2789,female,1.45,70
2790,female,1.6,59
2791,female,1.5,68
2792,female,1.58,32
2793,female,1.58,59
2794,female,1.62,50
2795,male,1.5,59
2796,female,1.68,51
2797,male,1.67,58
2798,male,1.7,80
2799,male,1.7,65
2800,female,1.58,62
2801,male,1.78,38
2802,female,1.54,59
2803,male,1.8,52
2804,female,1.58,72
2805,female,1.63,87
2806,male,1.78,54
2807,male,1.65,61
2808,female,1.5,71
2809,male,1.65,61
2810,male,1.73,62
2811,female,1.6,85
2812,female,1.5,71
2813,female,1.7,47
2814,male,1.82,44
2815,male,1.8,71
2816,female,1.6,66
2817,female,1.66,71
2818,male,1.8,51
2819,female,1.56,74
2820,female,1.6,67
2821,male,1.7,59
2822,male,1.93,62
2823,female,1.68,48
2824,male,1.75,77
2825,male,1.65,55
2826,female,1.52,59
2827,female,1.71,47
2828,female,1.76,63
2829,male,1.75,67
2830,male,1.8,87
2831,female,1.67,31
2832,male,1.76,66
2833,female,1.6,62
2834,male,1.74,72
2835,male,1.7,50
2836,female,1.72,64
2837,female,1.58,69
2838,female,1.7,69
2839,female,1.65,62
2840,female,1.72,55
2841,male,1.73,48
2842,male,1.93,21
2843,female,1.64,65
2844,male,1.68,70
2845,male,1.8,71
2846,male,1.6,52
2847,male,1.8,29
2848,male,1.8,59
2849,male,1.7,69
2850,male,1.84,64
2851,female,1.72,40
2852,male,1.7,75
2853,male,1.65,78
2854,female,1.53,77
2855,female,1.7,47
2856,female,1.65,51
2857,female,1.6,74
2858,female,1.76,81
2859,male,1.68,68
2860,female,1.74,33
2861,female,1.68,75
2862,male,1.65,62
2863,male,1.8,64
2864,male,1.74,68
2865,male,1.81,59
2866,male,1.75,87
2867,female,1.61,70
2868,female,1.6,79
2869,male,1.69,75
2870,male,1.78,69
2871,male,1.89,48
2872,female,1.56,76
2873,male,1.64,77
2874,female,1.69,66
2875,female,1.64,66
2876,female,1.62,64
2877,male,1.65,71
2878,male,1.75,81
2879,male,1.83,76
2880,male,1.72,36
2881,male,1.8,46
2882,female,1.53,28
2883,female,1.76,61
2884,female,1.6,63
2885,female,1.62,74
2886,female,1.6,63
2887,female,1.64,50
2888,male,1.7,55
2889,female,1.65,52
2890,male,1.7,77
2891,female,1.68,36
2892,female,1.58,60
2893,female,1.63,49
2894,male,1.8,41
2895,female,1.67,66
2896,male,1.74,59
2897,female,1.58,59
2898,male,1.68,58
2899,female,1.63,67
2900,male,1.68,39
2901,male,1.7,61
2902,male,1.8,44
2903,female,1.56,62
2904,female,1.55,66
2905,male,1.73,64
2906,female,1.62,72
2907,female,1.52,73
2908,male,1.76,67
2909,female,1.65,57
2910,male,1.7,66
2911,female,1.6,63
2912,male,1.76,55
2913,female,1.63,45
2914,female,1.58,67
2915,male,1.76,63
2916,female,1.78,58
2917,female,1.6,60
2918,female,1.7,69
2919,female,1.56,68
2920,female,1.5,70
2921,female,1.67,66
2922,male,1.78,71
2923,female,1.6,70
2924,male,1.77,68
2925,female,1.68,51
2926,male,1.75,48
2927,female,1.6,70
2928,female,1.68,30
2929,female,1.6,87
2930,male,1.7,67
2931,male,1.8,38
2932,male,0.98,3
2933,male,1.82,72
2934,female,1.55,61
2935,male,1.74,77
2936,female,1.65,53
2937,female,1.67,80
2938,female,1.72,55
2939,female,1.6,78
2940,female,1.67,76
2941,female,1.78,31
2942,female,1.65,83
2943,female,1.68,70
2944,female,1.68,11
2945,female,1.69,38
2946,female,1.78,66
2947,female,1.55,76
2948,male,1.84,47
2949,female,1.65,61
2950,male,1.86,49
2951,male,1.78,63
2952,female,1.58,75
2953,female,1.62,70
2954,male,1.7,62
2955,male,1.75,73
2956,female,1.57,64
2957,female,1.74,65
2958,female,1.5,63
2959,female,1.64,64
2960,male,1.78,72
2961,male,1.8,76
2962,male,1.85,47
2963,male,1.7,74
2964,female,1.7,64
2965,female,1.65,71
2966,male,1.75,67
2967,male,1.76,56
2968,male,1.77,57
2969,female,1.69,31
2970,female,1.57,78
2971,female,1.6,66
2972,female,1.55,59
2973,female,1.64,64
2974,female,1.52,75
2975,female,1.7,51
2976,male,1.73,68
2977,male,1.7,78
2978,female,1.57,75
2979,male,1.76,38
2980,female,1.73,55
2981,female,1.64,61
2982,male,1.64,65
2983,male,1.8,54
2984,female,1.5,64
2985,female,1.7,29
2986,female,1.5,69
2987,female,1.65,68
2988,male,1.84,31
2989,male,1.8,57
2990,male,1.82,60
2991,female,1.73,63
2992,male,1.7,75
2993,female,1.58,64
2994,female,1.52,75
2995,male,1.61,72
2996,female,1.5,46
2997,female,1.7,47
2998,male,1.75,73
2999,male,1.63,70
3000,female,1.72,80
3001,female,1.7,68
3002,female,1.7,21
3003,female,1.54,63
3004,female,1.52,62
3005,male,1.8,62
3006,male,1.78,42
3007,male,1.67,64
3008,female,1.6,65
3009,female,1.6,74
3010,female,1.6,63
3011,male,1.78,61
3012,female,1.6,57
3013,male,1.72,66
3014,female,1.7,64
3015,male,1.73,81
3016,female,1.58,68
3017,male,1.7,66
3018,male,1.72,86
3019,male,1.68,67
3020,female,1.68,54
3021,male,1.8,76
3022,male,1.62,62
3023,male,1.78,72
3024,female,1.58,59
3025,female,1.78,34
3026,female,1.56,56
3027,female,1.65,44
3028,female,1.65,70
3029,female,1.69,63
3030,female,1.62,77
3031,female,1.62,68
3032,male,1.74,63
3033,male,1.8,39
3034,male,1.76,66
3035,female,1.7,70
3036,female,1.6,72
3037,female,1.5,88
3038,female,1.67,43
3039,female,1.65,40
3040,male,1.73,66
3041,male,1.82,75
3042,female,1.6,46
3043,male,1.74,80
3044,male,1.73,40
3045,female,1.6,73
3046,female,1.58,60
3047,female,1.6,72
3048,female,1.72,67
3049,female,1.65,76
3050,female,1.64,59
3051,female,1.65,53
3052,female,1.6,78
3053,male,1.63,97
3054,male,1.95,33
3055,male,1.74,67
3056,female,1.58,56
3057,female,1.58,66
3058,male,1.66,83
3059,female,1.67,52
3060,male,1.85,64
3061,female,1.67,41
3062,male,1.72,82
3063,female,1.7,41
3064,female,1.8,63
3065,male,1.76,72
3066,female,1.58,64
3067,female,1.64,85
3068,female,1.62,40
3069,female,1.72,62
3070,female,1.6,55
3071,female,1.52,65
3072,male,1.67,67
3073,female,1.65,50
3074,male,1.64,46
3075,male,1.73,66
3076,female,1.7,63
3077,male,1.75,66
3078,male,1.7,78
3079,female,1.68,62
3080,male,1.76,67
3081,female,1.65,60
3082,female,1.72,53
3083,female,1.64,80
3084,male,1.81,59
3085,female,1.65,66
3086,male,1.65,68
3087,female,1.5,76
3088,female,1.7,75
3089,female,1.73,32
3090,female,1.6,63
3091,male,1.65,68
3092,female,1.68,68
3093,female,1.56,81
3094,male,1.74,70
3095,male,1.6,93
3096,male,1.7,61
3097,female,1.65,73
3098,female,1.65,69
3099,male,1.6,67
3100,male,1.8,61
3101,female,1.5,52
3102,female,1.65,76
3103,male,1.6,64
3104,female,1.7,67
3105,male,1.7,76
3106,female,1.63,76
3107,female,1.57,74
3108,male,1.76,76
3109,male,1.75,77
3110,male,1.8,70
3111,female,1.64,60
3112,female,1.67,52
3113,male,1.85,55
3114,female,1.65,49
3115,female,1.5,67
3116,male,1.85,76
3117,female,1.65,86
3118,male,1.76,58
3119,female,1.6,29
3120,female,1.58,40
3121,female,1.65,68
3122,female,1.65,73
3123,male,1.85,73
3124,male,1.75,71
3125,female,1.65,60
3126,male,1.82,46
3127,male,1.67,59
3128,male,1.7,52
3129,male,1.82,75
3130,male,1.72,74
3131,female,1.75,57
3132,female,1.0,71
3133,female,1.78,51
3134,female,1.73,48
3135,female,1.65,58
3136,male,1.68,68
3137,female,1.54,65
3138,female,1.63,57
3139,male,1.62,72
3140,female,1.65,77
3141,male,1.78,72
3142,female,1.75,43
3143,female,1.56,43
3144,female,1.73,54
3145,male,1.78,77
3146,female,1.65,50
3147,female,1.6,79
3148,female,1.65,56
3149,male,1.74,53
3150,male,1.6,71
3151,female,1.65,76
3152,male,1.63,85
3153,female,1.5,58
3154,female,1.64,39
3155,male,1.75,62
3156,male,1.7,56
3157,female,1.6,42
3158,female,1.69,86
3159,female,1.65,56
3160,male,1.9,61
3161,male,1.82,39
3162,female,1.65,59
3163,female,1.6,60
3164,male,1.64,68
3165,female,1.6,68
3166,male,1.8,71
3167,male,1.71,40
3168,male,1.66,79
3169,female,1.52,59
3170,female,1.58,61
3171,female,1.77,29
3172,female,1.72,48
3173,female,1.71,23
3174,female,1.68,66
3175,male,1.58,63
3176,female,1.64,69
3177,male,1.73,29
3178,female,1.6,51
3179,female,1.65,67
3180,male,1.84,60
3181,female,1.7,41
3182,male,1.73,47
3183,female,1.64,64
3184,male,1.75,41
3185,female,1.53,49
3186,female,1.55,55
3187,female,1.55,69
3188,female,1.7,78
3189,female,1.67,53
3190,female,1.64,71
3191,female,1.58,62
3192,female,1.68,56
3193,female,1.5,59
3194,male,1.78,59
3195,female,1.64,70
3196,male,1.65,80
3197,female,1.7,49
3198,male,1.6,66
3199,female,1.7,65
3200,female,1.68,63
3201,male,1.76,63
3202,male,1.62,53
3203,female,1.5,75
3204,male,1.27,66
3205,female,1.55,60
3206,female,1.56,74
3207,male,1.74,66
3208,male,1.74,67
3209,male,1.7,59
3210,male,1.65,57
3211,female,1.68,60
3212,female,1.56,27
3213,male,1.78,64
3214,male,1.65,66
3215,male,1.78,64
3216,female,1.75,40
3217,female,1.55,86
3218,male,1.7,76
3219,female,1.71,63
3220,female,1.5,46
3221,female,1.57,57
3222,female,1.71,44
3223,male,1.82,65
3224,female,1.5,69
3225,female,1.65,65
3226,female,1.5,64
3227,female,1.7,68
3228,male,1.7,74
3229,female,1.71,58
3230,male,1.8,66
3231,female,1.56,68
3232,female,1.64,58
3233,female,1.65,66
3234,female,1.5,56
3235,female,1.5,60
3236,male,1.75,68
3237,female,1.7,53
3238,female,1.56,68
3239,male,1.68,63
3240,female,1.6,50
3241,male,1.7,25
3242,male,1.76,84
3243,female,1.67,59
3244,female,1.54,73
3245,male,1.74,72
3246,female,1.58,45
3247,female,1.64,73
3248,female,1.6,71
3249,male,1.75,36
3250,female,1.56,60
3251,female,1.64,59
3252,male,1.65,64
3253,female,1.6,81
3254,female,1.64,39
3255,male,1.4,77
3256,male,1.73,69
3257,female,1.64,53
3258,male,1.77,45
3259,male,1.7,51
3260,female,1.62,52
3261,female,1.58,74
3262,male,1.78,71
3263,male,1.68,48
3264,male,1.68,55
3265,male,1.65,47
3266,female,1.58,57
3267,female,1.6,76
3268,female,1.5,66
3269,female,1.56,77
3270,male,1.64,80
3271,female,1.7,59
3272,female,1.6,67
3273,male,1.72,76
3274,male,1.76,65
3275,male,1.76,57
3276,female,1.73,41
3277,male,1.8,52
3278,female,1.58,76
3279,female,1.62,69
3280,female,1.56,57
3281,female,1.55,77
3282,male,1.75,59
3283,male,1.65,57
3284,male,1.65,76
3285,female,1.64,60
3286,female,1.6,76
3287,female,1.63,49
3288,female,1.58,64
3289,male,1.85,46
3290,female,1.58,52
3291,male,1.82,59
3292,male,1.65,63
3293,male,1.78,65
3294,male,1.7,59
3295,male,1.6,65
3296,male,1.7,34
3297,female,1.64,72
3298,male,1.73,49
3299,female,1.68,73
3300,male,1.7,70
3301,female,1.65,50
3302,male,1.92,62
3303,female,1.83,41
3304,female,1.56,48
3305,female,1.68,57
3306,male,1.82,42
3307,male,1.8,61
3308,female,1.5,50
3309,female,1.72,54
3310,male,1.55,76
3311,female,1.65,74
3312,male,1.72,70
3313,female,1.57,71
3314,male,1.76,74
3315,female,1.65,47
3316,female,1.53,65
3317,female,1.58,82
3318,male,1.9,28
3319,female,1.58,41
3320,female,1.5,69
3321,female,1.68,56
3322,female,1.66,69
3323,female,1.64,41
3324,male,1.75,53
3325,male,1.75,67
3326,male,1.74,56
3327,male,1.75,68
3328,female,1.58,85
3329,male,1.76,55
3330,female,1.6,75
3331,female,1.67,69
3332,female,1.75,64
3333,female,1.65,55
3334,female,1.62,67
3335,male,1.78,72
3336,male,1.65,74
3337,male,1.78,71
3338,male,1.74,37
3339,male,1.8,66
3340,female,1.64,73
3341,female,1.66,56
3342,male,1.82,71
3343,female,1.71,21
3344,female,1.58,61
3345,male,1.8,71
3346,female,1.58,45
3347,female,1.5,51
3348,female,1.58,60
3349,female,1.61,67
3350,female,1.7,73
3351,male,1.83,63
3352,female,1.7,51
3353,female,1.53,73
3354,female,1.67,68
3355,female,1.68,54
3356,male,1.68,86
3357,female,1.6,58
3358,male,1.72,63
3359,female,1.52,60
3360,female,1.54,59
3361,male,1.75,66
3362,female,1.62,75
3363,female,1.5,71
3364,female,1.7,68
3365,female,1.59,19
3366,female,1.63,64
3367,female,1.7,64
3368,female,1.63,53
3369,female,1.67,47
3370,male,1.6,73
3371,female,1.6,75
3372,female,1.7,49
3373,female,1.56,75
3374,female,1.65,66
3375,male,1.71,65
3376,male,1.72,68
3377,female,1.62,81
3378,male,1.64,66
3379,male,1.82,56
3380,male,1.7,83
3381,male,1.7,50
3382,female,1.6,59
3383,male,1.78,62
3384,female,1.58,65
3385,male,1.73,87
3386,female,1.67,70
3387,female,1.58,80
3388,male,1.7,59
3389,male,1.67,71
3390,female,1.67,59
3391,male,1.6,69
3392,female,1.65,66
3393,female,1.6,73
3394,female,1.6,30
3395,female,1.53,67
3396,male,1.65,49
3397,female,1.58,60
3398,male,1.75,57
3399,female,1.68,64
3400,male,1.76,59
3401,male,1.73,63
3402,female,1.62,67
3403,female,1.7,64
3404,female,1.56,77
3405,female,1.65,57
3406,male,1.68,56
3407,female,1.5,76
3408,female,1.56,63
3409,female,1.54,70
3410,female,1.58,69
3411,female,1.5,70
3412,male,1.76,54
3413,female,1.7,72
3414,male,1.78,76
3415,male,1.75,73
3416,male,1.74,41
3417,female,1.58,77
3418,male,1.8,49
3419,male,1.65,64
3420,female,1.65,61
3421,female,1.6,75
3422,female,1.52,71
3423,female,1.75,56
3424,female,1.64,71
3425,female,1.7,73
3426,female,1.7,66
3427,female,1.61,72
3428,female,1.6,69
3429,female,1.53,79
3430,female,1.64,54
3431,female,1.55,71
3432,female,1.7,68
3433,female,1.6,66
3434,female,1.58,77
3435,male,1.78,60
3436,male,1.72,72
3437,female,1.59,48
3438,female,1.65,52
3439,female,1.6,61
3440,male,1.67,75
3441,female,1.64,67
3442,male,1.72,51
3443,male,1.7,64
3444,male,1.65,78
3445,female,1.72,49
3446,female,1.7,82
3447,male,1.8,54
3448,male,1.64,68
3449,female,1.52,78
3450,female,1.63,76
3451,female,1.7,71
3452,male,1.77,52
3453,female,1.65,55
3454,female,1.58,65
3455,male,1.72,75
3456,male,1.72,70
3457,male,1.72,72
3458,male,1.81,25
3459,female,1.68,60
3460,female,1.6,73
3461,female,0.58,74
3462,female,1.6,82
3463,male,0.88,2
3464,male,1.7,57
3465,female,1.6,61
3466,female,1.55,59
3467,female,1.55,43
3468,male,1.75,42
3469,female,1.62,75
3470,female,1.55,64
3471,female,1.68,39
3472,male,1.66,72
3473,male,1.6,65
3474,male,1.7,68
3475,male,1.82,63
3476,male,1.67,70
3477,male,1.8,53
3478,male,1.7,54
3479,female,1.63,62
3480,male,1.74,64
3481,male,1.82,38
3482,male,1.7,76
3483,female,1.58,76
3484,female,1.72,76
3485,male,1.83,43
3486,female,1.57,45
3487,female,1.68,64
3488,male,1.67,56
3489,female,1.69,51
3490,female,1.66,25
3491,male,1.76,55
3492,male,1.72,77
3493,male,1.7,61
3494,female,1.68,57
3495,female,1.7,75
3496,male,1.78,44
3497,male,1.69,60
3498,male,1.7,69
3499,male,1.65,69
3500,female,1.6,84
3501,female,1.66,68
3502,female,1.62,65
3503,female,1.57,63
3504,female,1.7,43
3505,female,1.58,56
3506,male,1.6,63
3507,male,1.75,79
3508,male,1.71,65
3509,male,1.73,55
3510,female,1.7,85
3511,female,1.58,78
3512,female,1.5,62
3513,male,1.74,70
3514,female,1.7,62
3515,male,1.75,71
3516,male,1.78,77
3517,male,1.76,63
3518,male,1.7,60
3519,male,1.72,67
3520,female,1.64,82
3521,male,1.8,73
3522,male,1.75,58
3523,female,1.6,72
3524,male,1.56,65
3525,male,1.7,76
3526,female,1.5,63
3527,female,1.63,68
3528,female,1.55,63
3529,female,1.62,62
3530,female,1.65,26
3531,female,1.71,33
3532,male,1.67,65
3533,female,1.76,74
3534,female,1.53,59
3535,female,1.56,63
3536,female,1.68,59
3537,female,1.67,59
3538,male,1.86,44
3539,female,1.64,47
3540,male,1.76,74
3541,male,1.75,44
3542,female,1.65,79
3543,male,1.82,61
3544,male,1.83,47
3545,male,1.75,62
3546,female,1.65,86
3547,male,1.75,81
3548,female,1.65,56
3549,female,1.5,58
3550,female,1.64,34
3551,female,1.68,88
3552,male,1.7,46
3553,female,1.76,57
3554,female,1.7,78
3555,male,1.6,81
3556,male,1.68,81
3557,male,1.7,83
3558,female,1.58,48
3559,male,1.8,64
3560,male,1.81,67
3561,male,1.76,62
3562,female,1.65,55
3563,female,1.64,60
3564,male,1.67,69
3565,male,1.7,85
3566,male,1.78,37
3567,female,1.55,71
3568,male,1.78,28
3569,female,1.6,79
3570,female,1.5,55
3571,female,1.7,68
3572,male,1.75,59
3573,male,1.75,63
3574,male,1.68,73
3575,female,1.65,56
3576,female,1.6,64
3577,male,1.75,32
3578,male,1.78,59
3579,male,1.6,78
3580,female,1.68,72
3581,female,1.63,63
3582,male,1.76,70
3583,female,1.67,62
3584,male,1.64,64
3585,male,1.75,60
3586,female,1.65,72
3587,male,1.65,68
3588,male,1.8,50
3589,female,1.62,63
3590,female,1.65,76
3591,female,1.58,64
3592,female,1.62,71
3593,female,1.65,62
3594,female,1.78,40
3595,male,1.72,72
3596,male,1.78,53
3597,male,1.7,64
3598,female,1.74,38
3599,male,1.8,75
3600,male,1.75,74
3601,female,1.7,54
3602,female,1.6,66
3603,female,1.54,69
3604,male,1.72,52
3605,female,1.74,34
3606,male,1.83,57
3607,male,1.69,27
3608,female,1.5,49
3609,male,1.75,75
3610,female,1.7,57
3611,female,1.63,61
3612,male,1.68,68
3613,male,1.75,51
3614,female,1.76,81
3615,female,1.65,55
3616,female,1.55,68
3617,female,1.68,54
3618,female,1.7,76
3619,female,1.5,66
3620,female,1.58,73
3621,male,1.69,84
3622,male,1.76,77
3623,female,1.68,73
3624,female,1.67,59
3625,female,1.83,50
3626,male,1.82,56
3627,female,1.65,56
3628,male,1.74,89
3629,female,1.53,80
3630,female,1.6,54
3631,female,1.52,72
3632,male,1.73,66
3633,female,1.5,73
3634,female,1.65,66
3635,female,1.64,60
3636,male,1.78,53
3637,male,1.7,76
3638,male,1.7,74
3639,male,1.7,74
3640,female,1.68,60
3641,female,1.6,46
3642,male,1.7,85
3643,female,1.7,75
3644,female,1.65,71
3645,male,1.8,40
3646,male,1.9,39
3647,male,1.89,47
3648,female,1.65,66
3649,female,1.6,79
3650,male,1.7,51
3651,female,1.5,71
3652,female,1.65,56
3653,female,1.6,43
3654,male,0.75,76
3655,male,1.7,43
3656,female,1.61,61
3657,female,1.67,64
3658,male,1.62,88
3659,female,1.5,62
3660,female,1.76,71
3661,male,1.7,58
3662,female,1.65,74
3663,female,1.69,68
3664,female,1.6,71
3665,female,1.7,40
3666,female,1.6,74
3667,male,1.78,55
3668,male,1.74,81
3669,male,1.82,58
3670,male,1.85,53
3671,male,1.57,51
3672,female,1.67,69
3673,female,1.64,65
3674,male,1.84,75
3675,female,1.68,70
3676,female,1.7,46
3677,female,1.63,73
3678,male,1.8,72
3679,male,1.8,73
3680,male,1.82,71
3681,female,1.62,54
3682,male,1.75,75
3683,female,1.7,67
3684,female,1.64,54
3685,female,1.67,74
3686,female,1.46,80
3687,male,1.89,54
3688,female,1.65,57
3689,female,1.62,86
3690,male,1.86,67
3691,female,1.72,68
3692,male,1.83,41
3693,female,1.58,56
3694,male,1.75,58
3695,female,1.7,56
3696,female,1.6,40
3697,male,1.65,74
3698,male,1.67,74
3699,female,1.52,62
3700,male,1.7,84
3701,male,1.7,67
3702,female,1.67,44
3703,male,1.67,65
3704,female,1.65,48
3705,female,1.65,50
3706,female,1.56,43
3707,male,1.6,68
3708,female,1.8,50
3709,female,1.7,62
3710,female,1.57,53
3711,female,1.5,59
3712,female,1.65,44
3713,female,1.65,46
3714,male,1.7,64
3715,male,1.75,86
3716,male,1.67,52
3717,female,1.63,71
3718,female,1.58,62
3719,male,1.65,68
3720,male,1.67,43
3721,female,1.67,72
3722,male,1.85,29
3723,female,1.75,54
3724,male,1.65,68
3725,female,1.65,66
3726,male,1.76,67
3727,male,1.78,47
3728,female,1.62,62
3729,female,1.7,47
3730,male,1.82,43
3731,female,1.55,63
3732,male,1.72,54
3733,male,1.67,62
3734,female,1.62,65
3735,female,1.62,58
3736,female,1.5,66
3737,female,1.72,60
3738,female,1.55,42
3739,male,1.72,62
3740,male,1.88,67
3741,male,1.74,62
3742,female,1.54,72
3743,female,1.58,69
3744,female,1.64,61
3745,female,1.55,70
3746,male,1.75,53
3747,female,1.7,70
3748,male,1.76,75
3749,male,1.75,58
3750,female,1.6,65
3751,female,1.52,59
3752,female,1.5,74
3753,female,1.7,74
3754,male,1.7,76
3755,female,1.68,65
3756,male,1.67,75
3757,male,1.55,71
3758,male,1.8,53
3759,male,1.78,77
3760,female,1.68,46
3761,female,1.69,82
3762,male,1.93,29
3763,male,1.82,52
3764,female,1.5,74
3765,male,1.6,63
3766,female,1.6,79
3767,female,1.72,64
3768,male,1.85,64
3769,male,1.56,60
3770,male,1.65,64
3771,female,1.74,70
3772,female,1.68,78
3773,male,1.7,68
3774,male,1.73,75
3775,female,1.67,64
3776,female,1.78,38
3777,female,1.5,65
3778,female,1.55,80
3779,female,1.54,70
3780,female,1.62,73
3781,female,1.7,62
3782,male,1.77,43
3783,female,1.52,76
3784,male,1.68,77
3785,male,1.78,63
3786,female,1.58,63
3787,female,1.76,51
3788,male,1.72,67
3789,female,1.72,46
3790,female,1.59,55
3791,male,1.74,69
3792,male,1.76,67
3793,male,1.85,62
3794,female,1.7,70
3795,female,1.58,64
3796,female,1.64,68
3797,female,1.56,38
3798,male,1.72,69
3799,female,1.48,57
3800,female,1.69,84
3801,male,1.76,59
3802,male,1.7,73
3803,male,1.73,78
3804,male,1.8,23
3805,female,1.68,71
3806,male,1.72,72
3807,male,1.76,68
3808,female,1.6,62
3809,female,1.4,76
3810,male,1.87,59
3811,male,1.6,79
3812,female,1.65,81
3813,female,1.73,72
3814,female,1.78,52
3815,female,1.64,43
3816,female,1.6,74
3817,male,1.68,61
3818,female,1.64,57
3819,female,1.5,84
3820,male,1.8,25
3821,female,1.7,48
3822,male,1.75,44
3823,male,1.85,78
3824,female,1.55,45
3825,male,1.7,70
3826,female,1.7,51
3827,female,1.5,84
3828,male,1.78,63
3829,female,1.67,66
3830,female,1.63,43
3831,female,1.63,71
3832,female,1.6,68
3833,female,1.64,78
3834,male,1.66,59
3835,female,1.68,36
3836,male,1.9,62
3837,female,1.5,91
3838,female,1.5,94
3839,female,1.6,77
3840,female,1.48,50
3841,female,1.82,47
3842,female,1.55,70
3843,female,1.6,66
3844,female,1.7,74
3845,male,1.68,53
3846,female,1.67,68
3847,male,1.75,55
3848,male,1.78,56
3849,male,2.0,41
3850,female,1.67,55
3851,female,1.53,70
3852,female,1.56,76
3853,male,1.7,44
3854,female,1.72,52
3855,female,1.65,69
3856,female,1.56,62
3857,male,1.62,76
3858,male,1.77,71
3859,female,1.54,71
3860,male,1.68,51
3861,female,1.7,57
3862,male,1.7,48
3863,female,1.65,69
3864,female,1.61,67
3865,male,1.75,46
3866,male,1.65,75
3867,female,1.63,30
3868,female,1.58,50
3869,male,1.76,59
3870,female,1.56,77
3871,female,1.5,75
3872,male,1.71,75
3873,male,1.68,73
3874,female,1.68,52
3875,male,1.75,32
3876,female,1.56,60
3877,female,1.7,81
3878,male,1.83,63
3879,female,1.65,70
3880,female,1.65,72
3881,male,1.83,70
3882,male,1.8,60
3883,female,1.68,56
3884,male,1.8,61
3885,male,1.76,70
3886,male,1.82,62
3887,male,1.8,76
3888,male,1.62,61
3889,male,1.8,65
3890,male,1.75,62
3891,male,1.87,49
3892,female,1.6,45
3893,male,1.8,49
3894,male,1.56,72
3895,male,1.68,76
3896,female,1.7,89
3897,female,1.6,63
3898,female,1.58,58
3899,male,1.72,70
3900,female,1.75,61
3901,male,1.87,60
3902,female,1.55,83
3903,male,16.75,63
3904,male,1.72,66
3905,male,1.85,66
3906,female,1.72,70
3907,male,1.68,68
3908,male,1.8,77
3909,female,1.68,34
3910,female,1.58,44
3911,male,1.76,64
3912,female,1.64,58
3913,male,1.7,84
3914,female,1.56,58
3915,female,1.65,32
3916,female,1.7,68
3917,male,1.8,78
3918,male,1.72,77
3919,male,1.74,71
3920,male,1.72,62
3921,female,1.58,58
3922,female,1.64,48
3923,male,1.73,83
3924,male,1.86,74
3925,female,1.52,42
3926,female,1.67,50
3927,female,1.64,64
3928,female,1.73,30
3929,female,0.65,88
3930,male,1.7,51
3931,female,1.6,52
3932,female,1.67,73
3933,female,1.65,64
3934,male,1.85,75
3935,male,1.78,74
3936,female,1.65,81
3937,female,1.7,53
3938,female,1.55,77
3939,female,1.64,65
3940,female,1.67,70
3941,female,1.6,66
3942,male,1.72,58
3943,female,1.66,68
3944,female,1.64,83
3945,male,1.8,66
3946,male,1.7,58
3947,female,1.53,62
3948,female,1.58,65
3949,female,1.64,57
3950,male,1.82,59
3951,female,1.5,58
3952,female,1.58,59
3953,female,1.56,45
3954,female,1.58,62
3955,female,1.54,59
3956,female,1.58,65
3957,female,1.63,56
3958,female,1.52,68
3959,male,1.78,76
3960,male,1.82,43
3961,female,1.5,62
3962,female,1.56,65
3963,male,1.72,72
3964,female,1.53,60
3965,female,1.63,57
3966,female,1.72,55
3967,male,1.75,67
3968,female,1.46,66
3969,female,1.55,78
3970,male,1.82,67
3971,male,1.8,66
3972,male,1.58,63
3973,female,1.75,69
3974,male,1.7,86
3975,female,1.6,66
3976,female,1.69,64
3977,female,1.78,32
3978,male,1.64,62
3979,female,1.65,57
3980,female,1.72,51
3981,male,1.8,68
3982,female,1.65,38
3983,female,1.63,55
3984,female,1.58,71
3985,male,1.85,57
3986,male,1.78,80
3987,male,1.8,65
3988,female,1.73,63
3989,male,1.6,67
3990,male,1.83,67
3991,female,1.6,55
3992,male,1.86,50
3993,male,1.72,66
3994,female,1.63,60
3995,female,1.62,77
3996,male,1.76,62
3997,female,1.76,54
3998,female,1.65,69
3999,female,1.78,52
4000,male,1.75,68
4001,male,1.65,66
4002,female,1.67,74
4003,female,1.67,57
4004,female,1.6,54
4005,female,1.74,44
4006,female,1.7,55
4007,male,1.72,62
4008,female,1.7,90
4009,female,1.62,61
4010,female,1.52,58
4011,male,1.67,82
4012,female,1.62,61
4013,male,1.81,63
4014,female,1.7,86
4015,male,1.79,70
4016,male,1.7,74
4017,female,1.68,47
4018,male,1.75,72
4019,female,1.64,46
4020,male,1.65,63
4021,female,1.7,37
4022,female,1.63,57
4023,male,1.68,47
4024,male,1.82,66
4025,female,1.65,68
4026,female,1.65,51
4027,male,1.76,62
4028,female,1.6,67
4029,female,1.55,36
4030,male,1.6,40
4031,male,1.72,53
4032,male,1.65,70
4033,male,1.7,75
4034,female,1.63,60
4035,female,16.56,63
4036,female,1.56,64
4037,female,1.65,51
4038,male,1.95,41
4039,male,1.85,70
4040,female,1.6,63
4041,female,1.73,67
4042,female,1.7,76
4043,female,1.6,63
4044,male,1.7,69
4045,female,1.6,65
4046,female,1.68,77
4047,female,1.7,63
4048,female,1.65,73
4049,female,1.66,73
4050,female,1.47,60
4051,male,1.69,76
4052,female,1.75,77
4053,female,1.7,42
4054,male,1.75,58
4055,male,1.74,40
4056,female,1.68,58
4057,male,1.73,68
4058,female,1.7,64
4059,female,1.72,38
4060,female,1.8,37
4061,female,1.64,64
4062,female,1.63,37
4063,male,1.65,77
4064,male,1.78,70
4065,male,1.75,68
4066,female,1.6,64
4067,female,1.64,84
4068,female,1.58,57
4069,male,1.74,53
4070,female,1.68,41
4071,male,1.68,59
4072,female,1.68,41
4073,female,1.58,77
4074,female,1.65,46
4075,female,1.57,57
4076,male,1.73,62
4077,male,1.7,78
4078,male,1.67,63
4079,female,1.56,62
4080,male,1.72,78
4081,female,1.6,61
4082,female,1.67,54
4083,female,1.6,85
4084,male,1.86,63
4085,male,1.69,72
4086,female,1.68,72
4087,female,1.65,71
4088,male,1.82,50
4089,female,1.65,66
4090,male,1.76,62
4091,female,1.5,79
4092,female,1.63,41
4093,male,1.72,72
4094,female,1.65,62
4095,male,1.6,50
4096,female,1.62,62
4097,male,1.77,69
4098,male,1.8,68
4099,female,1.68,49
4100,female,1.65,62
4101,male,1.63,70
4102,female,1.63,62
4103,male,1.7,63
4104,male,1.72,72
4105,female,1.65,66
4106,female,1.65,67
4107,female,1.58,61
4108,female,1.6,77
4109,female,1.6,57
4110,male,1.74,69
4111,female,1.6,65
4112,male,1.7,52
4113,male,1.72,76
4114,male,1.68,48
4115,male,1.75,54
4116,female,1.76,43
4117,female,1.64,69
4118,male,1.78,54
4119,male,1.77,37
4120,female,1.6,77
4121,male,1.78,62
4122,female,1.58,76
4123,female,1.65,56
4124,male,1.63,69
4125,female,1.6,61
4126,male,1.82,56
4127,male,1.72,71
4128,female,1.65,76
4129,male,1.76,61
4130,female,1.64,54
4131,male,1.65,69
4132,male,1.72,65
4133,male,1.8,74
4134,female,1.6,86
4135,male,1.7,63
4136,female,1.64,73
4137,female,1.64,26
4138,male,1.77,61
4139,male,1.85,51
4140,male,1.75,52
4141,male,1.67,71
4142,female,1.58,70
4143,female,1.64,60
4144,female,1.75,62
4145,male,1.72,73
4146,male,1.75,65
4147,female,1.65,69
4148,female,1.65,43
4149,female,1.5,82
4150,male,1.68,83
4151,male,1.72,55
4152,female,1.65,53
4153,male,1.7,65
4154,female,1.63,74
4155,female,1.64,65
4156,female,1.76,29
4157,female,1.72,54
4158,female,1.68,71
4159,female,1.66,62
4160,female,1.65,71
4161,female,1.6,60
4162,female,1.7,39
4163,male,1.9,21
4164,male,1.75,70
4165,male,1.7,74
4166,male,1.75,61
4167,female,1.52,61
4168,female,1.68,68
4169,female,1.6,72
4170,male,1.78,66
4171,female,1.68,46
4172,male,1.76,59
4173,male,1.7,59
4174,female,1.62,69
4175,female,1.7,46
4176,male,1.72,63
4177,male,1.78,65
4178,male,1.78,63
4179,female,1.7,68
4180,female,1.67,62
4181,male,1.8,55
4182,male,1.6,55
4183,male,1.76,54
4184,female,1.53,70
4185,male,1.66,75
4186,male,1.67,75
4187,male,1.76,74
4188,male,1.8,63
4189,female,1.6,76
4190,male,1.7,62
4191,male,1.67,66
4192,female,1.7,49
4193,male,1.72,55
4194,male,1.8,77
4195,female,1.56,49
4196,female,1.63,68
4197,male,1.8,55
4198,male,1.76,43
4199,female,1.55,86
4200,female,1.65,59
4201,female,1.67,47
4202,male,1.78,61
4203,female,1.53,39
4204,male,1.83,52
4205,female,1.63,80
4206,female,1.58,45
4207,male,1.82,40
4208,male,1.74,57
4209,female,1.73,38
4210,male,1.65,55
4211,male,1.76,62
4212,male,1.75,76
4213,female,1.52,69
4214,male,1.78,65
4215,female,1.75,41
4216,male,1.7,67
4217,female,1.65,45
4218,male,1.72,65
4219,female,1.63,40
4220,female,1.79,67
4221,female,1.56,78
4222,male,1.83,58
4223,female,1.57,47
4224,female,1.62,55
4225,female,1.58,45
4226,male,1.76,64
4227,male,1.77,59
4228,female,1.55,60
4229,female,1.68,49
4230,male,1.8,55
4231,female,1.64,60
4232,male,1.76,72
4233,male,1.69,63
4234,female,1.65,58
4235,male,1.7,67
4236,male,1.7,63
4237,female,1.69,42
4238,male,1.65,74
4239,female,1.58,63
4240,male,1.82,69
4241,female,1.6,67
4242,female,1.55,55
4243,female,1.64,56
4244,male,1.76,47
4245,male,1.67,72
4246,female,1.56,76
4247,male,1.8,80
4248,female,1.72,62
4249,female,1.5,66
4250,female,1.6,60
4251,female,1.65,64
4252,female,1.63,70
4253,female,1.65,72
4254,female,1.43,40
4255,female,1.7,58
4256,female,1.72,63
4257,female,1.75,78
4258,female,1.78,76
4259,female,1.65,52
4260,female,1.52,77
4261,male,1.76,56
4262,male,1.68,74
4263,female,1.6,66
4264,female,1.75,51
4265,male,1.7,62
4266,male,1.71,76
4267,female,1.74,36
4268,female,1.64,48
4269,female,1.67,76
4270,male,1.73,65
4271,female,1.55,58
4272,female,1.67,59
4273,female,1.63,84
4274,female,1.7,41
4275,male,1.76,79
4276,female,1.65,56
4277,male,1.76,68
4278,female,1.64,69
4279,male,1.71,63
4280,female,1.59,64
4281,male,1.84,83
4282,female,1.72,45
4283,male,1.68,61
4284,male,1.78,71
4285,female,1.62,64
4286,female,1.5,61
4287,male,1.73,30
4288,female,1.73,51
4289,male,1.76,61
4290,female,1.68,74
4291,female,1.65,64
4292,male,1.65,83
4293,female,1.63,63
4294,male,1.86,46
4295,female,1.69,50
4296,female,1.75,50
4297,female,1.58,82
4298,female,1.6,47
4299,female,1.77,41
4300,female,1.58,64
4301,male,1.7,59
4302,male,1.95,40
4303,female,1.63,75
4304,male,1.79,69
4305,male,1.8,63
4306,female,1.55,79
4307,male,1.86,67
4308,female,1.65,67
4309,male,1.74,45
4310,female,1.5,58
4311,female,1.5,56
4312,female,1.72,63
4313,female,1.6,63
4314,female,1.59,61
4315,female,1.72,46
4316,female,1.68,62
4317,female,1.65,57
4318,female,1.55,40
4319,male,1.8,59
4320,male,1.83,60
4321,female,1.6,41
4322,female,1.58,45
4323,male,1.7,65
4324,male,1.79,67
4325,female,1.61,75
4326,female,1.58,70
4327,female,1.65,40
4328,female,1.68,46
4329,female,1.73,47
4330,female,1.62,64
4331,female,1.55,54
4332,female,1.49,74
4333,female,1.54,61
4334,male,1.73,66
4335,male,1.85,34
4336,male,1.98,61
4337,male,1.68,47
4338,female,1.7,47
4339,female,1.65,66
4340,female,1.67,61
4341,female,1.58,68
4342,male,1.75,56
4343,female,1.64,74
4344,female,1.75,62
4345,female,1.68,74
4346,male,1.75,82
4347,female,1.64,62
4348,female,1.68,76
4349,male,1.7,64
4350,male,1.65,67
4351,male,1.82,76
4352,female,1.56,72
4353,female,1.55,48
4354,female,1.8,56
4355,male,1.76,43
4356,male,1.68,66
4357,female,1.66,84
4358,male,1.75,61
4359,male,1.74,50
4360,male,1.7,66
4361,male,1.73,59
4362,female,1.7,77
4363,female,1.65,58
4364,female,1.6,57
4365,female,1.74,51
4366,male,1.73,52
4367,male,1.68,54
4368,male,1.75,40
4369,male,1.68,66
4370,female,1.62,73
4371,female,1.74,61
4372,female,1.5,69
4373,male,1.73,68
4374,male,1.82,57
4375,female,1.54,71
4376,male,1.8,59
4377,female,1.72,36
4378,female,1.67,44
4379,female,1.65,50
4380,female,1.56,54
4381,female,1.62,65
4382,male,1.74,72
4383,male,1.83,35
4384,female,1.56,81
4385,male,1.65,73
4386,male,1.78,42
4387,male,1.74,62
4388,male,1.83,52
4389,female,1.6,53
4390,male,1.76,74
4391,male,1.87,72
4392,female,1.62,69
4393,male,1.68,79
4394,female,1.68,43
4395,female,1.68,70
4396,female,1.64,73
4397,female,1.7,32
4398,female,1.67,32
4399,female,1.65,55
4400,female,1.68,63
4401,male,1.76,62
4402,male,1.8,70
4403,male,1.65,74
4404,male,1.63,49
4405,male,1.7,74
4406,female,1.7,49
4407,male,1.9,38
4408,female,1.6,68
4409,male,1.82,50
4410,female,1.64,79
4411,female,1.67,64
4412,female,1.52,75
4413,female,1.64,47
4414,female,1.85,59
4415,female,1.58,62
4416,male,1.7,61
4417,male,1.76,65
4418,male,1.87,74
4419,male,1.72,71
4420,female,1.59,41
4421,female,1.64,70
4422,male,1.77,46
4423,female,1.5,66
4424,male,1.74,72
4425,female,1.6,83
4426,female,1.61,62
4427,female,1.65,28
4428,female,1.55,76
4429,female,1.5,66
4430,female,1.74,46
4431,female,1.68,58
4432,male,1.68,71
4433,male,1.75,24
4434,female,1.6,62
4435,male,1.87,52
4436,male,1.75,62
4437,female,1.64,61
4438,female,1.67,84
4439,female,1.7,50
4440,male,1.75,57
4441,male,1.78,52
4442,male,1.75,61
4443,female,1.58,61
4444,male,1.72,52
4445,female,1.67,58
4446,male,1.7,58
4447,male,1.75,76
4448,male,1.73,67
4449,female,1.6,55
4450,female,1.76,74
4451,male,1.7,61
4452,male,1.75,79
4453,female,1.57,78
4454,female,1.72,76
4455,male,1.7,78
4456,female,1.64,43
4457,male,1.78,64
4458,female,1.61,43
4459,female,1.7,52
4460,female,1.57,69
4461,male,1.75,53
4462,male,1.72,90
4463,male,1.76,68
4464,male,1.81,38
4465,female,1.56,52
4466,female,1.7,49
4467,female,1.75,64
4468,male,1.75,71
4469,male,1.75,61
4470,female,1.64,68
4471,female,1.6,78
4472,female,1.63,66
4473,female,1.59,66
4474,female,1.7,77
4475,female,1.72,52
4476,male,1.75,75
4477,female,1.45,80
4478,female,1.71,39
4479,male,1.8,46
4480,male,1.8,56
4481,female,1.64,60
4482,female,1.6,76
4483,female,1.71,79
4484,female,1.7,64
4485,male,1.83,47
4486,male,1.78,64
4487,female,1.54,84
4488,female,11.65,52
4489,male,1.6,75
4490,male,1.78,72
4491,female,1.6,78
4492,female,1.74,64
4493,female,1.64,64
4494,male,1.8,49
4495,female,1.65,76
4496,male,1.66,71
4497,male,1.85,49
4498,female,1.53,72
4499,female,1.58,79
4500,male,1.76,66
4501,female,1.63,71
4502,male,1.7,70
4503,female,1.73,68
4504,male,1.76,65
4505,male,1.75,23
4506,female,1.55,67
4507,male,1.78,68
4508,male,1.75,48
4509,male,1.74,28
4510,female,1.65,57
4511,female,1.63,53
4512,female,1.65,74
4513,female,1.63,65
4514,female,1.63,64
4515,male,1.65,46
4516,female,1.7,73
4517,female,1.64,66
4518,male,1.82,63
4519,female,1.64,58
4520,female,1.5,70
4521,male,1.7,66
4522,male,1.7,53
4523,female,1.68,62
4524,female,1.64,32
4525,female,1.64,68
4526,female,1.65,68
4527,male,1.69,62
4528,male,1.7,61
4529,male,1.78,39
4530,female,1.7,34
4531,female,1.65,59
4532,female,1.75,74
4533,female,1.6,64
4534,female,1.62,69
4535,female,1.58,63
4536,female,1.64,70
4537,male,1.78,73
4538,female,1.65,49
4539,male,1.68,66
4540,male,1.8,75
4541,female,1.6,81
4542,female,1.75,68
4543,female,1.68,57
4544,male,1.6,62
4545,male,1.73,65
4546,male,1.67,48
4547,female,1.54,68
4548,female,1.6,61
4549,male,1.82,76
4550,male,1.68,67
4551,female,1.67,72
4552,female,1.74,68
4553,male,1.72,69
4554,female,1.54,59
4555,female,1.68,72
4556,male,1.81,69
4557,male,1.76,65
4558,male,1.72,69
4559,male,1.79,72
4560,female,1.58,64
4561,female,1.65,61
4562,female,1.58,37
4563,female,1.76,67
4564,male,1.72,59
4565,female,1.65,74
4566,male,1.79,62
4567,female,1.65,64
4568,male,1.72,75
4569,female,1.53,65
4570,female,1.7,64
4571,male,1.77,73
4572,female,1.58,64
4573,female,1.65,78
4574,female,1.55,85
4575,female,1.62,55
4576,female,1.71,35
4577,male,1.68,73
4578,female,1.62,63
4579,male,1.75,78
4580,female,1.65,83
4581,female,1.52,59
4582,female,1.69,71
4583,male,1.83,33
4584,female,1.68,43
4585,male,1.7,59
4586,female,1.64,72
4587,male,1.75,66
4588,male,1.93,50
4589,female,1.7,47
4590,male,1.74,69
4591,female,1.62,71
4592,female,1.65,66
4593,male,1.6,67
4594,female,1.58,39
4595,female,1.49,56
4596,female,1.6,73
4597,male,1.64,35
4598,female,1.62,59
4599,male,1.71,71
4600,male,1.7,35
4601,male,1.7,21
4602,female,1.68,30
4603,female,1.7,69
4604,male,1.8,74
4605,male,1.67,51
4606,male,1.68,80
4607,male,1.76,62
4608,male,1.73,67
4609,female,1.6,70
4610,male,1.67,74
4611,male,1.84,36
4612,female,1.65,58
4613,female,1.6,82
4614,female,1.65,51
4615,female,1.62,54
4616,female,1.6,32
4617,male,1.78,51
4618,female,1.6,69
4619,female,1.58,78
4620,male,1.7,73
4621,female,1.56,62
4622,male,1.62,64
4623,female,1.63,64
4624,female,1.6,70
4625,male,1.82,68
4626,female,1.64,40
4627,female,1.75,38
4628,female,1.58,59
4629,male,1.7,74
4630,female,1.6,79
4631,female,1.6,63
4632,female,1.55,76
4633,male,1.7,91
4634,female,1.63,70
4635,male,1.6,59
4636,female,1.7,34
4637,male,1.74,64
4638,male,1.9,53
4639,female,1.65,29
4640,female,1.54,79
4641,female,1.58,62
4642,male,1.83,74
4643,female,1.54,58
4644,female,1.65,40
4645,male,1.85,63
4646,female,1.6,62
4647,male,1.69,70
4648,female,1.78,65
4649,female,1.46,64
4650,male,1.75,59
4651,female,1.68,73
4652,male,1.68,59
4653,female,1.55,67
4654,male,1.7,33
4655,male,1.56,65
4656,female,1.64,61
4657,male,1.82,73
4658,female,1.55,73
4659,female,1.56,45
4660,female,1.68,50
4661,female,1.6,67
4662,male,1.7,58
4663,male,1.76,63
4664,male,1.71,44
4665,female,1.52,77
4666,female,1.6,82
4667,female,1.6,68
4668,male,1.7,60
4669,male,1.8,69
4670,male,1.68,57
4671,female,1.65,81
4672,male,1.65,43
4673,male,1.7,64
4674,male,1.78,56
4675,female,1.56,70
4676,female,1.68,60
4677,male,1.7,61
4678,male,1.8,81
4679,female,1.64,59
4680,male,1.87,69
4681,male,1.78,57
4682,male,1.73,65
4683,female,1.6,86
4684,female,1.62,66
4685,male,1.8,76
4686,female,1.6,61
4687,male,1.9,64
4688,female,1.74,65
4689,female,1.5,66
4690,male,1.6,71
4691,female,1.65,62
4692,male,1.85,23
4693,male,1.76,57
4694,female,1.65,49
4695,female,1.57,64
4696,male,1.65,79
4697,male,1.8,61
4698,female,1.48,61
4699,female,1.6,66
4700,female,1.63,49
4701,male,1.7,75
4702,male,1.73,59
4703,female,1.58,56
4704,female,1.7,68
4705,male,1.76,62
4706,female,1.7,66
4707,female,1.6,84
4708,female,1.6,84
4709,male,1.7,52
4710,female,1.62,58
4711,female,0.84,77
4712,male,1.73,69
4713,female,1.58,65
4714,female,1.65,73
4715,female,1.68,35
4716,female,1.6,76
4717,male,1.79,55
4718,female,1.6,46
4719,female,1.65,77
4720,male,1.88,52
4721,male,1.71,62
4722,male,1.81,68
4723,male,1.4,74
4724,female,1.55,62
4725,female,1.62,64
4726,female,1.65,49
4727,female,1.55,78
4728,female,1.7,63
4729,male,1.7,55
4730,male,1.7,49
4731,female,1.65,30
4732,male,1.83,46
4733,male,1.7,69
4734,male,1.82,57
4735,male,1.78,41
4736,female,1.68,63
4737,female,1.65,63
4738,male,1.58,70
4739,female,1.7,58
4740,male,1.8,61
4741,male,1.8,69
4742,male,1.86,73
4743,male,1.73,80
4744,female,1.58,42
4745,male,1.82,63
4746,male,1.63,59
4747,female,1.65,56
4748,male,1.76,78
4749,female,1.6,74
4750,female,1.68,64
4751,female,1.6,81
4752,female,1.75,49
4753,female,1.54,58
4754,male,1.86,42
4755,male,1.72,67
4756,male,1.8,67
4757,male,1.8,68
4758,male,1.8,76
4759,female,1.62,63
4760,male,1.8,68
4761,male,1.53,75
4762,female,1.6,49
4763,female,1.64,77
4764,male,1.5,74
4765,female,1.63,62
4766,female,1.66,78
4767,male,1.7,49
4768,female,1.68,55
4769,male,1.6,68
4770,female,1.65,76
4771,male,1.7,80
4772,male,1.86,41
4773,male,1.79,52
4774,male,1.65,71
4775,male,1.76,51
4776,male,1.76,69
4777,female,1.78,75
4778,male,1.66,60
4779,male,1.73,69
4780,male,1.65,85
4781,female,1.7,53
4782,male,1.76,54
4783,female,1.58,38
4784,female,1.64,71
4785,male,1.8,60
4786,female,1.65,81
4787,female,1.65,67
4788,female,1.7,77
4789,male,1.6,72
4790,female,1.7,24
4791,female,1.67,66
4792,female,1.67,74
4793,female,1.63,75
4794,male,1.4,63
4795,female,1.7,63
4796,female,1.64,49
4797,female,1.65,70
4798,female,1.64,74
4799,male,1.73,68
4800,male,1.8,28
4801,male,1.72,66
4802,female,1.62,55
4803,female,1.6,72
4804,female,1.52,63
4805,female,1.6,77
4806,male,1.67,71
4807,female,1.7,50
4808,female,1.7,48
4809,male,1.65,46
4810,male,1.7,63
4811,male,1.68,56
4812,female,1.74,69
4813,female,1.65,73
4814,female,1.72,24
4815,male,1.7,72
4816,female,1.67,65
4817,female,1.51,74
4818,female,1.6,68
4819,male,1.79,37
4820,female,1.6,66
4821,male,1.8,59
4822,female,1.62,64
4823,female,1.7,56
4824,female,1.7,63
4825,female,1.65,78
4826,male,1.8,73
4827,male,1.75,65
4828,male,1.82,60
4829,male,1.7,71
4830,female,1.67,29
4831,female,1.68,48
4832,male,1.65,62
4833,female,1.65,80
4834,female,1.64,77
4835,female,1.53,78
4836,male,1.7,47
4837,male,1.8,67
4838,female,1.65,41
4839,female,1.66,62
4840,male,1.67,67
4841,female,1.55,58
4842,male,1.8,73
4843,female,1.65,76
4844,female,1.8,77
4845,female,1.7,29
4846,female,1.58,75
4847,female,1.65,57
4848,female,1.65,62
4849,male,1.86,36
4850,female,1.72,64
4851,male,1.8,69
4852,male,1.79,70
4853,female,1.73,41
4854,female,1.67,52
4855,female,1.64,81
4856,male,1.7,68
4857,female,1.52,77
4858,male,1.8,76
4859,male,1.8,62
4860,male,1.87,50
4861,female,1.62,73
4862,male,1.72,67
4863,female,1.72,62
4864,female,1.62,63
4865,male,1.7,56
4866,female,1.58,64
4867,male,1.73,68
4868,female,1.6,82
4869,female,1.54,67
4870,female,1.65,75
4871,female,1.64,39
4872,male,1.8,84
4873,female,1.6,32
4874,male,1.75,61
4875,female,1.64,80
4876,male,1.78,62
4877,female,1.62,66
4878,male,1.85,58
4879,female,1.78,66
4880,female,1.74,67
4881,male,1.74,65
4882,female,1.55,76
4883,female,1.58,39
4884,male,1.71,50
4885,female,1.6,78
4886,male,1.78,61
4887,male,1.8,52
4888,male,1.78,49
4889,female,1.62,80
4890,male,1.8,64
4891,male,1.82,21
4892,male,1.7,72
4893,female,1.64,65
4894,male,1.7,87
4895,female,1.6,67
4896,male,1.73,58
4897,female,1.58,91
4898,male,1.74,78
4899,male,1.84,73
4900,female,1.7,39
4901,male,1.65,66
4902,female,1.73,72
4903,female,1.65,74
4904,male,1.67,70
4905,female,1.64,75
4906,female,1.58,62
4907,female,1.76,34
4908,female,1.73,67
4909,female,1.72,65
4910,female,1.62,61
4911,female,1.56,15
4912,female,1.67,58
4913,female,1.63,56
4914,female,1.63,65
4915,female,1.58,68
4916,female,1.58,78
4917,female,1.6,65
4918,male,1.75,71
4919,female,1.64,75
4920,male,1.75,36
4921,female,1.65,45
4922,female,1.67,69
4923,male,1.72,64
4924,female,1.74,51
4925,female,1.6,50
4926,female,1.68,62
4927,female,1.6,72
4928,female,1.53,77
4929,male,1.7,72
4930,female,1.55,72
4931,male,1.8,59
4932,male,1.9,58
4933,female,1.6,64
4934,male,1.89,44
4935,male,1.8,44
4936,female,1.68,53
4937,male,1.73,33
4938,male,1.84,76
4939,male,1.6,69
4940,female,1.56,55
4941,female,1.56,48
4942,male,1.76,59
4943,female,1.7,40
4944,female,1.65,71
4945,male,1.75,42
4946,female,1.58,69
4947,male,1.73,68
4948,male,1.82,78
4949,female,1.5,78
4950,male,1.6,56
4951,female,1.63,75
4952,female,1.55,60
4953,female,1.6,51
4954,female,1.6,62
4955,male,1.9,60
4956,male,1.74,59
4957,female,1.65,64
4958,male,1.68,60
4959,male,1.75,57
4960,female,1.5,58
4961,male,1.68,46
4962,male,1.85,61
4963,female,1.62,60
4964,female,1.6,80
4965,female,1.67,69
4966,female,0.6,64
4967,female,1.6,78
4968,male,1.02,68
4969,male,1.7,90
4970,female,1.6,82
4971,male,1.6,61
4972,female,1.75,48
4973,male,1.69,68
4974,male,1.65,68
4975,male,1.83,51
4976,female,1.65,67
4977,female,1.63,58
4978,male,1.75,76
4979,male,1.8,54
4980,female,1.68,60
4981,female,1.7,66
4982,female,1.7,44
4983,male,1.67,77
4984,female,1.6,58
4985,female,1.6,65
4986,female,1.7,55
4987,male,1.78,76
4988,female,1.75,57
4989,female,1.6,85
4990,male,1.74,64
4991,male,1.86,71
4992,female,1.68,58
4993,male,1.67,56
4994,male,1.81,59
4995,male,1.67,71
4996,female,1.65,45
4997,female,1.6,84
4998,female,1.64,66
4999,female,1.68,40
5000,female,1.6,67
5001,male,1.73,70
5002,female,1.7,60
5003,male,1.55,62
5004,male,1.56,82
5005,male,1.73,76
5006,male,1.82,54
5007,male,1.76,74
5008,male,1.65,77
5009,male,1.68,74
5010,female,1.58,77
5011,male,1.85,72
5012,female,1.61,55
5013,female,1.56,68
5014,female,1.65,67
5015,female,1.57,62
5016,female,1.56,58
5017,female,1.68,56
5018,female,1.58,68
5019,female,1.7,47
5020,male,1.9,60
5021,male,1.76,56
5022,female,1.68,39
5023,female,1.6,59
5024,female,1.62,61
5025,male,1.81,46
5026,female,1.5,63
5027,male,1.82,68
5028,female,1.62,75
5029,female,1.73,51
5030,female,1.82,60
5031,female,1.75,48
5032,male,1.71,64
5033,female,1.68,56
5034,female,1.7,54
5035,female,1.58,58
5036,male,1.7,75
5037,female,1.7,58
5038,female,1.58,60
5039,female,1.76,51
5040,male,1.7,83
5041,female,1.65,67
5042,female,1.56,58
5043,female,1.64,54
5044,female,1.5,60
5045,male,1.8,86
5046,female,0.65,83
5047,female,1.7,67
5048,female,1.64,68
5049,male,1.7,62
5050,male,1.74,65
5051,female,1.6,38
5052,female,1.6,73
5053,male,1.77,67
5054,female,1.8,35
5055,male,1.78,78
5056,male,1.82,37
5057,male,1.73,76
5058,male,1.81,55
5059,male,1.75,78
5060,female,1.65,61
5061,male,1.65,80
5062,female,1.68,64
5063,male,1.65,56
5064,female,1.75,52
5065,male,1.65,76
5066,female,1.68,75
5067,male,1.62,67
5068,female,1.55,41
5069,female,1.66,40
5070,female,1.57,50
5071,female,1.64,42
5072,female,1.6,28
5073,female,1.56,72
5074,male,1.68,76
5075,male,1.75,68
5076,male,1.73,53
5077,male,1.93,61
5078,male,1.7,58
5079,male,1.75,69
5080,male,1.72,59
5081,female,1.6,60
5082,female,1.7,68
5083,male,1.84,64
5084,female,1.6,39
5085,female,1.6,57
5086,male,1.76,63
5087,female,1.67,70
5088,male,1.66,65
5089,female,1.65,63
5090,male,1.9,52
5091,male,1.7,24
5092,male,1.8,70
5093,female,0.76,70
5094,female,1.6,46
5095,male,1.7,52
5096,male,1.65,57
5097,male,1.65,79
5098,male,1.67,68
5099,male,1.68,55
5100,female,1.65,61
5101,female,1.56,55
5102,female,1.7,44
5103,female,1.59,67
5104,female,1.54,71
5105,female,1.54,62
5106,female,1.6,89
5107,male,1.85,60
5108,female,1.6,66
5109,male,1.89,31
5110,male,1.6,64
5111,male,1.92,57
5112,female,1.6,68
5113,male,1.8,65
5114,female,1.6,68
5115,female,1.7,49
5116,male,1.7,62
5117,female,1.56,64
5118,female,1.68,83
5119,male,1.89,62
5120,female,1.58,60
5121,female,1.6,83
5122,female,1.68,84
5123,female,1.65,70
5124,male,1.74,68
5125,male,1.8,64
5126,male,1.74,69
5127,male,1.78,57
5128,female,1.5,72
5129,female,1.59,59
5130,male,1.76,48
5131,female,1.77,66
5132,female,1.7,45
5133,female,1.66,57
5134,male,1.76,65
5135,male,1.7,75
5136,female,1.82,40
5137,male,1.76,48
5138,male,1.67,47
5139,female,1.65,69
5140,male,1.68,73
5141,male,1.6,57
5142,female,1.68,49
5143,female,1.65,55
5144,female,1.63,84
5145,female,1.66,62
5146,female,1.5,56
5147,male,1.65,62
5148,female,1.7,69
5149,female,1.62,58
5150,male,1.65,40
5151,male,1.7,65
5152,male,1.75,50
5153,female,1.64,66
5154,male,1.87,39
5155,female,1.65,86
5156,male,1.75,71
5157,male,1.73,63
5158,female,1.6,71
5159,female,1.65,39
5160,female,1.65,53
5161,female,1.68,71
5162,female,1.63,63
5163,female,1.62,49
5164,female,1.6,81
5165,male,1.75,53
5166,female,1.68,69
5167,female,1.65,57
5168,male,1.7,62
5169,female,1.68,50
5170,female,1.6,80
5171,male,1.8,58
5172,female,1.6,62
5173,female,1.52,53
5174,female,1.6,58
5175,male,1.6,79
5176,male,1.08,72
5177,female,1.64,74
5178,male,1.82,62
5179,male,1.75,67
5180,female,1.69,68
5181,female,1.55,74
5182,female,1.58,54
5183,male,1.7,77
5184,male,1.72,45
5185,female,1.56,71
5186,female,1.6,60
5187,female,1.68,68
5188,female,1.7,66
5189,male,1.7,65
5190,male,1.82,67
5191,female,1.6,77
5192,female,1.65,60
5193,male,1.6,64
5194,female,1.5,75
5195,male,1.75,71
5196,male,1.61,65
5197,female,1.6,69
5198,female,1.7,67
5199,female,1.53,68
5200,male,1.65,81
5201,female,1.64,45
5202,female,1.68,58
5203,male,1.68,72
5204,male,1.75,59
5205,female,1.69,29
5206,female,1.63,73
5207,female,1.62,85
5208,female,1.65,63
5209,female,1.6,65
5210,female,1.48,44
5211,female,1.6,64
5212,female,1.74,66
5213,female,1.68,70
5214,female,1.85,75
5215,female,1.55,61
5216,female,1.5,68
5217,male,1.78,55
5218,female,1.56,70
5219,female,1.68,55
5220,male,1.8,44
5221,male,1.82,74
5222,female,1.58,50
5223,male,1.58,70
5224,male,1.78,71
5225,male,1.73,33
5226,female,1.62,56
5227,male,1.72,62
5228,female,1.63,71
5229,male,1.75,43
5230,female,1.6,45
5231,female,1.7,54
5232,male,1.87,63
5233,female,1.55,81
5234,male,1.7,79
5235,male,1.75,71
5236,male,1.9,60
5237,male,1.67,46
5238,female,1.6,90
5239,male,1.85,81
5240,male,1.8,30
5241,female,1.65,55
5242,female,1.62,54
5243,male,1.7,55
5244,female,1.72,65
5245,female,1.68,71
5246,male,1.76,43
5247,female,1.6,68
5248,female,1.57,66
5249,female,1.62,64
5250,male,1.68,64
5251,female,1.6,74
5252,male,1.86,38
5253,female,1.68,74
5254,female,1.55,66
5255,female,1.68,74
5256,female,1.5,73
5257,male,1.68,61
5258,male,1.78,72
5259,female,1.7,39
5260,female,1.5,69
5261,female,1.68,49
5262,female,1.75,50
5263,female,1.75,59
5264,female,1.63,77
5265,female,1.63,86
5266,male,1.63,60
5267,male,1.75,55
5268,female,1.72,71
5269,female,1.72,73
5270,female,1.59,69
5271,female,1.72,59
5272,male,1.74,53
5273,female,1.6,39
5274,female,1.59,37
5275,male,1.73,57
5276,female,1.67,74
5277,male,1.7,68
5278,female,1.65,71
5279,female,1.55,66
5280,female,1.56,56
5281,female,1.66,55
5282,female,1.52,46
5283,female,1.55,70
5284,male,1.78,68
5285,male,1.77,74
5286,male,1.66,79
5287,male,1.7,76
5288,male,1.75,72
5289,female,1.58,66
5290,male,1.67,51
5291,female,1.68,54
5292,female,1.77,35
5293,female,1.63,64
5294,female,1.6,70
5295,male,1.6,83
5296,female,1.64,74
5297,female,1.51,68
5298,female,1.61,56
5299,male,1.7,72
5300,female,1.58,66
5301,female,1.66,48
5302,female,1.7,64
5303,female,1.65,34
5304,female,1.68,52
5305,male,1.7,64
5306,female,1.72,54
5307,female,1.72,67
5308,male,1.6,57
5309,male,1.8,76
5310,female,1.57,55
5311,female,1.62,74
5312,male,1.7,72
5313,male,1.74,77
5314,female,1.55,68
5315,male,1.7,58
5316,female,1.65,54
5317,male,1.72,72
5318,female,1.68,79
5319,male,1.7,73
5320,female,1.6,70
5321,male,1.75,71
5322,male,1.76,69
5323,male,1.87,77
5324,male,1.8,61
5325,female,1.65,51
5326,male,1.76,63
5327,female,1.6,68
5328,female,1.65,68
5329,female,1.66,70
5330,female,1.68,84
5331,female,1.54,76
5332,female,1.63,68
5333,male,1.8,72
5334,female,1.68,40
5335,male,1.8,80
5336,male,1.71,94
5337,female,1.65,62
5338,male,1.88,27
5339,male,1.7,58
5340,male,1.62,79
5341,male,1.68,83
5342,male,1.8,66
5343,male,1.7,73
5344,male,1.84,63
5345,female,1.5,71
5346,male,1.75,75
5347,female,1.5,76
5348,female,1.67,52
5349,male,1.76,62
5350,female,1.58,78
5351,female,1.65,62
5352,male,1.75,41
5353,female,1.76,24
5354,female,1.63,74
5355,male,1.8,57
5356,female,1.6,74
5357,female,1.58,66
5358,male,1.8,61
5359,female,1.53,70
5360,female,1.55,76
5361,male,1.8,64
5362,female,1.5,30
5363,male,1.77,62
5364,male,1.85,67
5365,female,1.58,60
5366,male,1.73,61
5367,female,1.7,61
5368,male,1.76,80
5369,male,1.77,55
5370,female,1.65,54
5371,male,1.7,70
5372,female,1.65,53
5373,female,1.67,61
5374,female,1.6,67
5375,female,1.65,87
5376,female,1.53,39
5377,female,1.62,60
5378,male,1.8,63
5379,male,1.75,50
5380,female,1.65,67
5381,female,1.55,41
5382,male,1.71,74
5383,female,1.67,68
5384,female,1.7,73
5385,female,1.68,60
5386,female,1.6,84
5387,female,1.75,72
5388,male,1.72,66
5389,female,1.6,64
5390,male,1.78,49
5391,male,1.7,72
5392,female,1.6,78
5393,female,1.64,63
5394,female,1.68,71
5395,female,1.62,64
5396,male,1.71,71
5397,male,1.73,35
5398,male,1.7,40
5399,male,1.64,63
5400,female,1.66,73
5401,female,1.64,89
5402,male,1.8,45
5403,male,1.67,69
5404,male,1.7,41
5405,female,1.65,74
5406,female,1.7,36
5407,male,1.81,81
5408,male,1.77,70
5409,female,1.6,69
5410,male,1.86,66
5411,male,1.8,46
5412,male,1.7,87
5413,male,1.78,61
5414,female,1.63,65
5415,male,1.77,71
5416,male,1.82,69
5417,male,1.63,65
5418,female,1.65,85
5419,male,1.65,63
5420,female,1.64,70
5421,female,1.66,73
5422,female,1.67,86
5423,female,1.6,79
5424,male,1.72,70
5425,male,1.75,66
5426,male,1.75,82
5427,male,1.6,68
5428,male,1.81,65
5429,female,1.62,61
5430,female,1.64,72
5431,male,1.46,63
5432,male,1.7,65
5433,male,1.73,16
5434,female,1.56,59
5435,male,1.71,78
5436,male,1.77,80
5437,male,1.78,58
5438,male,1.65,70
5439,male,1.8,71
5440,female,1.7,28
5441,male,1.7,63
5442,female,1.52,86
5443,male,1.68,81
5444,male,1.73,54
5445,male,1.75,75
5446,male,0.8,75
5447,female,1.7,63
5448,male,1.82,43
5449,female,1.68,45
5450,male,1.8,47
5451,male,1.73,27
5452,male,1.74,54
5453,female,1.75,62
5454,male,1.9,55
5455,female,1.65,69
5456,male,1.63,75
5457,female,1.72,68
5458,male,1.8,65
5459,female,1.6,81
5460,female,1.64,53
5461,female,1.65,43
5462,female,1.56,63
5463,male,1.74,63
5464,female,1.6,71
5465,male,1.72,62
5466,male,1.8,36
5467,female,1.73,41
5468,male,1.74,69
5469,male,1.73,62
5470,male,1.84,74
5471,female,1.8,38
5472,female,1.56,78
5473,female,1.63,73
5474,female,1.68,58
5475,male,1.87,67
5476,female,1.65,44
5477,female,1.63,82
5478,male,1.9,57
5479,female,1.65,59
5480,male,1.65,72
5481,female,1.54,75
5482,female,1.64,71
5483,female,1.67,79
5484,female,1.68,51
5485,male,1.7,74
5486,male,1.78,75
5487,female,1.72,62
5488,male,1.76,51
5489,male,1.7,83
5490,male,1.68,75
5491,male,1.76,62
5492,male,1.7,68
5493,female,1.58,50
5494,male,1.8,38
5495,female,1.51,70
5496,male,1.78,48
5497,female,1.65,71
5498,female,1.64,57
5499,male,1.8,33
5500,female,1.72,74
5501,male,1.83,46
5502,male,1.73,59
5503,male,1.72,35
5504,female,1.68,63
5505,female,1.58,70
5506,female,1.6,68
5507,female,1.54,48
5508,female,1.64,63
5509,male,1.68,44
5510,male,1.85,67
5511,female,1.54,76
5512,female,1.53,71
5513,female,1.6,65
5514,female,1.64,66
5515,male,1.6,66
5516,male,1.7,57
5517,male,1.77,52
5518,male,1.7,59
5519,female,1.65,55
5520,male,1.76,71
5521,male,1.78,59
5522,female,1.72,58
5523,male,1.82,66
5524,male,1.65,76
5525,male,1.76,70
5526,female,1.56,73
5527,female,1.76,52
5528,female,1.66,45
5529,female,1.56,56
5530,female,1.65,58
5531,male,1.7,73
5532,female,1.63,69
5533,female,1.65,60
5534,male,1.65,71
5535,male,1.67,74
5536,male,1.78,54
5537,male,1.8,57
5538,female,1.6,77
5539,female,1.68,63
5540,female,1.52,64
5541,female,1.64,72
5542,female,1.58,71
5543,female,1.5,87
5544,male,1.75,69
5545,female,1.7,55
5546,female,1.56,67
5547,male,1.76,62
5548,female,1.69,63
5549,male,1.67,78
5550,male,1.7,59
5551,female,1.7,20
5552,female,1.58,70
5553,female,1.65,65
5554,female,1.6,73
5555,male,1.75,49
5556,female,1.6,51
5557,male,1.75,65
5558,female,1.6,80
5559,female,1.63,76
5560,male,1.86,51
5561,female,1.6,63
5562,female,1.6,71
5563,female,1.63,64
5564,female,1.63,65
5565,male,1.75,58
5566,male,1.75,58
5567,female,1.69,66
5568,female,1.7,60
5569,male,1.8,48
5570,female,1.55,66
5571,female,1.57,65
5572,male,1.81,68
5573,female,1.6,71
5574,female,1.54,44
5575,female,1.56,71
5576,male,1.75,72
5577,male,1.73,66
5578,female,1.58,76
5579,female,1.56,81
5580,female,1.6,53
5581,female,1.6,69
5582,female,1.64,68
5583,female,1.56,37
5584,male,1.7,63
5585,female,1.7,70
5586,female,1.64,48
5587,male,1.7,40
5588,female,1.75,66
5589,female,1.5,20
5590,male,1.92,58
5591,female,1.71,47
5592,male,1.73,60
5593,male,1.79,64
5594,female,1.6,82
5595,male,1.78,56
5596,female,1.55,72
5597,male,1.68,58
5598,female,1.7,68
5599,female,1.63,64
5600,male,1.67,67
5601,female,1.7,58
5602,female,1.7,71
5603,female,1.69,35
5604,male,1.83,59
5605,male,1.82,74
5606,male,1.7,89
5607,male,1.7,71
5608,male,1.78,65
5609,female,1.76,61
5610,male,1.6,71
5611,female,1.46,67
5612,female,1.56,58
5613,male,1.78,62
5614,female,1.65,66
5615,male,1.6,77
5616,female,1.65,46
5617,male,1.7,64
5618,female,1.69,57
5619,female,1.57,62
5620,male,1.65,56
5621,female,1.62,44
5622,female,1.67,68
5623,female,0.53,62
5624,female,1.65,85
5625,male,1.8,46
5626,female,1.52,68
5627,female,1.52,65
5628,female,1.68,83
5629,female,1.58,67
5630,male,1.55,86
5631,male,1.7,76
5632,female,1.65,72
5633,female,1.58,65
5634,male,1.88,49
5635,female,1.58,67
5636,female,1.68,41
5637,female,1.5,72
5638,male,1.65,85
5639,male,1.83,75
5640,male,1.75,74
5641,female,1.7,59
5642,female,1.54,85
5643,female,1.6,49
5644,female,1.56,76
5645,male,1.8,67
5646,female,1.67,48
5647,female,1.73,71
5648,female,1.65,67
5649,female,1.58,70
5650,female,1.5,80
5651,male,1.8,77
5652,male,1.7,82
5653,male,1.82,37
5654,male,1.74,54
5655,female,1.65,63
5656,male,1.67,70
5657,female,1.67,58
5658,female,1.65,59
5659,female,1.6,43
5660,male,1.6,63
5661,male,1.7,71
5662,male,1.89,33
5663,male,1.86,60
5664,male,1.68,76
5665,female,1.65,65
5666,female,1.64,38
5667,female,1.63,64
5668,female,1.52,84
5669,female,1.7,62
5670,female,1.5,71
5671,male,1.68,62
5672,female,1.65,67
5673,female,1.73,66
5674,female,1.64,58
5675,female,1.68,69
5676,female,1.62,52
5677,female,1.65,41
5678,female,1.68,62
5679,male,1.8,79
5680,female,1.55,62
5681,female,1.64,45
5682,female,1.68,72
5683,female,1.7,54
5684,male,1.64,64
5685,female,1.76,65
5686,male,1.66,50
5687,male,1.6,61
5688,male,1.76,59
5689,male,1.7,77
5690,male,1.7,64
5691,female,1.69,54
5692,male,1.73,18
5693,male,1.76,73
5694,male,1.72,64
5695,female,1.66,53
5696,female,1.6,66
5697,female,1.67,69
5698,male,1.7,56
5699,male,1.69,63
5700,female,1.7,87
5701,male,1.9,68
5702,female,1.53,79
5703,male,1.68,59
5704,female,1.65,74
5705,male,1.75,48
5706,female,1.6,77
5707,female,1.68,69
5708,female,1.56,67
5709,female,1.76,50
5710,female,1.59,51
5711,male,1.7,74
5712,male,0.7,84
5713,female,1.65,75
5714,female,1.7,63
5715,male,1.78,79
5716,female,1.68,65
5717,female,1.68,58
5718,female,1.62,70
5719,female,1.68,77
5720,female,1.67,55
5721,female,0.64,64
5722,male,1.87,66
5723,female,1.68,52
5724,female,1.64,76
5725,female,1.74,44
5726,male,1.72,62
5727,female,1.55,82
5728,male,1.69,29
5729,female,1.78,58
5730,female,1.64,66
5731,male,1.65,69
5732,female,1.58,69
5733,male,1.81,49
5734,male,1.67,58
5735,male,1.7,67
5736,female,1.64,70
5737,female,1.58,67
5738,female,1.62,60
5739,female,1.74,36
5740,male,1.7,81
5741,female,1.78,46
5742,female,1.56,63
5743,male,1.69,60
5744,female,1.7,62
5745,female,1.65,65
5746,female,1.65,42
5747,female,1.58,52
5748,male,1.68,62
5749,male,1.88,51
5750,female,1.55,50
5751,female,1.6,72
5752,female,1.56,74
5753,male,1.7,56
5754,female,1.58,78
5755,female,1.58,51
5756,female,1.65,66
5757,female,1.75,46
5758,female,1.6,74
5759,male,1.72,80
5760,male,1.78,69
5761,female,1.63,56
5762,female,1.55,70
5763,female,1.62,43
5764,female,1.68,77
5765,male,1.85,71
5766,female,1.65,74
5767,female,1.47,59
5768,female,1.6,78
5769,male,1.75,68
5770,male,1.68,74
5771,female,1.63,50
5772,male,1.73,63
5773,male,1.8,54
5774,male,1.75,64
5775,male,1.76,64
5776,female,1.65,67
5777,female,1.7,65
5778,female,1.8,44
5779,female,1.6,81
5780,male,1.7,75
5781,female,1.72,39
5782,male,1.63,60
5783,female,1.84,17
5784,female,1.5,62
5785,male,1.8,68
5786,female,1.7,62
5787,female,1.6,75
5788,female,1.62,85
5789,male,1.83,77
5790,female,1.64,79
5791,female,1.6,69
5792,female,1.65,82
5793,female,1.7,70
5794,male,1.7,67
5795,male,1.85,67
5796,male,1.7,71
5797,female,1.75,65
5798,female,1.56,73
5799,male,1.8,72
5800,female,1.7,53
5801,male,1.72,72
5802,female,1.62,63
5803,female,1.54,66
5804,male,1.65,76
5805,male,1.72,57
5806,male,1.7,68
5807,male,1.73,87
5808,male,1.76,64
5809,female,1.6,36
5810,male,1.7,41
5811,female,1.62,56
5812,male,1.78,66
5813,female,1.6,78
5814,female,1.68,74
5815,male,1.64,53
5816,male,1.68,71
5817,female,1.7,61
5818,female,1.67,53
5819,female,1.65,45
5820,female,1.0,68
5821,male,1.62,57
5822,female,1.65,56
5823,female,1.35,15
5824,male,1.78,68
5825,female,1.65,64
5826,male,1.78,56
5827,female,1.65,81
5828,female,1.66,73
5829,female,1.68,49
5830,male,1.74,60
5831,female,1.7,39
5832,female,1.73,49
5833,female,1.63,62
5834,female,1.58,76
5835,female,1.55,83
5836,male,1.78,69
5837,male,1.74,73
5838,male,1.77,76
5839,female,1.6,67
5840,female,1.7,51
5841,female,1.7,50
5842,female,1.58,46
5843,female,1.64,74
5844,male,1.72,59
5845,female,1.61,60
5846,female,1.59,56
5847,male,1.84,77
5848,female,1.67,57
5849,male,1.74,59
5850,male,1.65,55
5851,female,1.59,69
5852,female,1.65,66
5853,male,1.7,81
5854,male,1.7,72
5855,female,1.68,65
5856,male,1.65,74
5857,female,1.6,70
5858,male,1.72,67
5859,female,1.64,37
5860,male,1.68,56
5861,male,1.75,60
5862,male,1.72,36
5863,male,1.78,48
5864,male,1.76,57
5865,female,1.5,58
5866,male,1.75,63
5867,female,1.6,68
5868,male,1.73,73
5869,female,1.68,66
5870,male,1.73,55
5871,female,1.52,84
5872,female,1.67,69
5873,male,1.79,17
5874,female,1.69,50
5875,male,1.78,41
5876,female,1.64,45
5877,male,1.63,58
5878,male,1.64,65
5879,male,1.75,87
5880,female,1.56,51
5881,male,1.7,53
5882,male,1.9,74
5883,female,1.67,48
5884,male,1.66,65
5885,female,1.7,33
5886,female,1.56,50
5887,female,1.62,66
5888,female,1.58,69
5889,female,1.68,61
5890,female,1.73,42
5891,female,1.48,84
5892,male,1.67,22
5893,male,1.3,10
5894,female,1.58,72
5895,female,1.6,66
5896,female,1.5,65
5897,male,1.82,59
5898,female,1.64,64
5899,female,1.65,41
5900,female,1.65,52
5901,female,1.65,75
5902,male,1.73,63
5903,female,1.63,85
5904,male,1.73,68
5905,male,1.74,71
5906,male,1.7,77
5907,female,1.65,36
5908,female,1.58,29
5909,female,1.56,82
5910,male,1.87,44
5911,female,1.5,72
5912,male,1.75,68
5913,male,1.76,78
5914,female,1.62,59
5915,female,1.63,70
5916,male,1.7,34
5917,male,1.7,46
5918,male,1.67,63
5919,male,1.79,60
5920,male,1.76,68
5921,male,1.75,26
5922,male,1.73,64
5923,female,1.63,67
5924,male,1.67,66
5925,male,1.8,67
5926,male,1.6,50
5927,female,1.68,43
5928,female,1.66,34
5929,male,1.68,54
5930,male,1.75,42
5931,male,1.67,66
5932,male,1.68,68
5933,male,1.8,62
5934,female,1.63,55
5935,female,1.6,62
5936,female,1.76,65
5937,male,1.7,54
5938,female,1.56,46
5939,male,1.78,64
5940,male,1.77,71
5941,female,1.5,84
5942,female,1.65,91
5943,male,1.7,64
5944,female,1.73,64
5945,male,1.69,48
5946,male,1.67,59
5947,female,1.65,33
5948,female,1.5,59
5949,male,1.87,64
5950,female,1.55,72
5951,female,1.6,65
5952,male,1.56,60
5953,male,1.7,78
5954,female,1.57,77
5955,female,1.72,38
5956,female,1.55,71
5957,female,1.6,47
5958,male,1.7,67
5959,male,1.67,53
5960,female,1.62,67
5961,male,1.74,59
5962,female,1.62,76
5963,female,1.65,62
5964,female,1.64,76
5965,female,1.66,36
5966,female,1.65,62
5967,female,1.69,65
5968,male,1.8,75
5969,male,1.7,70
5970,female,1.58,70
5971,female,1.68,59
5972,female,1.58,69
5973,male,1.8,77
5974,female,1.75,40
5975,female,0.9,75
5976,male,1.65,69
5977,female,1.6,69
5978,male,1.65,65
5979,male,1.8,20
5980,female,1.65,57
5981,female,1.65,87
5982,female,1.58,52
5983,male,1.67,65
5984,female,1.53,71
5985,female,1.68,62
5986,female,1.65,52
5987,female,1.65,60
5988,female,1.65,70
5989,male,1.7,45
5990,female,1.56,70
5991,male,1.72,59
5992,female,1.64,66
5993,male,1.78,69
5994,female,1.52,62
5995,female,1.65,24
5996,female,1.69,57
5997,female,1.62,53
5998,male,1.64,85
5999,female,1.58,68
6000,male,1.7,78
6001,male,1.8,70
6002,female,1.63,61
6003,female,1.68,49
6004,male,1.78,49
6005,female,1.58,67
6006,female,1.66,60
6007,female,1.55,62
6008,female,1.62,53
6009,female,1.65,80
6010,male,1.76,81
6011,male,1.83,64
6012,female,1.67,38
6013,female,1.65,62
6014,female,1.65,36
6015,female,1.74,64
6016,male,1.78,59
6017,female,1.62,58
6018,female,1.53,79
6019,male,1.55,72
6020,female,1.57,64
6021,female,1.6,85
6022,male,1.77,50
6023,female,1.6,71
6024,female,1.75,56
6025,female,1.65,60
6026,male,1.75,79
6027,female,1.62,64
6028,male,1.8,42
6029,male,1.8,73
6030,male,1.6,64
6031,female,1.59,86
6032,female,1.5,56
6033,male,1.83,64
6034,female,1.56,78
6035,male,1.82,48
6036,female,1.65,64
6037,male,1.76,47
6038,male,0.8,88
6039,male,1.8,39
6040,female,1.7,46
6041,male,1.83,68
6042,female,1.5,67
6043,male,1.75,62
6044,male,1.82,57
6045,male,1.85,40
6046,male,1.7,67
6047,male,1.8,56
6048,female,1.75,63
6049,male,1.78,75
6050,female,1.5,84
6051,female,1.56,52
6052,female,1.6,78
6053,male,0.82,79
6054,male,1.78,67
6055,male,1.87,56
6056,male,1.86,58
6057,female,1.77,45
6058,male,1.8,51
6059,female,1.63,57
6060,female,1.72,54
6061,female,1.65,69
6062,male,1.59,82
6063,female,1.68,68
6064,female,1.65,71
6065,female,1.78,82
6066,female,1.6,55
6067,male,1.76,45
6068,female,1.53,68
6069,female,1.56,43
6070,female,1.63,60
6071,male,1.78,72
6072,male,1.7,69
6073,male,1.73,66
6074,male,1.7,70
6075,female,1.55,64
6076,female,1.52,89
6077,male,1.6,59
6078,male,1.62,70
6079,male,1.76,74
6080,female,1.58,71
6081,female,1.68,65
6082,female,1.67,41
6083,female,1.53,69
6084,female,1.5,85
6085,male,1.75,83
6086,male,1.8,70
6087,male,1.68,44
6088,male,1.7,40
6089,female,1.62,67
6090,male,1.72,64
6091,female,1.6,63
6092,male,1.73,67
6093,male,1.75,65
6094,male,1.65,62
6095,female,1.68,51
6096,female,1.65,79
6097,female,1.7,63
6098,male,1.7,64
6099,female,1.62,82
6100,female,1.52,64
6101,female,1.7,68
6102,female,1.7,59
6103,male,1.71,78
6104,male,1.6,69
6105,female,1.64,64
6106,female,1.65,62
6107,female,1.5,53
6108,male,1.76,57
6109,female,1.68,61
6110,male,1.8,64
6111,male,1.72,61
6112,female,1.74,48
6113,female,1.6,83
6114,male,1.8,62
6115,male,1.74,75
6116,female,1.55,67
6117,male,1.7,80
6118,female,1.62,59
6119,male,1.76,71
6120,female,1.7,68
6121,female,1.6,69
6122,male,1.72,62
6123,male,1.86,74
6124,female,1.59,66
6125,female,1.64,64
6126,female,1.6,84
6127,female,1.64,53
6128,male,1.73,75
6129,female,1.57,61
6130,female,1.65,69
6131,female,1.68,41
6132,female,1.62,63
6133,male,1.75,63
6134,female,1.55,65
6135,male,1.74,76
6136,male,1.72,68
6137,female,1.8,73
6138,male,1.9,54
6139,male,1.71,59
6140,female,1.74,67
6141,male,1.72,54
6142,male,1.85,62
6143,female,1.65,62
6144,male,1.7,66
6145,female,1.58,67
6146,male,1.67,73
6147,male,1.75,54
6148,male,1.67,69
6149,female,1.58,59
6150,female,1.72,67
6151,female,1.65,38
6152,male,1.75,75
6153,male,1.75,64
6154,male,1.72,59
6155,female,1.68,72
6156,female,1.65,35
6157,female,1.78,55
6158,male,1.63,70
6159,female,1.58,67
6160,male,1.76,64
6161,male,1.75,38
6162,male,1.74,65
6163,male,1.83,63
6164,male,1.83,60
6165,female,1.65,29
6166,female,1.68,38
6167,female,1.52,67
6168,male,1.73,65
6169,female,1.5,77
6170,male,1.85,43
6171,female,1.67,66
6172,female,1.75,57
6173,female,1.68,63
6174,male,1.7,74
6175,male,1.76,47
6176,female,1.65,80
6177,female,1.56,70
6178,male,1.87,77
6179,male,1.63,66
6180,male,1.66,59
6181,female,1.7,69
6182,male,1.84,52
6183,male,1.7,66
6184,female,1.46,69
6185,female,1.6,79
6186,female,1.69,49
6187,male,1.75,45
6188,male,1.85,38
6189,male,1.93,64
6190,female,1.56,69
6191,female,1.67,38
6192,female,1.74,79
6193,female,1.6,81
6194,female,1.52,69
6195,female,1.7,70
6196,male,1.82,62
6197,female,1.58,68
6198,male,1.74,81
6199,female,1.67,56
6200,male,1.72,63
6201,male,1.76,67
6202,female,1.95,67
6203,male,1.82,56
6204,male,1.75,66
6205,male,1.84,28
6206,female,1.72,73
6207,male,1.65,77
6208,female,1.52,64
6209,male,1.75,67
6210,male,1.8,52
6211,male,1.68,62
6212,male,1.74,70
6213,female,1.63,64
6214,female,1.65,63
6215,male,1.75,73
6216,female,1.67,76
6217,female,1.7,29
6218,male,1.76,63
6219,male,1.78,33
6220,male,1.7,60
6221,male,1.7,63
6222,female,1.86,40
6223,male,1.75,74
6224,female,1.64,65
6225,male,1.82,72
6226,female,1.64,71
6227,female,1.7,36
6228,female,1.63,75
6229,female,1.5,68
6230,female,1.75,66
6231,male,1.71,61
6232,female,1.55,70
6233,male,1.87,39
6234,male,1.68,74
6235,male,1.8,70
6236,male,1.6,12
6237,female,1.6,71
6238,male,1.78,31
6239,female,1.53,80
6240,male,1.78,63
6241,female,1.58,67
6242,female,1.65,61
6243,male,1.78,64
6244,female,1.68,73
6245,female,1.56,73
6246,female,1.7,54
6247,male,1.76,65
6248,female,1.73,54
6249,female,1.6,68
6250,female,1.63,51
6251,female,1.7,28
6252,male,1.83,72
6253,male,1.75,71
6254,male,1.75,77
6255,female,1.62,78
6256,male,1.74,59
6257,male,1.7,60
6258,male,1.69,76
6259,male,1.69,71
6260,female,1.7,35
6261,female,1.64,73
6262,female,1.68,78
6263,male,1.68,66
6264,male,1.78,51
6265,male,1.75,62
6266,male,1.68,73
6267,female,1.6,73
6268,male,1.68,65
6269,female,1.65,65
6270,female,1.65,66
6271,male,1.85,36
6272,male,1.7,69
6273,female,1.58,69
6274,male,1.68,56
6275,female,1.53,45
6276,male,1.73,19
6277,male,1.8,44
6278,female,1.6,42
6279,female,1.55,62
6280,female,1.85,39
6281,female,1.65,61
6282,male,1.6,82
6283,male,1.78,64
6284,male,1.86,38
6285,male,1.74,67
6286,male,1.72,62
6287,male,1.7,83
6288,male,1.74,65
6289,male,1.7,71
6290,female,1.68,48
6291,female,1.5,80
6292,male,1.72,80
6293,male,1.65,65
6294,male,1.87,55
6295,female,1.6,55
6296,female,1.62,55
6297,female,1.55,64
6298,female,1.62,60
6299,male,1.8,28
6300,male,1.7,72
6301,male,1.73,68
6302,male,1.6,65
6303,female,1.68,74
6304,female,1.56,45
6305,female,1.6,70
6306,female,1.6,73
6307,male,1.76,73
6308,male,1.76,68
6309,male,1.75,68
6310,male,1.65,54
6311,female,1.64,77
6312,female,1.62,67
6313,male,1.73,35
6314,male,1.72,77
6315,male,1.7,73
6316,female,1.7,62
6317,female,1.58,60
6318,male,1.77,60
6319,female,1.68,66
6320,male,1.76,76
6321,male,1.64,75
6322,female,1.65,44
6323,female,1.64,55
6324,male,1.55,79
6325,male,1.6,59
6326,female,1.6,84
6327,male,1.7,64
6328,female,1.57,24
6329,female,1.6,61
6330,male,1.73,75
6331,male,1.72,62
6332,female,1.58,63
6333,female,1.8,43
6334,female,1.64,44
6335,male,1.55,65
6336,female,1.52,89
6337,male,1.86,45
6338,female,1.6,69
6339,female,1.67,66
6340,female,1.64,63
6341,female,1.6,90
6342,female,1.58,67
6343,female,1.5,67
6344,female,1.6,58
6345,female,1.5,76
6346,male,1.8,53
6347,male,1.78,71
6348,female,1.65,65
6349,female,1.5,78
6350,male,1.7,61
6351,male,1.82,51
6352,female,1.5,59
6353,male,1.7,90
6354,female,1.5,29
6355,female,1.57,64
6356,male,1.8,74
6357,female,1.65,42
6358,female,1.7,57
6359,male,1.7,68
6360,male,1.7,67
6361,female,1.64,63
6362,female,1.6,68
6363,female,1.72,69
6364,female,1.68,64
6365,female,1.65,53
6366,female,1.63,62
6367,male,1.75,64
6368,female,1.6,41
6369,female,1.6,45
6370,female,1.6,67
6371,male,1.83,57
6372,female,1.67,73
6373,female,1.63,87
6374,female,1.58,67
6375,male,1.85,49
6376,male,1.7,56
6377,female,1.62,60
6378,female,1.68,66
6379,female,1.65,82
6380,male,1.78,61
6381,male,1.75,65
6382,female,1.56,82
6383,female,1.7,60
6384,male,1.7,78
6385,female,1.5,41
6386,female,1.62,57
6387,female,1.68,52
6388,female,1.65,60
6389,female,1.64,70
6390,female,1.64,59
6391,female,1.61,78
6392,male,1.75,68
6393,male,1.66,52
6394,female,1.65,66
6395,male,1.8,40
6396,male,1.76,55
6397,female,1.62,63
6398,male,1.73,71
6399,male,1.82,76
6400,female,1.6,60
6401,male,1.76,47
6402,female,1.54,66
6403,male,1.6,62
6404,female,1.62,62
6405,female,1.64,62
6406,female,1.64,60
6407,male,1.65,74
6408,male,1.65,62
6409,male,1.85,39
6410,female,1.65,67
6411,female,1.72,41
6412,female,1.65,49
6413,female,1.54,60
6414,male,1.82,75
6415,female,1.74,66
6416,male,1.72,64
6417,female,1.6,82
6418,female,1.8,42
6419,female,1.59,51
6420,female,1.67,62
6421,male,1.76,62
6422,male,1.8,77
6423,male,1.86,45
6424,female,1.55,83
6425,male,1.73,64
6426,male,1.75,70
6427,female,1.65,49
6428,male,1.65,59
6429,male,1.83,44
6430,female,1.8,62
6431,female,1.76,52
6432,female,1.53,64
6433,male,1.6,61
6434,male,1.67,81
6435,male,1.67,65
6436,female,1.7,46
6437,female,1.53,64
6438,female,1.68,56
6439,female,1.58,67
6440,male,1.79,66
6441,female,1.6,88
6442,female,1.69,82
6443,female,1.68,71
6444,male,1.8,79
6445,female,1.65,70
6446,female,1.54,72
6447,male,1.86,69
6448,male,1.81,72
6449,male,1.73,62
6450,female,1.7,52
6451,female,1.68,59
6452,male,1.7,63
6453,female,1.53,69
6454,female,1.52,56
6455,female,1.75,56
6456,female,1.71,40
6457,female,1.7,76
6458,female,1.66,39
6459,male,1.82,45
6460,female,1.68,70
6461,male,1.84,66
6462,male,1.77,57
6463,female,1.64,56
6464,female,1.59,85
6465,female,1.58,59
6466,female,1.5,61
6467,male,1.63,63
6468,male,1.68,81
6469,male,1.75,43
6470,female,1.6,59
6471,male,1.79,39
6472,male,1.68,75
6473,male,1.77,75
6474,female,1.68,57
6475,female,1.65,70
6476,female,1.48,69
6477,male,1.8,72
6478,male,1.74,63
6479,male,1.75,75
6480,female,1.67,66
6481,male,1.7,57
6482,male,1.8,46
6483,female,1.68,66
6484,male,1.76,60
6485,male,1.85,58
6486,male,1.67,74
6487,female,1.55,63
6488,female,1.64,69
6489,male,1.7,63
6490,female,1.6,48
6491,female,1.62,63
6492,male,1.7,77
6493,male,1.7,57
6494,male,1.77,36
6495,female,1.65,58
6496,female,1.65,72
6497,male,1.75,65
6498,male,1.66,54
6499,male,1.7,82
6500,male,1.74,83
6501,female,1.6,56
6502,female,1.5,75
6503,male,1.75,71
6504,male,1.69,76
6505,male,1.74,59
6506,male,1.67,58
6507,female,1.54,64
6508,female,1.58,57
6509,female,1.55,44
6510,male,1.75,76
6511,female,1.69,64
6512,female,1.63,23
6513,female,1.66,63
6514,male,1.65,81
6515,female,1.52,63
6516,female,1.69,16
6517,female,1.6,47
6518,female,1.62,41
6519,female,0.57,59
6520,male,1.7,72
6521,female,1.64,46
6522,female,1.52,30
6523,male,1.65,70
6524,female,1.52,78
6525,female,1.74,42
6526,female,1.68,67
6527,male,1.7,71
6528,female,1.65,84
6529,female,1.78,58
6530,female,1.62,67
6531,male,1.87,42
6532,female,1.6,78
6533,male,1.72,78
6534,male,1.7,59
6535,male,1.9,62
6536,female,1.64,27
6537,male,1.92,39
6538,male,1.8,53
6539,male,1.8,60
6540,male,1.7,74
6541,male,1.76,63
6542,female,1.62,65
6543,male,1.7,69
6544,male,1.82,71
6545,female,1.62,67
6546,female,1.58,71
6547,female,1.6,58
6548,female,1.68,57
6549,female,1.68,68
6550,male,1.82,68
6551,female,1.58,47
6552,female,1.5,76
6553,female,1.6,64
6554,male,1.7,73
6555,male,1.72,54
6556,female,1.65,77
6557,female,1.65,62
6558,male,1.95,65
6559,male,1.73,68
6560,male,1.78,77
6561,female,1.6,68
6562,male,1.78,81
6563,female,1.55,87
6564,female,1.5,94
6565,male,1.72,83
6566,female,1.65,52
6567,female,1.62,45
6568,female,1.64,47
6569,male,1.82,52
6570,male,1.74,47
6571,female,1.65,64
6572,male,1.7,44
6573,male,1.92,54
6574,female,1.5,80
6575,male,1.8,42
6576,female,1.75,73
6577,male,1.72,85
6578,female,1.7,64
6579,male,1.72,63
6580,male,1.68,71
6581,female,1.56,61
6582,female,1.65,72
6583,female,1.7,66
6584,female,1.52,80
6585,male,1.76,66
6586,male,1.67,74
6587,female,1.78,78
6588,male,1.67,77
6589,male,1.85,72
6590,male,1.82,45
6591,male,1.75,49
6592,female,1.6,73
6593,male,1.75,90
6594,female,1.57,78
6595,female,1.67,68
6596,female,1.7,63
6597,female,1.49,55
6598,female,1.68,64
6599,female,1.67,62
6600,male,1.85,60
6601,female,1.65,73
6602,male,1.78,73
6603,female,1.75,47
6604,male,1.87,40
6605,female,1.68,60
6606,male,1.82,39
6607,female,1.58,70
6608,male,1.62,54
6609,male,1.74,69
6610,female,1.72,56
6611,female,1.56,84
6612,male,1.7,70
6613,male,1.65,67
6614,male,1.84,68
6615,female,1.56,58
6616,female,1.74,68
6617,female,1.58,67
6618,female,1.06,57
6619,male,1.8,75
6620,female,1.6,80
6621,male,1.8,84
6622,female,1.58,76
6623,female,1.65,53
6624,female,1.65,73
6625,male,1.82,61
6626,male,1.7,56
6627,female,1.61,59
6628,male,1.77,51
6629,female,1.72,85
6630,female,1.6,46
6631,female,1.52,60
6632,female,1.75,70
6633,female,1.58,65
6634,female,1.62,63
6635,female,1.7,51
6636,male,1.82,58
6637,female,1.56,64
6638,female,1.52,67
6639,male,1.73,55
6640,male,1.7,72
6641,male,1.7,72
6642,female,1.6,77
6643,male,1.67,56
6644,female,1.62,72
6645,female,1.61,61
6646,female,1.65,71
6647,male,1.65,72
6648,female,1.58,83
6649,male,1.7,64
6650,male,1.66,69
6651,male,1.65,86
6652,female,1.7,57
6653,female,1.58,86
6654,male,1.7,79
6655,male,1.7,58
6656,male,1.76,70
6657,female,1.65,61
6658,male,1.83,65
6659,male,1.64,76
6660,female,1.65,80
6661,female,1.72,63
6662,female,1.7,39
6663,male,1.68,72
6664,female,1.65,70
6665,female,1.64,59
6666,female,1.7,46
6667,female,1.67,68
6668,female,1.64,62
6669,female,1.56,51
6670,male,1.72,68
6671,female,1.6,62
6672,male,1.82,43
6673,male,1.68,78
6674,female,1.65,59
6675,female,1.6,74
6676,male,1.75,81
6677,female,1.64,62
6678,male,1.76,67
6679,male,1.68,77
6680,female,1.63,60
6681,male,1.72,64
6682,female,1.68,58
6683,female,1.75,47
6684,female,1.6,50
6685,male,1.64,75
6686,male,1.75,75
6687,female,1.5,70
6688,female,1.65,78
6689,female,1.66,31
6690,male,1.56,68
6691,female,1.69,44
6692,female,1.65,79
6693,male,1.8,73
6694,female,1.55,69
6695,male,1.7,77
6696,female,1.68,70
6697,male,1.75,53
6698,male,1.9,52
6699,male,1.83,80
6700,female,1.59,56
6701,female,1.55,84
6702,female,1.62,65
6703,female,1.64,74
6704,male,1.8,50
6705,female,1.65,86
6706,female,1.6,75
6707,male,1.65,22
6708,female,1.68,70
6709,female,1.52,61
6710,female,1.68,59
6711,male,1.78,66
6712,male,1.8,55
6713,female,1.65,75
6714,male,1.84,39
6715,female,1.69,67
6716,female,1.65,51
6717,male,1.75,55
6718,female,1.6,60
6719,female,1.47,58
6720,male,2.05,53
6721,female,1.68,67
6722,female,1.67,70
6723,female,1.7,68
6724,female,1.62,76
6725,female,1.68,27
6726,female,1.73,45
6727,male,1.73,66
6728,female,1.55,83
6729,female,1.75,57
6730,female,1.58,60
6731,male,1.65,71
6732,female,1.7,71
6733,female,1.68,70
6734,male,1.75,52
6735,male,1.75,69
6736,female,1.69,43
6737,male,1.75,45
6738,male,1.7,50
6739,female,1.66,70
6740,male,1.7,76
6741,male,1.72,74
6742,male,1.7,75
6743,male,1.7,73
6744,male,1.65,83
6745,female,1.67,58
6746,female,1.64,67
6747,female,1.65,66
6748,male,1.7,82
6749,male,1.8,88
6750,male,1.65,54
6751,female,1.53,65
6752,male,1.86,69
6753,male,1.65,37
6754,female,1.56,30
6755,male,1.75,69
6756,male,1.63,88
6757,male,1.75,78
6758,female,1.53,77
6759,male,1.77,43
6760,male,1.8,49
6761,male,1.7,72
6762,male,1.8,72
6763,male,1.65,60
6764,male,1.65,75
6765,female,1.6,51
6766,female,1.75,35
6767,female,1.6,66
6768,female,1.6,52
6769,male,1.75,43
6770,male,1.6,72
6771,female,1.6,59
6772,male,1.72,59
6773,male,1.76,74
6774,female,1.64,69
6775,female,1.68,50
6776,female,1.6,63
6777,female,1.67,62
6778,female,1.6,38
6779,female,1.7,69
6780,male,1.74,75
6781,female,1.68,37
6782,male,1.85,41
6783,male,1.75,48
6784,female,1.63,77
6785,female,1.6,68
6786,female,1.6,67
6787,male,1.8,60
6788,female,1.6,77
6789,female,1.61,66
6790,female,1.55,56
6791,female,1.7,66
6792,male,1.87,50
6793,male,1.87,55
6794,female,1.67,53
6795,female,1.63,73
6796,male,1.72,64
6797,male,1.82,59
6798,male,1.8,58
6799,female,1.65,60
6800,male,1.7,51
6801,male,1.77,80
6802,male,1.65,76
6803,female,1.56,67
6804,male,1.65,60
6805,female,1.58,59
6806,female,1.65,37
6807,female,1.65,78
6808,male,1.8,72
6809,female,1.75,64
6810,male,1.75,66
6811,male,1.7,64
6812,male,1.8,69
6813,female,1.56,40
6814,female,1.68,55
6815,female,1.6,54
6816,male,0.83,80
6817,male,1.82,72
6818,male,1.73,63
6819,male,1.7,49
6820,female,1.63,34
6821,male,1.9,55
6822,female,1.69,48
6823,female,1.59,52
6824,female,1.6,70
6825,male,1.63,39
6826,male,1.82,65
6827,female,1.64,46
6828,female,1.62,63
6829,female,1.62,59
6830,male,1.95,35
6831,female,1.74,37
6832,female,1.5,61
6833,male,1.7,77
6834,male,1.67,47
6835,female,1.5,72
6836,male,1.72,75
6837,female,1.74,62
6838,male,1.75,57
6839,male,1.8,29
6840,female,1.67,52
6841,female,1.67,68
6842,female,1.6,66
6843,female,1.69,87
6844,male,1.76,50
6845,male,1.74,60
6846,male,1.68,76
6847,female,1.74,65
6848,female,1.55,64
6849,female,1.49,72
6850,female,1.45,76
6851,female,1.58,62
6852,female,1.58,75
6853,male,1.73,55
6854,female,1.53,66
6855,female,1.59,81
6856,female,1.53,69
6857,female,1.6,57
6858,male,1.73,61
6859,female,1.58,65
6860,female,1.64,76
6861,male,1.63,52
6862,male,1.86,33
6863,female,1.6,72
6864,female,1.64,38
6865,male,1.67,61
6866,female,1.67,61
6867,female,1.65,70
6868,female,1.5,60
6869,female,1.56,59
6870,female,1.6,53
6871,female,1.64,79
6872,female,1.56,65
6873,male,1.72,62
6874,male,1.82,48
6875,female,1.64,73
6876,female,1.75,67
6877,male,1.88,46
6878,male,1.87,39
6879,male,1.79,41
6880,female,1.68,63
6881,male,1.65,63
6882,male,1.8,34
6883,male,1.74,44
6884,female,1.69,70
6885,male,1.79,48
6886,female,1.56,42
6887,female,1.55,70
6888,male,1.78,67
6889,male,1.86,18
6890,female,1.46,63
6891,female,1.74,44
6892,male,1.85,63
6893,male,1.66,70
6894,female,1.62,35
6895,female,1.71,62
6896,female,1.65,74
6897,male,1.7,68
6898,female,1.65,62
6899,male,1.75,54
6900,male,1.68,61
6901,male,1.74,63
6902,male,0.65,70
6903,male,1.75,67
6904,male,1.72,61
6905,female,1.55,29
6906,female,1.67,54
6907,male,1.64,74
6908,male,1.55,78
6909,female,1.58,49
6910,female,1.62,33
6911,female,1.62,44
6912,male,1.85,69
6913,male,1.78,55
6914,female,1.65,53
6915,male,1.77,45
6916,male,1.88,68
6917,female,1.65,71
6918,female,1.63,59
6919,female,1.63,92
6920,female,1.68,64
6921,female,1.52,77
6922,male,1.7,60
6923,female,1.62,50
6924,female,1.7,50
6925,female,1.8,63
6926,female,1.58,49
6927,female,1.65,67
6928,female,1.76,71
6929,female,1.65,77
6930,female,1.6,81
6931,male,1.7,75
6932,female,1.65,57
6933,female,1.7,69
6934,female,1.7,67
6935,female,1.74,56
6936,female,1.6,65
6937,male,1.86,71
6938,female,1.6,53
6939,male,1.63,62
6940,male,1.8,66
6941,female,1.54,75
6942,male,1.71,81
6943,female,1.65,64
6944,male,1.76,56
6945,male,1.84,64
6946,male,1.7,66
6947,female,1.55,83
6948,female,1.7,65
6949,male,1.8,55
6950,female,1.5,66
6951,male,1.87,31
6952,male,1.75,44
6953,male,1.72,77
6954,male,1.69,76
6955,female,1.67,73
6956,male,1.72,65
6957,male,1.87,44
6958,female,1.58,70
6959,male,1.72,63
6960,female,1.5,65
6961,male,1.7,61
6962,female,1.58,80
6963,female,1.74,42
6964,female,1.6,70
6965,female,1.7,66
6966,male,1.86,74
6967,female,1.58,82
6968,male,1.7,69
6969,male,1.8,41
6970,female,1.64,71
6971,male,1.86,66
6972,female,1.65,73
6973,female,1.5,73
6974,male,1.6,79
6975,female,1.56,39
6976,female,1.65,68
6977,female,1.65,60
6978,female,1.5,71
6979,female,1.58,62
6980,male,1.84,74
6981,male,1.8,74
6982,male,1.75,85
6983,male,1.74,40
6984,female,1.53,49
6985,female,1.7,44
6986,female,1.58,36
6987,male,1.72,50
6988,female,1.64,67
6989,female,1.65,66
6990,female,1.6,49
6991,female,1.6,56
6992,female,1.7,30
6993,female,1.65,32
6994,female,1.68,83
6995,male,1.88,59
6996,male,1.78,48
6997,female,1.58,75
6998,female,1.5,51
6999,male,1.75,74
7000,female,1.62,56
7001,male,1.65,72
7002,male,1.62,61
7003,female,1.65,85
7004,female,1.64,43
7005,female,1.65,58
7006,male,1.69,59
7007,male,1.75,84
7008,male,1.91,57
7009,female,1.58,66
7010,female,1.56,62
7011,male,1.73,59
7012,male,1.83,58
7013,female,1.54,71
7014,female,1.65,45
7015,male,1.93,40
7016,female,1.63,69
7017,male,1.65,42
7018,female,1.72,53
7019,female,1.55,46
7020,female,1.55,38
7021,male,1.72,75
7022,female,1.62,76
7023,female,1.55,46
7024,female,1.62,60
7025,female,1.58,62
7026,female,1.58,78
7027,female,1.65,69
7028,female,1.76,47
7029,female,1.63,73
7030,male,1.74,48
7031,female,1.65,68
7032,female,1.68,49
7033,female,1.64,52
7034,male,1.76,64
7035,female,1.53,52
7036,male,1.77,69
7037,female,1.5,66
7038,male,1.87,58
7039,male,1.73,69
7040,female,1.68,59
7041,male,1.68,52
7042,male,1.84,70
7043,female,1.75,71
7044,male,1.78,72
7045,male,1.63,59
7046,female,1.6,86
7047,female,1.6,64
7048,male,1.79,77
7049,female,1.52,60
7050,male,1.8,67
7051,female,1.7,25
7052,female,1.55,70
7053,male,1.72,65
7054,female,1.6,57
7055,female,1.57,55
7056,female,1.6,75
7057,male,1.62,75
7058,female,1.62,63
7059,female,1.52,71
7060,female,1.64,58
7061,female,1.67,64
7062,female,1.5,59
7063,female,1.55,64
7064,female,1.65,27
7065,female,1.6,46
7066,female,1.64,75
7067,female,1.7,60
7068,male,1.64,43
7069,female,1.68,57
7070,male,0.96,75
7071,female,1.6,59
7072,male,1.75,63
7073,female,1.65,58
7074,female,1.66,42
7075,male,1.57,75
7076,female,1.68,64
7077,male,1.68,69
7078,male,1.75,58
7079,female,1.78,65
7080,male,1.58,60
7081,male,1.75,44
7082,female,1.72,77
7083,female,1.66,71
7084,female,1.7,58
7085,male,1.75,69
7086,male,1.65,60
7087,female,1.6,56
7088,male,1.82,37
7089,female,1.56,77
7090,female,1.6,60
7091,female,1.68,59
7092,male,1.76,61
7093,male,1.61,51
7094,male,1.8,61
7095,female,1.67,64
7096,male,1.69,73
7097,female,1.65,74
7098,male,1.76,71
7099,female,1.65,70
7100,male,1.7,67
7101,male,1.73,65
7102,female,1.7,76
7103,male,1.57,65
7104,male,1.65,45
7105,female,1.64,79
7106,female,1.82,53
7107,female,1.63,66
7108,male,1.78,58
7109,female,1.7,67
7110,female,1.7,51
7111,male,1.7,62
7112,female,1.65,57
7113,male,1.87,63
7114,male,1.8,63
7115,male,1.7,73
7116,female,1.5,72
7117,female,1.8,40
7118,male,1.8,59
7119,female,1.6,63
7120,male,1.8,63
7121,female,1.65,69
7122,female,1.68,60
7123,female,1.65,75
7124,female,1.67,24
7125,male,1.73,55
7126,male,1.7,54
7127,female,1.7,76
7128,female,1.62,21
7129,female,1.6,72
7130,female,1.64,67
7131,female,1.58,62
7132,female,1.7,53
7133,male,1.7,71
7134,female,1.5,48
7135,female,1.57,75
7136,female,1.68,47
7137,female,1.65,68
7138,male,1.75,47
7139,female,1.64,65
7140,male,1.78,74
7141,female,1.56,84
7142,male,1.65,87
7143,female,1.64,45
7144,female,1.67,72
7145,female,1.6,79
7146,female,1.65,38
7147,male,1.8,43
7148,female,1.6,66
7149,male,1.72,68
7150,male,1.73,66
7151,female,1.6,70
7152,female,1.75,67
7153,female,1.55,63
7154,female,1.72,68
7155,female,1.73,82
7156,male,1.79,53
7157,female,1.68,64
7158,male,1.85,52
7159,male,1.73,57
7160,male,1.67,65
7161,male,1.83,41
7162,male,1.76,65
7163,male,1.75,62
7164,female,1.5,78
7165,male,1.65,79
7166,female,1.57,62
7167,female,1.7,71
7168,male,1.65,66
7169,female,1.75,67
7170,female,1.67,67
7171,female,1.5,58
7172,male,1.64,71
7173,male,1.73,69
7174,male,1.76,66
7175,female,1.65,86
7176,female,1.62,45
7177,male,1.72,62
7178,female,1.7,57
7179,male,1.8,74
7180,male,1.95,45
7181,male,1.8,79
7182,male,1.75,13
7183,male,1.65,60
7184,female,1.6,73
7185,female,1.55,89
7186,male,1.93,58
7187,female,1.72,49
7188,female,1.62,69
7189,female,1.7,39
7190,male,1.65,77
7191,female,1.58,58
7192,female,1.64,63
7193,female,1.5,60
7194,male,1.64,76
7195,female,1.68,78
7196,female,1.56,67
7197,male,1.7,56
7198,female,1.5,67
7199,female,1.65,64
7200,female,1.7,54
7201,male,1.9,58
7202,male,1.83,44
7203,female,1.65,62
7204,female,1.5,82
7205,female,1.64,56
7206,female,1.52,75
7207,female,1.67,80
7208,male,1.85,29
7209,male,1.58,61
7210,female,1.64,57
7211,female,1.68,61
7212,female,1.58,64
7213,female,1.63,66
7214,male,1.75,52
7215,male,1.8,87
7216,female,1.56,87
7217,female,1.69,61
7218,male,1.7,94
7219,female,1.6,75
7220,male,1.75,61
7221,male,1.0,51
7222,female,1.5,73
7223,female,1.65,54
7224,male,1.87,51
7225,female,1.58,77
7226,female,1.52,70
7227,female,1.6,64
7228,female,1.67,71
7229,male,1.78,78
7230,male,1.64,82
7231,male,1.76,65
7232,male,1.73,47
7233,female,1.6,63
7234,male,1.75,77
7235,male,1.7,64
7236,female,1.61,76
7237,male,1.72,60
7238,female,1.64,60
7239,female,1.78,53
7240,female,1.65,56
7241,female,1.7,69
7242,female,1.59,66
7243,male,1.68,82
7244,female,1.55,71
7245,male,1.68,82
7246,female,1.52,70
7247,female,1.6,68
7248,female,1.58,58
7249,female,1.55,51
7250,male,1.7,44
7251,female,1.5,68
7252,female,1.46,81
7253,female,1.61,25
7254,male,1.7,46
7255,female,1.6,44
7256,female,1.56,75
7257,male,1.85,61
7258,male,1.68,66
7259,male,1.73,24
7260,female,1.58,60
7261,male,1.8,70
7262,male,1.82,74
7263,male,1.74,61
7264,female,1.53,62
7265,female,1.68,66
7266,male,1.76,57
7267,female,1.64,69
7268,male,1.71,73
7269,female,1.69,61
7270,male,1.63,50
7271,male,1.72,68
7272,female,1.53,61
7273,male,1.8,68
7274,male,1.65,50
7275,female,1.55,74
7276,female,1.7,46
7277,female,1.56,70
7278,male,1.82,51
7279,female,1.65,62
7280,male,1.76,85
7281,female,1.7,49
7282,male,1.79,24
7283,male,1.85,58
7284,male,1.75,67
7285,female,1.5,67
7286,female,1.54,65
7287,male,1.74,58
7288,male,1.66,61
7289,male,1.67,70
7290,male,1.89,69
7291,male,1.78,58
7292,male,1.8,52
7293,female,1.62,49
7294,male,1.76,72
7295,male,1.76,77
7296,male,1.7,74
7297,male,1.85,78
7298,female,1.67,45
7299,female,1.7,54
7300,male,1.69,75
7301,female,1.6,73
7302,female,1.5,69
7303,female,1.58,70
7304,male,1.75,73
7305,female,1.7,64
7306,female,1.58,68
7307,female,1.6,70
7308,female,1.68,63
7309,female,1.45,60
7310,male,1.77,66
7311,male,1.92,64
7312,female,1.55,47
7313,female,1.56,69
7314,male,1.7,80
7315,male,1.6,59
7316,male,1.75,66
7317,female,1.57,60
7318,female,1.68,68
7319,female,1.87,47
7320,female,1.65,68
7321,male,1.64,58
7322,male,1.66,52
7323,male,1.8,66
7324,male,1.75,81
7325,female,1.65,56
7326,female,1.58,69
7327,female,1.6,55
7328,female,1.5,80
7329,female,1.64,56
7330,female,1.75,51
7331,female,1.65,52
7332,male,1.7,64
7333,male,1.72,54
7334,female,1.59,74
7335,female,1.62,65
7336,male,1.82,68
7337,female,1.56,75
7338,female,1.65,42
7339,male,1.76,72
7340,female,1.46,33
7341,female,1.65,51
7342,female,1.56,39
7343,female,1.69,60
7344,male,1.7,70
7345,female,1.65,43
7346,male,1.76,49
7347,female,1.6,69
7348,female,1.65,46
7349,female,1.65,88
7350,male,1.76,61
7351,female,1.65,66
7352,female,1.7,61
7353,male,1.63,70
7354,female,1.52,59
7355,female,1.6,35
7356,male,1.85,61
7357,female,1.62,33
7358,male,1.76,54
7359,female,1.45,69
7360,female,1.65,65
7361,male,1.76,63
7362,female,1.65,53
7363,male,1.75,61
7364,female,1.63,25
7365,female,1.74,70
7366,female,1.56,70
7367,female,1.65,62
7368,female,1.53,67
7369,male,1.8,80
7370,male,1.78,56
7371,female,1.6,64
7372,male,1.94,46
7373,female,1.67,71
7374,female,1.63,70
7375,female,1.6,62
7376,female,1.7,63
7377,female,1.7,49
7378,male,1.8,59
7379,male,1.8,36
7380,female,1.68,75
7381,male,1.8,63
7382,male,1.82,64
7383,female,1.62,48
7384,female,1.65,45
7385,male,1.76,63
7386,female,1.65,77
7387,female,1.6,29
7388,female,1.68,59
7389,female,1.6,71
7390,male,1.75,49
7391,female,1.6,70
7392,male,1.78,45
7393,female,1.58,72
7394,male,1.78,76
7395,female,1.65,81
7396,male,1.7,63
7397,male,1.8,65
7398,female,1.7,82
7399,male,1.72,63
7400,female,1.65,67
7401,male,1.79,51
7402,female,1.63,48
7403,female,1.64,54
7404,female,1.75,50
7405,male,1.96,51
7406,male,1.73,79
7407,female,1.57,69
7408,male,1.72,50
7409,male,1.68,77
7410,male,1.9,69
7411,female,1.6,76
7412,male,1.85,84
7413,male,1.7,54
7414,male,1.7,77
7415,male,1.75,78
7416,male,1.85,51
7417,male,1.72,50
7418,female,1.4,81
7419,female,1.6,63
7420,female,1.65,44
7421,female,1.5,87
7422,male,1.77,73
7423,female,1.68,64
7424,female,1.58,76
7425,female,1.7,22
7426,female,1.6,79
7427,female,1.62,82
7428,male,1.75,66
7429,female,1.61,67
7430,male,1.65,68
7431,male,1.85,78
7432,male,1.77,52
7433,male,1.7,53
7434,female,1.68,39
7435,female,1.67,61
7436,female,1.63,74
7437,female,1.62,81
7438,female,1.65,58
7439,female,1.67,70
7440,male,1.75,70
7441,female,1.64,64
7442,male,1.48,12
7443,female,1.65,77
7444,female,1.52,43
7445,male,1.6,62
7446,female,1.64,54
7447,female,1.7,34
7448,female,1.6,52
7449,male,1.8,28
7450,male,1.65,73
7451,female,1.72,40
7452,female,1.7,72
7453,male,1.75,77
7454,female,1.64,60
7455,female,1.7,53
7456,female,1.67,69
7457,male,1.65,73
7458,male,1.75,61
7459,male,1.7,59
7460,female,1.67,71
7461,female,1.8,51
7462,female,1.6,57
7463,male,1.73,67
7464,male,1.65,78
7465,male,1.75,71
7466,female,1.75,49
7467,male,1.75,58
7468,female,1.76,60
7469,male,1.68,71
7470,female,1.58,65
7471,male,1.73,40
7472,male,1.69,78
7473,female,1.67,51
7474,female,1.53,65
7475,male,1.6,75
7476,female,1.72,67
7477,female,1.65,64
7478,male,1.7,44
7479,female,1.62,61
7480,female,1.68,71
7481,female,1.63,69
7482,male,1.84,70
7483,female,1.64,54
7484,male,1.79,42
7485,female,1.55,68
7486,male,1.78,78
7487,female,1.56,64
7488,female,1.64,61
7489,female,1.68,65
7490,female,1.7,77
7491,female,1.79,63
7492,female,1.64,46
7493,female,1.52,76
7494,female,1.6,78
7495,male,1.7,78
7496,male,1.75,56
7497,male,1.74,75
7498,male,1.7,75
7499,male,1.7,58
7500,male,1.6,81
7501,female,1.7,23
7502,male,1.7,41
7503,male,1.65,76
7504,female,1.6,80
7505,male,1.78,65
7506,male,1.7,79
7507,female,1.4,81
7508,male,1.8,43
7509,male,1.84,25
7510,male,1.48,63
7511,female,1.65,56
7512,male,1.76,68
7513,male,1.6,66
7514,female,1.75,70
7515,male,1.75,60
7516,male,1.8,42
7517,male,1.6,62
7518,female,1.64,45
7519,male,1.72,59
7520,female,1.56,64
7521,male,1.76,39
7522,male,1.72,32
7523,male,1.62,51
7524,female,1.76,62
7525,female,1.62,56
7526,male,1.79,50
7527,female,1.64,71
7528,female,1.64,65
7529,male,1.7,21
7530,female,1.67,62
7531,male,1.75,49
7532,male,1.82,61
7533,female,1.65,58
7534,female,1.7,59
7535,male,1.7,62
7536,female,1.65,62
7537,male,1.76,60
7538,male,1.66,75
7539,male,1.76,53
7540,male,1.8,36
7541,male,1.68,83
7542,male,1.74,79
7543,female,1.75,64
7544,female,1.67,50
7545,female,1.67,63
7546,female,1.62,77
7547,female,1.58,63
7548,female,1.56,70
7549,female,1.58,77
7550,female,1.64,54
7551,female,1.66,67
7552,male,1.76,80
7553,male,1.81,53
7554,male,1.76,61
7555,female,1.58,74
7556,female,1.57,75
7557,female,1.72,39
7558,male,1.72,62
7559,female,1.6,66
7560,female,1.65,59
7561,female,1.63,65
7562,female,1.6,52
7563,female,1.61,62
7564,male,1.84,65
7565,male,1.64,42
7566,male,1.67,78
7567,male,1.85,57
7568,female,1.58,45
7569,female,1.6,63
7570,male,1.72,77
7571,male,1.7,37
7572,female,1.63,55
7573,female,1.64,46
7574,male,1.8,62
7575,female,1.67,53
7576,female,1.75,39
7577,male,1.8,42
7578,male,1.64,77
7579,female,1.6,77
7580,female,1.6,67
7581,female,1.53,81
7582,female,1.65,40
7583,female,1.65,35
7584,female,1.63,48
7585,male,1.68,74
7586,female,1.55,70
7587,female,1.54,59
7588,female,1.6,58
7589,female,1.56,58
7590,female,1.7,58
7591,female,1.55,52
7592,female,1.62,45
7593,female,1.55,56
7594,female,1.65,57
7595,female,1.64,69
7596,female,1.6,67
7597,female,1.63,65
7598,female,1.53,84
7599,female,1.65,65
7600,female,1.7,77
7601,female,1.65,56
7602,male,1.75,66
7603,female,1.65,62
7604,male,1.68,68
7605,female,1.58,71
7606,male,1.8,78
7607,female,1.64,48
7608,female,1.6,63
7609,female,1.7,50
7610,female,1.73,44
7611,female,1.75,64
7612,female,1.6,56
7613,female,1.53,70
7614,female,1.49,66
7615,female,1.5,73
7616,female,1.6,64
7617,male,1.7,78
7618,female,1.64,54
7619,female,1.73,48
7620,female,1.6,60
7621,male,1.75,58
7622,male,1.83,64
7623,male,1.65,63
7624,female,1.72,27
7625,female,1.62,76
7626,male,1.75,56
7627,male,1.65,72
7628,male,1.78,77
7629,male,1.7,60
7630,female,1.68,30
7631,female,1.58,73
7632,female,1.64,71
7633,female,1.52,60
7634,male,1.8,63
7635,female,1.67,59
7636,female,1.7,61
7637,female,1.62,59
7638,male,1.8,52
7639,female,1.6,62
7640,female,1.6,57
7641,female,1.58,50
7642,female,1.6,60
7643,male,1.75,67
7644,female,0.72,71
7645,female,1.65,68
7646,male,1.65,83
7647,male,1.74,58
7648,female,1.65,68
7649,male,1.76,80
7650,male,1.72,66
7651,male,1.75,34
7652,male,1.73,65
7653,male,1.75,61
7654,female,1.58,60
7655,male,1.7,59
7656,male,1.78,63
7657,female,1.6,90
7658,female,1.65,76
7659,male,1.68,70
7660,male,1.72,58
7661,male,1.73,62
7662,male,1.68,69
7663,female,1.6,63
7664,female,1.5,63
7665,male,1.8,74
7666,female,1.55,85
7667,female,1.64,76
7668,female,1.65,61
7669,male,1.65,58
7670,female,1.62,64
7671,male,1.68,76
7672,male,1.02,65
7673,male,1.7,70
7674,female,1.55,41
7675,female,1.52,57
7676,female,1.7,70
7677,male,1.73,63
7678,male,0.72,74
7679,female,1.64,62
7680,male,0.68,50
7681,female,1.58,75
7682,female,1.68,63
7683,female,1.65,64
7684,male,0.7,67
7685,male,1.3,58
7686,male,1.7,49
7687,female,1.6,60
7688,female,1.65,54
7689,male,1.83,66
7690,female,1.66,75
7691,female,1.67,78
7692,male,1.62,56
7693,female,1.64,64
7694,female,1.7,87
7695,male,1.75,68
7696,female,1.68,56
7697,female,1.68,39
7698,male,1.8,64
7699,female,1.5,81
7700,female,1.58,46
7701,male,1.88,61
7702,male,1.85,23
7703,female,1.7,47
7704,female,1.64,69
7705,female,1.64,65
7706,female,1.65,41
7707,male,1.7,61
7708,female,1.64,68
7709,female,1.6,84
7710,female,1.66,65
7711,female,1.67,78
7712,male,1.7,67
7713,male,1.78,75
7714,male,1.65,68
7715,female,1.66,57
7716,male,1.8,65
7717,male,1.68,72
7718,male,1.55,36
7719,female,1.62,71
7720,male,1.84,63
7721,female,1.62,64
7722,male,1.75,48
7723,female,1.5,44
7724,male,1.78,78
7725,male,1.72,65
7726,male,1.74,83
7727,male,1.71,69
7728,female,1.67,64
7729,male,1.85,38
7730,female,1.62,67
7731,female,1.71,41
7732,male,1.83,57
7733,female,1.68,83
7734,male,1.74,84
7735,male,1.7,78
7736,female,1.64,40
7737,female,1.72,36
7738,male,1.68,78
7739,male,1.8,20
7740,female,1.55,84
7741,female,1.6,64
7742,male,1.8,74
7743,male,1.84,48
7744,male,1.2,48
7745,female,1.68,79
7746,female,1.48,80
7747,male,1.69,85
7748,male,1.72,72
7749,female,1.64,32
7750,male,1.74,75
7751,female,1.58,71
7752,female,1.72,46
7753,female,1.6,71
7754,female,1.5,72
7755,female,1.64,72
7756,male,1.86,41
7757,male,1.78,62
7758,female,1.68,78
7759,female,1.76,78
7760,male,1.74,40
7761,female,1.76,57
7762,male,1.73,28
7763,female,1.73,49
7764,female,1.65,53
7765,female,1.5,84
7766,female,1.54,58
7767,female,1.63,63
7768,male,1.73,54
7769,male,1.75,50
7770,male,1.78,40
7771,male,1.75,70
7772,female,1.62,80
7773,female,1.53,26
7774,male,1.68,65
7775,female,1.56,43
7776,female,1.64,81
7777,male,1.72,45
7778,female,1.6,54
7779,female,1.53,45
7780,male,1.72,47
7781,female,1.6,72
7782,male,1.75,74
7783,female,1.68,28
7784,male,1.65,71
7785,male,1.72,59
7786,female,1.65,64
7787,female,1.55,60
7788,male,1.65,41
7789,female,1.6,60
7790,male,1.75,36
7791,female,1.58,52
7792,female,1.58,68
7793,female,1.68,73
7794,male,1.7,64
7795,male,1.73,66
7796,female,1.54,77
7797,female,1.52,73
7798,female,1.76,79
7799,male,1.7,62
7800,female,1.68,83
7801,female,1.65,49
7802,female,1.75,27
7803,female,1.74,64
7804,male,1.7,50
7805,male,1.83,39
7806,female,1.67,57
7807,male,1.7,68
7808,female,1.56,76
7809,female,1.55,81
7810,male,1.73,44
7811,female,1.55,34
7812,male,1.78,70
7813,female,1.57,38
7814,male,1.8,74
7815,male,1.86,76
7816,female,1.67,62
7817,male,1.74,48
7818,female,1.5,60
7819,male,1.84,40
7820,male,1.78,52
7821,male,1.78,59
7822,female,1.89,47
7823,female,1.64,76
7824,male,1.7,75
7825,female,1.75,49
7826,male,1.7,69
7827,female,1.76,58
7828,female,1.67,69
7829,female,1.65,50
7830,female,1.6,68
7831,female,1.64,65
7832,male,1.76,65
7833,female,1.63,65
7834,male,1.75,77
7835,male,1.8,83
7836,male,1.76,70
7837,male,1.72,59
7838,male,1.55,89
7839,female,1.5,67
7840,female,1.57,69
7841,male,1.65,79
7842,female,1.53,55
7843,female,1.62,64
7844,male,1.87,64
7845,female,1.5,74
7846,male,1.52,72
7847,female,1.72,51
7848,female,1.6,65
7849,male,1.8,67
7850,male,1.75,41
7851,female,1.67,68
7852,female,1.66,76
7853,female,1.6,65
7854,male,1.73,43
7855,male,1.78,70
7856,male,1.55,64
7857,female,1.57,57
7858,female,1.52,69
7859,female,1.64,83
7860,male,1.73,53
7861,female,1.6,61
7862,female,1.58,63
7863,female,1.75,55
7864,female,1.73,66
7865,female,1.56,52
7866,female,1.46,75
7867,female,1.61,66
7868,male,1.62,73
7869,male,1.7,86
7870,female,1.57,44
7871,male,1.8,29
7872,male,1.74,70
7873,male,1.65,62
7874,male,1.72,73
7875,male,1.72,77
7876,male,1.75,53
7877,female,1.57,63
7878,male,1.6,77
7879,male,1.64,75
7880,male,1.74,78
7881,male,1.81,63
7882,male,1.78,62
7883,male,1.7,73
7884,male,1.64,69
7885,female,1.65,60
7886,female,1.56,61
7887,female,1.7,41
7888,male,1.75,55
7889,male,1.78,59
7890,male,1.72,44
7891,male,1.6,84
7892,male,1.78,76
7893,male,1.8,30
7894,male,1.75,51
7895,male,1.85,61
7896,male,1.6,48
7897,male,2.03,56
7898,male,1.68,68
7899,female,1.8,59
7900,male,1.75,74
7901,female,1.64,55
7902,male,1.74,70
7903,female,1.64,63
7904,male,1.69,56
7905,female,1.65,78
7906,male,1.76,38
7907,female,1.64,57
7908,female,1.5,79
7909,female,1.58,19
7910,female,1.6,76
7911,male,1.74,69
7912,male,1.7,75
7913,female,1.67,71
7914,male,1.85,72
7915,female,1.58,71
7916,male,1.7,56
7917,female,1.6,76
7918,female,1.64,70
7919,male,1.86,77
7920,male,1.8,45
7921,female,1.69,65
7922,female,1.57,61
7923,male,1.77,72
7924,male,1.67,74
7925,female,1.6,76
7926,female,1.65,80
7927,female,1.58,59
7928,female,1.5,76
7929,female,1.55,89
7930,female,1.64,75
7931,female,1.64,65
7932,male,1.65,79
7933,female,1.55,72
7934,female,1.48,42
7935,male,1.62,64
7936,female,1.6,56
7937,male,1.75,71
7938,male,1.65,73
7939,female,1.65,57
7940,male,1.69,80
7941,male,1.78,82
7942,male,1.68,60
7943,male,1.72,68
7944,female,1.65,59
7945,male,1.64,74
7946,female,1.7,85
7947,female,1.64,65
7948,female,1.65,47
7949,female,1.68,79
7950,female,1.7,62
7951,male,1.72,69
7952,male,1.78,53
7953,female,1.67,58
7954,female,1.66,64
7955,male,1.78,51
7956,female,1.64,50
7957,female,1.7,77
7958,female,1.62,53
7959,male,1.69,53
7960,male,1.84,82
7961,male,1.76,75
7962,male,1.74,48
7963,male,1.6,79
7964,female,1.6,84
7965,female,1.7,76
7966,male,1.73,64
7967,female,1.6,69
7968,female,1.62,75
7969,male,1.8,67
7970,male,1.78,74
7971,female,1.58,67
7972,female,1.65,31
7973,female,1.6,54
7974,female,1.6,68
7975,female,1.52,81
7976,female,1.62,88
7977,female,1.56,57
7978,female,1.72,62
7979,male,1.72,70
7980,male,0.81,65
7981,female,1.58,69
7982,female,1.62,56
7983,female,1.62,69
7984,female,1.68,40
7985,male,1.79,62
7986,male,1.8,71
7987,male,1.78,70
7988,female,1.72,39
7989,female,1.72,68
7990,female,1.58,76
7991,male,1.8,54
7992,male,1.8,54
7993,male,1.72,72
7994,male,1.6,72
7995,female,1.72,71
7996,female,1.72,71
7997,male,1.8,54
7998,male,1.65,64
7999,male,1.72,72
8000,male,1.65,45
8001,male,1.82,38
8002,female,1.57,62
8003,female,1.72,71
8004,female,1.65,49
8005,male,1.67,75
8006,female,1.72,71
8007,male,1.78,70
8008,male,1.72,72
8009,female,1.6,71
8010,female,1.65,51
8011,female,1.56,79
8012,male,1.83,64
8013,male,1.86,47
8014,female,1.72,71
8015,male,1.72,72
8016,male,1.6,72
8017,female,1.65,69
8018,female,1.64,74
8019,male,1.71,78
8020,male,1.83,70
8021,female,1.64,48
8022,female,1.76,69
8023,female,1.6,44
8024,male,1.8,55
8025,male,1.72,66
8026,female,1.5,59
8027,female,1.56,68
8028,male,1.67,75
8029,male,1.65,64
8030,female,1.58,59
8031,female,1.62,71
8032,male,1.7,87
8033,male,1.88,44
8034,female,1.67,70
8035,female,1.65,66
8036,male,1.76,67
8037,female,1.6,72
8038,male,1.78,40
8039,male,1.73,68
8040,male,1.7,70
8041,male,1.7,63
8042,male,1.72,72
8043,female,1.7,75
8044,female,1.56,76
8045,male,1.75,50
8046,female,1.56,74
8047,male,1.8,66
8048,male,1.72,63
8049,female,1.65,59
8050,female,1.65,75
8051,female,1.71,47
8052,male,1.73,45
8053,male,1.75,60
8054,female,1.6,91
8055,male,1.73,68
8056,female,1.7,66
8057,male,1.65,72
8058,female,1.6,67
8059,female,1.6,61
8060,female,1.78,64
8061,female,1.6,66
8062,female,1.68,51
8063,male,1.66,58
8064,female,1.67,60
8065,male,1.7,65
8066,female,1.68,64
8067,female,1.65,50
8068,male,1.71,82
8069,female,1.7,51
8070,male,1.7,65
8071,female,1.63,70
8072,male,1.72,54
8073,female,1.62,68
8074,female,1.65,58
8075,male,1.7,63
8076,male,1.78,70
8077,female,1.68,67
8078,female,1.67,87
8079,male,1.68,55
8080,male,1.8,54
8081,female,1.56,82
8082,female,1.67,66
8083,female,1.64,49
8084,female,1.68,79
8085,female,1.6,65
8086,female,1.6,68
8087,female,1.7,67
8088,female,1.76,66
8089,male,1.75,55
8090,female,1.6,73
8091,male,1.84,78
8092,female,1.65,44
8093,female,1.65,53
8094,female,1.57,52
8095,male,1.73,41
8096,female,1.45,85
8097,male,1.74,57
8098,male,1.78,69
8099,female,1.64,68
8100,female,1.58,62
8101,female,1.64,43
8102,female,1.58,61
8103,female,1.6,58
8104,female,1.67,57
8105,female,1.65,50
8106,female,1.7,25
8107,female,1.6,58
8108,female,1.58,62
8109,female,1.74,56
8110,female,1.54,60
8111,male,1.9,48
8112,female,1.6,51
8113,female,1.71,51
8114,male,1.6,69
8115,female,1.6,38
8116,male,1.74,69
8117,female,1.73,74
8118,male,1.62,56
8119,female,1.7,76
8120,female,1.65,80
8121,male,1.8,70
8122,male,1.7,71
8123,female,1.77,44
8124,male,1.75,74
8125,male,1.8,19
8126,female,1.59,64
8127,male,1.7,61
8128,male,1.72,68
8129,male,1.65,62
8130,male,1.65,33
8131,female,1.55,82
8132,male,1.72,74
8133,male,1.85,68
8134,male,1.8,69
8135,male,1.66,82
8136,male,1.72,63
8137,female,1.62,72
8138,female,1.52,79
8139,female,1.5,52
8140,female,1.63,65
8141,male,1.78,68
8142,male,1.8,64
8143,female,1.6,67
8144,female,1.62,72
8145,male,1.8,75
8146,male,1.7,56
8147,male,1.76,85
8148,female,1.64,37
8149,female,1.68,75
8150,male,1.71,76
8151,male,1.75,63
8152,male,1.74,69
8153,male,1.86,70
8154,male,1.9,57
8155,male,1.7,49
8156,male,1.84,67
8157,male,1.68,78
8158,female,1.64,53
8159,male,1.68,65
8160,female,1.68,63
8161,female,1.73,58
8162,female,1.7,52
8163,female,1.65,73
8164,male,1.9,42
8165,female,1.58,78
8166,female,1.78,56
8167,male,1.76,69
8168,female,1.65,73
8169,female,1.58,68
8170,male,1.65,49
8171,female,1.58,67
8172,female,1.73,27
8173,male,1.7,36
8174,female,1.56,66
8175,male,1.6,76
8176,female,1.65,70
8177,female,1.62,44
8178,female,1.62,68
8179,female,1.6,82
8180,male,1.65,81
8181,male,1.83,54
8182,male,1.7,69
8183,female,1.56,75
8184,male,1.75,33
8185,female,1.65,69
8186,female,1.64,58
8187,female,1.58,51
8188,female,1.65,50
8189,male,1.75,68
8190,female,1.6,67
8191,female,1.64,65
8192,female,1.64,71
8193,female,1.5,56
8194,female,1.67,71
8195,female,1.5,78
8196,female,1.5,65
8197,female,1.64,74
8198,male,1.76,71
8199,male,1.68,81
8200,male,1.78,61
8201,male,1.83,48
8202,female,1.56,65
8203,female,1.7,62
8204,female,1.6,69
8205,female,1.6,68
8206,female,1.64,65
8207,female,1.6,75
8208,female,1.56,79
8209,female,1.5,68
8210,female,1.65,63
8211,male,1.89,70
8212,male,1.84,63
8213,male,1.75,37
8214,female,1.64,64
8215,male,1.83,60
8216,female,1.5,55
8217,male,1.79,40
8218,female,1.63,64
8219,female,1.64,68
8220,male,1.7,54
8221,male,1.7,70
8222,female,1.82,50
8223,male,1.78,75
8224,male,1.72,40
8225,male,1.74,74
8226,male,1.82,65
8227,male,1.76,80
8228,female,1.6,84
8229,female,1.72,68
8230,female,1.7,60
8231,female,1.65,87
8232,male,1.84,58
8233,female,1.6,58
8234,male,1.76,62
8235,male,1.73,63
8236,male,1.66,83
8237,male,1.78,57
8238,female,1.62,63
8239,female,1.72,68
8240,female,1.58,55
8241,male,1.8,67
8242,female,1.65,64
8243,male,1.78,64
8244,male,1.75,37
8245,female,1.54,70
8246,male,1.72,62
8247,male,1.64,67
8248,female,1.66,39
8249,female,1.58,75
8250,female,1.64,83
8251,male,1.7,65
8252,female,1.68,77
8253,female,1.53,59
8254,female,1.68,57
8255,male,1.82,85
8256,female,1.58,61
8257,female,1.62,12
8258,female,1.55,82
8259,female,1.6,48
8260,female,1.58,73
8261,male,1.78,48
8262,female,1.7,62
8263,female,1.64,63
8264,male,1.74,76
8265,female,1.72,47
8266,male,1.9,43
8267,female,1.63,74
8268,female,1.64,50
8269,female,1.65,75
8270,female,1.65,65
8271,female,1.6,84
8272,male,1.75,69
8273,female,1.58,60
8274,male,1.76,66
8275,female,1.68,84
8276,male,1.69,69
8277,female,1.55,64
8278,female,1.63,83
8279,male,1.78,72
8280,female,1.7,76
8281,female,1.76,63
8282,male,1.84,80
8283,male,1.65,71
8284,male,1.64,75
8285,female,1.5,81
8286,female,1.64,50
8287,male,1.77,70
8288,male,1.88,70
8289,female,1.65,73
8290,female,1.65,75
8291,male,1.7,62
8292,female,1.72,69
8293,male,1.72,62
8294,female,1.56,41
8295,male,1.67,48
8296,male,1.74,61
8297,male,1.8,55
8298,male,1.67,56
8299,female,1.7,75
8300,female,1.64,58
8301,male,1.68,60
8302,male,1.65,77
8303,female,1.65,61
8304,female,1.65,66
8305,female,1.37,86
8306,male,1.62,74
8307,female,1.6,73
8308,female,1.6,67
8309,female,1.6,71
8310,female,1.55,49
8311,female,1.71,42
8312,female,1.58,75
8313,male,1.8,53
8314,male,1.76,64
8315,female,1.6,83
8316,male,1.8,60
8317,female,1.6,80
8318,female,1.56,65
8319,female,1.65,53
8320,female,1.55,68
8321,female,1.76,69
8322,male,1.87,60
8323,male,1.85,64
8324,female,1.5,81
8325,male,1.65,62
8326,female,1.65,78
8327,female,1.62,57
8328,female,1.67,67
8329,female,1.65,72
8330,male,1.7,70
8331,male,1.65,61
8332,female,1.6,74
8333,female,1.63,63
8334,male,1.68,56
8335,female,1.5,77
8336,male,1.7,78
8337,female,1.75,25
8338,female,1.49,72
8339,male,1.74,55
8340,female,1.75,54
8341,female,1.78,49
8342,male,1.76,63
8343,female,1.58,57
8344,male,2.1,20
8345,male,1.65,63
8346,female,1.6,79
8347,male,1.77,41
8348,male,1.8,75
8349,female,1.56,49
8350,female,1.63,71
8351,female,1.58,59
8352,female,1.64,65
8353,male,1.66,74
8354,female,1.56,78
8355,female,1.65,72
8356,male,1.82,70
8357,female,1.63,69
8358,male,1.75,65
8359,male,1.72,71
8360,male,1.73,44
8361,male,1.76,53
8362,female,1.64,69
8363,female,1.68,38
8364,female,1.66,65
8365,female,1.7,67
8366,male,1.8,66
8367,female,1.61,69
8368,female,1.5,74
8369,female,1.54,66
8370,male,1.72,75
8371,male,1.64,79
8372,male,1.55,39
8373,female,1.65,51
8374,male,1.71,73
8375,male,1.7,69
8376,female,1.67,25
8377,male,1.78,70
8378,male,1.86,40
8379,male,1.83,67
8380,male,1.7,63
8381,female,1.72,52
8382,female,1.68,75
8383,male,1.8,79
8384,male,1.75,65
8385,male,1.65,30
8386,female,1.64,34
8387,female,1.6,51
8388,female,1.65,72
8389,male,1.82,43
8390,male,1.8,60
8391,male,1.84,62
8392,female,1.5,67
8393,female,1.6,18
8394,male,1.74,61
8395,male,1.73,61
8396,male,1.83,29
8397,female,1.63,63
8398,female,1.55,87
8399,female,1.68,66
8400,female,1.72,44
8401,male,1.75,69
8402,male,1.82,59
8403,female,1.65,63
8404,female,1.65,29
8405,female,1.56,65
8406,male,1.8,64
8407,female,1.62,73
8408,female,1.65,51
8409,male,1.76,78
8410,female,1.58,31
8411,male,1.7,83
8412,female,1.72,35
8413,male,1.7,32
8414,female,1.65,79
8415,female,1.62,70
8416,male,1.75,70
8417,female,1.55,74
8418,female,1.73,49
8419,female,1.54,73
8420,female,1.6,62
8421,female,1.52,70
8422,female,1.62,79
8423,female,1.56,72
8424,female,1.5,57
8425,female,1.58,59
8426,male,1.65,55
8427,female,1.68,47
8428,female,1.65,84
8429,female,1.68,45
8430,male,1.78,20
8431,male,1.6,88
8432,female,1.55,68
8433,male,1.68,60
8434,female,1.7,42
8435,female,1.62,75
8436,male,1.85,71
8437,female,1.66,71
8438,male,1.76,78
8439,male,1.68,53
8440,female,1.55,73
8441,female,1.5,65
8442,female,1.5,62
8443,female,1.52,52
8444,male,1.7,76
8445,female,1.6,73
8446,male,1.65,70
8447,female,1.65,69
8448,female,1.58,74
8449,male,1.65,76
8450,male,1.74,63
8451,male,1.82,58
8452,female,1.64,63
8453,female,1.67,66
8454,male,1.8,65
8455,female,1.61,63
8456,male,1.7,69
8457,male,1.75,50
8458,male,1.75,78
8459,male,1.84,53
8460,female,1.68,59
8461,female,1.6,64
8462,male,1.72,65
8463,male,1.7,75
8464,male,1.63,62
8465,female,1.7,61
8466,female,1.68,69
8467,male,1.81,62
8468,male,1.76,48
8469,female,1.65,75
8470,female,1.67,57
8471,male,1.76,80
8472,male,1.82,55
8473,male,1.8,43
8474,male,1.75,58
8475,male,1.71,58
8476,male,1.82,55
8477,female,1.55,81
8478,male,1.74,63
8479,female,1.6,76
8480,female,1.64,71
8481,female,1.63,36
8482,female,1.67,63
8483,female,1.67,73
8484,male,1.7,68
8485,male,1.67,59
8486,male,1.76,48
8487,male,1.7,71
8488,female,1.6,56
8489,female,1.55,63
8490,female,1.55,64
8491,female,1.7,58
8492,male,1.75,44
8493,female,1.5,70
8494,female,1.6,79
8495,male,1.6,75
8496,female,1.65,38
8497,male,1.76,66
8498,male,1.76,76
8499,female,1.5,48
8500,female,1.63,81
8501,male,1.78,65
8502,male,1.67,77
8503,male,1.6,80
8504,male,1.65,64
8505,female,1.64,64
8506,male,1.57,67
8507,male,1.75,50
8508,male,1.81,77
8509,male,1.8,54
8510,female,1.64,79
8511,male,1.69,62
8512,female,1.7,82
8513,male,1.72,71
8514,male,1.9,64
8515,male,1.8,61
8516,female,1.68,69
8517,male,1.7,50
8518,male,1.78,68
8519,male,1.76,69
8520,male,1.87,62
8521,female,1.73,54
8522,male,1.72,59
8523,male,1.65,67
8524,female,1.73,59
8525,male,1.78,64
8526,female,1.56,57
8527,male,1.76,75
8528,female,1.58,60
8529,female,1.64,57
8530,female,1.7,85
8531,female,1.65,82
8532,male,1.77,65
8533,male,1.75,37
8534,male,1.66,52
8535,female,1.56,70
8536,female,1.64,68
8537,female,1.57,78
8538,male,1.89,74
8539,female,1.7,48
8540,female,1.64,30
8541,male,1.75,55
8542,female,1.7,63
8543,male,1.7,53
8544,female,1.56,54
8545,female,1.56,37
8546,female,1.51,75
8547,female,1.52,69
8548,female,1.58,57
8549,male,1.78,66
8550,male,1.6,72
8551,female,1.58,61
8552,female,1.7,62
8553,female,1.6,71
8554,male,1.65,85
8555,female,1.68,44
8556,male,1.7,59
8557,male,1.74,67
8558,male,1.78,56
8559,female,1.69,58
8560,female,1.65,58
8561,female,1.67,80
8562,female,1.76,70
8563,male,1.7,71
8564,male,1.73,82
8565,female,1.64,74
8566,female,1.56,71
8567,female,1.65,48
8568,male,1.8,49
8569,male,1.82,43
8570,male,1.68,71
8571,male,1.82,65
8572,male,1.75,76
8573,female,1.6,54
8574,male,1.96,43
8575,female,1.67,55
8576,female,1.6,63
8577,female,1.68,47
8578,female,1.58,62
8579,female,1.61,56
8580,female,1.56,62
8581,male,1.83,53
8582,female,1.79,65
8583,male,1.76,58
8584,female,1.65,67
8585,female,1.67,64
8586,female,1.64,29
8587,female,1.74,64
8588,male,1.7,69
8589,male,1.7,69
8590,male,1.83,56
8591,male,1.7,59
8592,female,1.76,41
8593,male,1.76,66
8594,male,1.72,57
8595,female,1.65,85
8596,female,1.58,73
8597,female,1.52,81
8598,male,1.7,69
8599,female,1.56,67
8600,female,1.6,71
8601,female,1.56,76
8602,male,1.78,59
8603,male,1.7,56
8604,female,1.56,68
8605,female,1.55,77
8606,male,1.58,86
8607,female,1.6,71
8608,female,1.5,74
8609,male,1.72,60
8610,female,1.64,59
8611,male,1.73,70
8612,female,1.65,74
8613,male,1.65,85
8614,female,1.7,65
8615,female,1.58,68
8616,female,1.6,84
8617,female,1.5,70
8618,female,1.6,76
8619,male,1.8,42
8620,male,1.78,62
8621,female,1.67,71
8622,female,1.5,73
8623,male,1.87,52
8624,female,1.5,93
8625,male,1.62,77
8626,female,1.7,70
8627,female,1.55,47
8628,male,1.73,38
8629,male,1.72,68
8630,female,1.7,69
8631,female,1.72,81
8632,female,1.75,27
8633,female,1.58,62
8634,female,1.67,70
8635,female,1.65,80
8636,male,1.78,84
8637,male,1.7,42
8638,female,1.67,40
8639,female,1.68,66
8640,female,1.65,58
8641,female,1.62,68
8642,male,1.64,66
8643,female,1.62,82
8644,male,1.7,52
8645,male,1.85,38
8646,female,1.64,46
8647,male,1.74,72
8648,male,1.7,73
8649,male,1.68,73
8650,female,1.65,76
8651,male,1.74,70
8652,female,1.7,60
8653,male,1.7,74
8654,female,1.65,66
8655,male,1.8,61
8656,female,1.65,73
8657,female,1.65,58
8658,male,1.7,64
8659,female,1.55,69
8660,female,1.5,42
8661,female,1.67,73
8662,female,1.5,63
8663,female,1.72,65
8664,male,1.76,70
8665,female,1.62,46
8666,female,1.55,80
8667,female,1.56,85
8668,female,1.62,59
8669,female,1.56,68
8670,male,1.7,71
8671,male,1.94,49
8672,female,1.63,50
8673,male,1.76,71
8674,female,1.73,56
8675,male,1.75,68
8676,female,1.63,58
8677,female,1.68,66
8678,male,1.75,60
8679,male,1.65,72
8680,male,1.81,64
8681,female,1.62,61
8682,male,1.65,48
8683,male,1.76,65
8684,female,1.53,47
8685,female,1.7,64
8686,female,1.65,68
8687,female,1.75,60
8688,female,1.68,64
8689,female,1.68,73
8690,male,1.72,74
8691,female,1.54,58
8692,female,1.58,60
8693,male,1.68,51
8694,male,1.9,42
8695,female,1.54,70
8696,male,1.72,74
8697,male,1.65,74
8698,male,1.96,51
8699,female,1.48,76
8700,male,1.61,64
8701,male,1.7,75
8702,female,1.65,70
8703,female,1.53,72
8704,male,1.82,61
8705,male,1.78,75
8706,male,1.6,41
8707,female,1.56,60
8708,male,1.7,54
8709,male,1.83,42
8710,male,1.7,64
8711,female,1.7,63
8712,male,1.7,72
8713,female,1.6,68
8714,male,1.58,70
8715,female,1.6,69
8716,male,1.62,62
8717,female,1.58,52
8718,male,1.78,83
8719,female,1.62,74
8720,female,1.7,66
8721,male,1.7,78
8722,female,1.56,73
8723,female,1.65,59
8724,female,1.8,56
8725,male,1.7,55
8726,female,1.62,80
8727,female,1.6,71
8728,female,1.78,64
8729,female,1.66,58
8730,female,1.64,73
8731,male,1.67,59
8732,female,1.65,61
8733,male,1.78,66
8734,male,1.74,47
8735,female,1.58,47
8736,male,1.7,66
8737,female,1.58,52
8738,female,1.67,34
8739,female,1.58,65
8740,male,1.74,67
8741,male,1.83,71
8742,female,1.65,74
8743,female,1.7,44
8744,male,1.7,59
8745,female,1.52,60
8746,male,1.83,67
8747,male,1.7,89
8748,female,1.5,79
8749,male,1.65,64
8750,male,1.75,54
8751,female,1.63,64
8752,female,1.58,61
8753,female,1.68,62
8754,female,1.64,59
8755,male,1.6,66
8756,male,1.82,67
8757,male,1.76,56
8758,male,1.71,68
8759,male,1.7,66
8760,female,1.62,66
8761,female,1.66,66
8762,male,1.74,70
8763,female,1.56,59
8764,female,1.65,69
8765,female,1.5,80
8766,male,1.73,76
8767,female,1.62,70
8768,female,1.58,60
8769,female,1.6,72
8770,female,1.75,35
8771,female,1.69,62
8772,female,1.65,67
8773,female,1.6,69
8774,female,1.7,57
8775,male,1.73,76
8776,male,1.82,61
8777,female,1.52,64
8778,female,1.75,69
8779,female,1.53,87
8780,female,1.65,41
8781,female,1.58,84
8782,male,1.73,66
8783,female,1.7,61
8784,female,1.55,83
8785,female,1.54,72
8786,female,1.67,68
8787,male,1.78,58
8788,female,1.7,54
8789,female,1.56,70
8790,male,1.8,60
8791,female,1.55,43
8792,male,1.89,49
8793,male,1.7,67
8794,female,1.6,73
8795,female,1.64,64
8796,male,1.8,64
8797,male,1.8,53
8798,male,1.79,73
8799,male,1.68,72
8800,female,1.63,83
8801,male,1.75,73
8802,male,1.79,43
8803,female,1.65,65
8804,female,1.7,72
8805,male,1.76,63
8806,female,1.68,62
8807,male,1.75,53
8808,male,1.75,67
8809,female,1.65,64
8810,female,1.55,58
8811,female,1.6,59
8812,male,1.84,43
8813,female,1.65,80
8814,male,1.7,69
8815,male,1.84,50
8816,male,1.8,64
8817,male,1.7,67
8818,female,1.6,84
8819,male,1.7,72
8820,male,1.72,72
8821,male,1.76,45
8822,male,1.8,73
8823,male,1.75,22
8824,male,1.8,51
8825,female,1.67,55
8826,male,1.7,76
8827,female,1.55,80
8828,female,1.64,73
8829,male,1.79,65
8830,male,1.75,71
8831,male,1.85,60
8832,male,1.93,67
8833,female,1.5,78
8834,male,1.62,60
8835,female,1.5,79
8836,female,1.6,67
8837,female,1.54,68
8838,female,1.58,46
8839,male,1.84,77
8840,male,1.68,65
8841,female,1.65,36
8842,female,1.6,60
8843,male,1.75,61
8844,female,1.65,69
8845,female,1.6,27
8846,male,1.74,63
8847,male,1.8,65
8848,male,1.68,40
8849,female,1.65,78
8850,female,1.63,78
8851,male,1.7,70
8852,male,1.65,70
8853,male,1.76,70
8854,female,1.68,67
8855,male,1.73,51
8856,male,1.8,61
8857,female,1.6,77
8858,male,1.67,76
8859,female,1.58,59
8860,female,1.68,68
8861,female,1.65,70
8862,male,1.86,66
8863,female,1.64,55
8864,male,1.73,61
8865,male,1.85,68
8866,male,1.76,60
8867,male,1.97,34
8868,female,1.62,63
8869,female,1.65,78
8870,female,1.63,58
8871,female,1.52,73
8872,male,1.78,64
8873,male,1.76,67
8874,male,1.87,52
8875,male,1.65,81
8876,female,1.51,63
8877,male,1.83,48
8878,male,1.78,72
8879,female,1.6,72
8880,female,1.6,63
8881,male,1.76,67
8882,female,1.86,58
8883,male,1.8,68
8884,female,1.7,58
8885,female,1.52,62
8886,male,1.85,61
8887,female,1.55,64
8888,female,1.7,72
8889,male,1.75,71
8890,female,1.55,62
8891,male,1.78,58
8892,female,1.7,59
8893,female,1.73,53
8894,female,1.67,61
8895,female,1.64,73
8896,female,1.6,49
8897,female,1.56,64
8898,female,1.62,79
8899,male,1.7,62
8900,male,1.76,60
8901,female,1.69,56
8902,female,1.65,41
8903,male,1.75,50
8904,female,1.75,55
8905,male,0.83,74
8906,female,1.75,62
8907,female,1.58,67
8908,female,1.58,58
8909,female,0.65,64
8910,male,1.66,13
8911,female,1.68,52
8912,female,1.64,38
8913,female,1.6,58
8914,female,1.63,77
8915,female,1.62,79
8916,female,1.69,56
8917,female,1.62,71
8918,male,1.8,81
8919,male,1.77,68
8920,female,1.65,71
8921,female,1.67,58
8922,female,1.6,68
8923,female,1.7,70
8924,male,1.7,72
8925,female,1.58,65
8926,female,1.6,64
8927,male,1.76,69
8928,female,1.5,70
8929,female,1.62,79
8930,female,1.67,57
8931,male,1.7,79
8932,female,1.68,57
8933,female,1.64,74
8934,male,1.84,42
8935,male,1.85,76
8936,male,1.78,61
8937,male,1.65,57
8938,male,1.78,71
8939,male,1.6,74
8940,male,1.75,40
8941,male,1.79,74
8942,male,1.76,51
8943,male,1.8,23
8944,female,1.85,43
8945,male,1.68,75
8946,female,1.65,69
8947,male,1.73,79
8948,male,1.65,77
8949,female,1.45,81
8950,female,1.65,74
8951,male,1.65,57
8952,female,1.56,47
8953,male,1.63,65
8954,male,1.79,59
8955,male,1.7,35
8956,male,1.65,51
8957,male,1.85,64
8958,male,1.78,62
8959,male,1.83,66
8960,female,1.67,56
8961,female,1.6,69
8962,female,1.65,70
8963,female,1.58,63
8964,female,1.6,57
8965,female,1.55,47
8966,female,1.64,48
8967,female,1.65,49
8968,male,1.76,70
8969,male,1.64,83
8970,male,1.67,57
8971,female,1.64,66
8972,male,1.73,67
8973,female,1.6,85
8974,female,1.53,79
8975,female,1.58,20
8976,female,1.6,55
8977,male,1.8,63
8978,male,1.69,62
8979,male,1.82,82
8980,female,1.64,58
8981,female,1.56,72
8982,male,1.75,56
8983,female,1.6,51
8984,female,1.69,78
8985,female,1.6,68
8986,female,1.72,34
8987,female,1.64,70
8988,female,1.78,87
8989,female,1.6,62
8990,female,1.6,27
8991,male,1.74,40
8992,female,1.79,78
8993,female,1.7,78
8994,female,1.63,58
8995,female,1.65,64
8996,female,1.7,76
8997,male,1.9,55
8998,female,1.5,78
8999,female,1.58,61
9000,female,1.5,61
9001,male,1.84,42
9002,male,1.72,75
9003,female,1.74,42
9004,female,1.6,79
9005,male,1.72,86
9006,male,1.69,64
9007,male,1.85,22
9008,female,1.72,68
9009,female,1.74,39
9010,female,1.67,47
9011,female,1.68,73
9012,female,1.68,66
9013,male,1.8,75
9014,female,1.6,62
9015,female,1.56,68
9016,female,1.58,60
9017,female,1.6,78
9018,male,1.68,63
9019,female,1.6,75
9020,female,1.52,68
9021,female,1.52,80
9022,female,1.67,49
9023,female,1.56,46
9024,female,1.62,77
9025,male,1.8,87
9026,female,1.55,42
9027,male,1.68,75
9028,female,1.5,66
9029,female,1.82,49
9030,male,1.68,15
9031,male,1.75,66
9032,female,1.56,32
9033,male,1.68,69
9034,female,1.65,57
9035,male,1.85,45
9036,female,1.6,59
9037,male,1.65,71
9038,female,1.65,77
9039,female,1.6,23
9040,male,1.7,62
9041,male,1.7,67
9042,female,1.78,39
9043,male,1.8,52
9044,male,1.79,52
9045,female,1.58,73
9046,female,1.6,49
9047,female,1.7,52
9048,female,1.75,69
9049,female,1.5,63
9050,female,1.62,53
9051,male,1.75,47
9052,male,1.75,48
9053,female,1.6,83
9054,male,1.76,63
9055,male,1.64,71
9056,male,1.8,73
9057,female,1.58,68
9058,female,1.64,71
9059,male,1.8,74
9060,female,1.65,72
9061,female,1.6,61
9062,female,1.58,67
9063,male,1.7,56
9064,female,1.62,58
9065,male,1.72,48
9066,female,1.73,56
9067,female,1.6,58
9068,male,1.78,48
9069,female,1.76,68
9070,male,1.75,76
9071,female,1.65,55
9072,female,1.6,48
9073,male,1.67,67
9074,female,1.66,66
9075,female,1.72,68
9076,male,1.65,67
9077,male,1.68,76
9078,male,1.77,66
9079,male,1.8,55
9080,female,1.65,62
9081,female,1.54,64
9082,female,1.8,32
9083,male,1.75,38
9084,female,1.59,64
9085,male,1.76,68
9086,male,1.85,57
9087,male,1.72,87
9088,male,1.74,64
9089,male,1.8,62
9090,male,1.7,57
9091,female,1.68,61
9092,female,1.5,54
9093,female,1.6,45
9094,male,1.68,71
9095,female,1.6,80
9096,male,1.72,75
9097,male,1.7,66
9098,male,1.75,68
9099,female,1.73,55
9100,female,1.65,45
9101,female,1.62,57
9102,female,1.58,62
9103,female,1.65,73
9104,female,1.65,74
9105,male,1.85,71
9106,female,1.59,63
9107,male,1.68,69
9108,male,1.73,60
9109,female,1.73,59
9110,male,1.75,58
9111,female,1.75,63
9112,female,1.5,82
9113,male,1.72,32
9114,female,1.58,44
9115,male,1.72,62
9116,male,1.7,73
9117,female,1.56,63
9118,male,1.8,58
9119,male,1.7,64
9120,female,1.6,50
9121,female,1.53,71
9122,female,1.62,68
9123,female,1.65,68
9124,female,1.6,71
9125,male,1.76,47
9126,female,1.7,68
9127,male,1.7,77
9128,female,1.65,71
9129,female,1.65,62
9130,female,1.64,73
9131,male,1.86,49
9132,male,1.7,67
9133,female,1.65,63
9134,female,1.76,49
9135,male,1.73,64
9136,male,1.73,79
9137,female,1.69,67
9138,female,1.6,62
9139,female,1.65,68
9140,female,1.64,43
9141,female,1.6,76
9142,female,1.78,57
9143,female,1.6,63
9144,female,1.78,44
9145,female,1.62,66
9146,female,1.61,48
9147,male,1.7,19
9148,female,1.5,58
9149,female,1.68,61
9150,female,1.63,63
9151,male,1.78,62
9152,male,1.76,65
9153,male,1.7,68
9154,male,1.76,58
9155,female,1.58,78
9156,female,1.65,67
9157,female,1.57,73
9158,male,1.76,54
9159,male,1.8,66
9160,female,1.58,60
9161,male,1.83,51
9162,male,1.68,68
9163,female,1.68,61
9164,female,1.58,67
9165,female,1.63,71
9166,female,1.65,57
9167,female,1.62,70
9168,female,1.64,74
9169,female,1.7,37
9170,female,1.6,66
9171,female,1.6,79
9172,female,1.54,70
9173,male,1.6,83
9174,female,1.69,68
9175,female,1.58,58
9176,female,1.65,50
9177,female,1.52,60
9178,male,1.74,69
9179,female,1.6,30
9180,male,1.76,42
9181,male,1.62,53
9182,male,1.78,56
9183,male,1.8,65
9184,female,1.7,63
9185,female,1.64,64
9186,female,1.7,71
9187,female,1.72,60
9188,male,1.8,80
9189,female,1.5,77
9190,female,1.56,75
9191,male,1.75,24
9192,female,1.65,33
9193,female,1.7,39
9194,male,1.75,51
9195,female,1.53,83
9196,female,1.62,57
9197,male,1.75,75
9198,male,1.72,70
9199,female,1.76,41
9200,male,1.8,68
9201,male,1.8,54
9202,female,1.65,79
9203,male,1.82,74
9204,female,1.73,60
9205,male,1.77,40
9206,female,1.6,65
9207,male,1.65,76
9208,male,1.68,64
9209,female,1.64,52
9210,female,1.56,73
9211,female,1.6,60
9212,male,1.74,43
9213,male,1.15,55
9214,female,1.67,41
9215,female,1.66,76
9216,female,1.64,56
9217,female,1.65,54
9218,female,1.7,37
9219,male,1.72,76
9220,female,1.53,74
9221,female,1.5,70
9222,female,1.55,39
9223,female,1.75,58
9224,female,1.6,85
9225,female,1.6,75
9226,female,1.5,83
9227,female,1.67,52
9228,female,1.5,63
9229,female,1.64,71
9230,male,1.8,71
9231,female,1.65,84
9232,male,1.82,63
9233,male,1.69,70
9234,female,1.64,67
9235,male,1.74,67
9236,male,1.78,69
9237,female,1.55,71
9238,female,1.6,58
9239,female,1.52,45
9240,male,1.76,64
9241,female,1.65,80
9242,female,1.7,68
9243,female,1.7,70
9244,male,1.7,53
9245,female,1.55,72
9246,female,1.61,70
9247,male,1.72,78
9248,female,1.89,56
9249,female,1.64,66
9250,female,1.55,55
9251,female,1.65,69
9252,male,1.67,55
9253,female,1.58,49
9254,female,1.64,61
9255,male,1.7,90
9256,female,1.63,63
9257,male,1.59,57
9258,male,1.8,39
9259,female,1.6,36
9260,female,1.65,71
9261,female,1.63,64
9262,female,1.7,55
9263,male,1.74,66
9264,male,1.63,59
9265,male,1.7,62
9266,female,1.68,29
9267,female,1.58,79
9268,male,1.89,50
9269,female,1.6,72
9270,female,1.58,56
9271,male,1.72,56
9272,male,1.9,26
9273,female,1.64,66
9274,female,1.58,45
9275,male,1.75,66
9276,female,1.58,56
9277,male,1.8,48
9278,male,1.8,54
9279,male,1.65,56
9280,male,1.75,57
9281,male,1.8,65
9282,female,1.67,68
9283,male,1.72,59
9284,female,1.6,59
9285,male,1.91,66
9286,female,1.64,65
9287,male,1.87,62
9288,female,1.63,60
9289,male,1.8,71
9290,female,1.6,61
9291,female,1.68,45
9292,female,1.55,62
9293,male,1.76,62
9294,female,1.6,69
9295,female,1.62,64
9296,female,1.8,64
9297,female,1.52,65
9298,female,1.69,61
9299,female,1.56,63
9300,male,1.84,39
9301,male,17.56,77
9302,male,1.84,59
9303,female,1.64,70
9304,male,1.8,66
9305,male,1.8,60
9306,male,1.65,60
9307,female,1.55,64
9308,female,1.65,55
9309,female,1.65,79
9310,female,1.58,67
9311,female,1.8,23
9312,male,1.8,63
9313,female,1.69,65
9314,male,1.76,66
9315,female,1.5,46
9316,male,1.83,74
9317,female,1.66,71
9318,female,1.74,69
9319,male,1.7,74
9320,female,1.53,68
9321,male,1.85,77
9322,male,1.7,63
9323,female,1.6,55
9324,female,1.7,77
9325,female,1.65,56
9326,female,1.86,69
9327,male,1.7,64
9328,female,1.58,55
9329,female,1.6,65
9330,female,1.68,52
9331,female,1.62,81
9332,male,1.64,65
9333,female,1.65,65
9334,female,1.65,65
9335,female,1.6,60
9336,female,1.45,81
9337,female,1.64,65
9338,female,1.56,38
9339,female,1.62,67
9340,male,1.63,72
9341,female,1.58,60
9342,male,1.72,37
9343,male,1.7,52
9344,male,1.64,55
9345,male,1.72,75
9346,male,1.63,78
9347,female,1.61,63
9348,female,1.64,60
9349,female,1.16,66
9350,male,1.78,61
9351,male,1.65,83
9352,female,1.6,58
9353,female,1.63,74
9354,female,1.71,64
9355,female,1.65,65
9356,male,1.83,55
9357,female,1.82,78
9358,female,1.67,67
9359,male,1.8,62
9360,male,1.68,68
9361,female,1.6,68
9362,female,1.6,79
9363,female,1.57,74
9364,male,1.78,49
9365,female,1.61,43
9366,female,1.56,27
9367,female,1.56,72
9368,female,1.55,67
9369,female,1.6,69
9370,male,1.72,75
9371,female,1.7,50
9372,female,1.62,31
9373,female,1.7,65
9374,female,1.6,63
9375,female,1.59,60
9376,female,1.52,62
9377,female,1.76,54
9378,male,1.6,22
9379,female,1.7,68
9380,female,1.58,66
9381,male,1.74,69
9382,male,1.73,60
9383,female,1.75,36
9384,male,1.72,75
9385,female,1.64,65
9386,female,1.68,34
9387,female,1.64,36
9388,female,1.63,48
9389,male,1.81,35
9390,male,1.78,64
9391,female,1.55,69
9392,male,1.6,64
9393,male,1.75,72
9394,female,1.68,64
9395,female,1.63,54
9396,male,1.9,62
9397,male,1.75,64
9398,male,1.72,54
9399,female,1.58,55
9400,male,1.77,65
9401,female,1.75,52
9402,female,1.64,53
9403,female,1.52,69
9404,female,1.68,64
9405,female,1.5,82
9406,female,1.6,70
9407,male,1.82,43
9408,female,1.6,73
9409,female,1.7,53
9410,female,1.6,51
9411,female,1.52,65
9412,female,1.68,65
9413,male,1.8,31
9414,male,1.76,64
9415,female,1.5,69
9416,female,1.47,73
9417,male,1.7,62
9418,female,1.56,40
9419,female,1.64,74
9420,female,1.65,63
9421,male,1.8,44
9422,female,1.6,77
9423,female,1.58,70
9424,female,1.65,39
9425,female,1.6,75
9426,female,1.7,63
9427,male,1.78,70
9428,male,1.77,61
9429,male,1.67,78
9430,female,1.57,53
9431,female,1.58,69
9432,female,1.65,46
9433,female,1.53,70
9434,female,1.57,62
9435,female,1.56,68
9436,male,1.89,16
9437,male,1.7,83
9438,female,1.59,60
9439,female,1.58,69
9440,female,1.75,74
9441,male,1.8,40
9442,female,1.68,69
9443,female,1.7,44
9444,female,1.6,73
9445,female,1.75,34
9446,female,1.65,71
9447,female,1.67,45
9448,male,1.76,67
9449,male,1.7,70
9450,male,1.75,76
9451,female,1.65,85
9452,male,1.7,55
9453,female,1.46,68
9454,male,1.82,66
9455,female,1.6,57
9456,female,1.7,72
9457,female,1.58,60
9458,female,1.58,65
9459,female,1.72,65
9460,male,1.68,63
9461,female,1.67,76
9462,female,1.58,60
9463,male,1.65,17
9464,male,1.81,59
9465,male,1.7,55
9466,female,1.5,77
9467,female,1.55,32
9468,female,1.65,44
9469,female,1.62,73
9470,female,1.62,72
9471,female,1.5,48
9472,male,1.68,81
9473,female,1.65,70
9474,male,1.75,62
9475,female,1.62,58
9476,female,1.63,74
9477,female,1.58,68
9478,male,1.65,51
9479,female,1.7,57
9480,female,1.65,76
9481,male,1.85,64
9482,male,1.82,45
9483,male,1.72,65
9484,female,1.52,80
9485,female,1.56,73
9486,female,1.78,65
9487,female,1.6,41
9488,female,1.67,34
9489,female,1.6,61
9490,male,1.8,22
9491,male,1.7,62
9492,female,1.56,30
9493,male,1.73,58
9494,female,1.65,43
9495,male,1.7,59
9496,female,1.7,53
9497,male,1.67,60
9498,female,1.68,64
9499,male,1.84,38
9500,female,1.56,64
9501,male,1.58,78
9502,male,1.7,59
9503,male,1.78,67
9504,female,1.68,72
9505,male,1.75,63
9506,male,1.75,79
9507,male,1.74,55
9508,male,1.6,89
9509,male,1.8,46
9510,male,1.7,66
9511,female,1.6,67
9512,female,1.57,61
9513,male,1.67,53
9514,female,1.5,65
9515,female,1.62,61
9516,male,1.75,74
9517,male,1.8,65
9518,female,1.6,61
9519,female,1.65,61
9520,female,1.75,68
9521,male,1.72,33
9522,female,1.68,51
9523,male,1.7,70
9524,female,1.56,79
9525,male,1.6,79
9526,female,1.7,58
9527,male,1.8,38
9528,female,1.65,63
9529,male,1.68,75
9530,female,1.72,24
9531,male,1.8,74
9532,female,1.73,27
9533,male,1.76,54
9534,female,1.57,67
9535,female,1.6,64
9536,female,1.55,84
9537,female,1.7,60
9538,male,1.72,68
9539,male,1.71,74
9540,male,1.65,77
9541,female,1.6,86
9542,male,1.8,42
9543,female,1.58,65
9544,male,1.96,45
9545,male,1.8,85
9546,male,1.69,66
9547,male,1.72,69
9548,female,1.6,61
9549,male,1.7,73
9550,female,1.68,62
9551,male,1.8,36
9552,female,1.5,47
9553,male,1.76,61
9554,female,1.58,41
9555,male,1.83,76
9556,female,1.6,67
9557,female,1.6,72
9558,male,1.8,79
9559,male,1.81,54
9560,female,1.6,60
9561,male,1.7,71
9562,female,1.56,71
9563,female,1.53,68
9564,male,1.7,75
9565,male,1.6,64
9566,female,1.64,71
9567,female,1.76,41
9568,male,1.79,66
9569,male,1.76,68
9570,female,1.63,69
9571,female,1.6,21
9572,male,1.73,56
9573,female,1.5,76
9574,male,1.8,61
9575,female,1.58,69
9576,female,1.62,82
9577,male,1.83,63
9578,male,1.82,43
9579,male,1.78,57
9580,male,1.64,62
9581,female,1.64,55
9582,male,1.64,71
9583,male,1.72,64
9584,male,1.7,83
9585,male,1.65,82
9586,male,1.76,65
9587,female,1.65,39
9588,male,1.63,68
9589,male,1.65,12
9590,female,1.58,67
9591,male,1.81,51
9592,female,1.65,59
9593,male,1.75,72
9594,male,1.68,69
9595,female,1.64,64
9596,female,1.65,65
9597,female,1.58,76
9598,male,1.76,56
9599,male,1.76,57
9600,female,1.56,66
9601,female,1.6,56
9602,female,1.6,83
9603,female,1.5,79
9604,male,1.77,69
9605,female,1.65,68
9606,female,1.65,61
9607,female,1.66,60
9608,female,1.64,48
9609,female,1.5,47
9610,male,1.8,35
9611,female,1.64,68
9612,female,1.75,85
9613,female,1.8,73
9614,male,1.6,56
9615,male,1.65,49
9616,male,1.72,73
9617,female,1.65,65
9618,female,1.56,71
9619,female,1.6,82
9620,female,1.7,61
9621,female,1.6,58
9622,male,1.8,53
9623,male,1.75,66
9624,male,1.65,60
9625,male,1.95,23
9626,female,1.68,64
9627,male,1.6,83
9628,female,1.65,51
9629,female,1.6,85
9630,female,1.58,69
9631,male,1.71,50
9632,male,1.78,31
9633,female,1.58,65
9634,male,1.7,57
9635,female,1.65,71
9636,female,1.7,33
9637,male,1.8,67
9638,male,1.73,63
9639,female,1.72,60
9640,female,1.6,75
9641,female,1.6,49
9642,female,1.5,67
9643,male,1.76,60
9644,female,1.6,46
9645,male,1.86,60
9646,male,1.76,87
9647,female,1.77,56
9648,male,1.75,65
9649,female,1.6,66
9650,male,1.8,86
9651,female,1.72,43
9652,female,1.68,54
9653,female,1.75,72
9654,female,1.7,42
9655,female,1.64,60
9656,female,1.7,20
9657,male,1.7,82
9658,female,1.5,71
9659,male,1.8,73
9660,female,1.65,45
9661,female,1.65,66
9662,female,1.7,63
9663,female,1.68,66
9664,male,1.7,51
9665,male,1.68,48
9666,female,1.6,80
9667,male,1.75,76
9668,male,1.84,31
9669,female,1.6,76
9670,male,1.65,56
9671,female,1.7,69
9672,male,1.78,68
9673,male,1.7,69
9674,female,1.65,35
9675,male,1.78,69
9676,female,1.65,64
9677,male,1.72,67
9678,male,1.77,55
9679,male,1.75,78
9680,female,1.74,44
9681,female,1.62,70
9682,female,1.68,61
9683,female,1.62,68
9684,female,1.58,62
9685,male,1.73,43
9686,female,1.58,60
9687,female,1.78,51
9688,female,1.61,69
9689,male,1.74,46
9690,female,1.58,64
9691,female,1.6,29
9692,female,1.58,63
9693,male,1.74,56
9694,male,1.78,52
9695,female,1.65,71
9696,male,1.69,75
9697,male,1.72,44
9698,female,1.56,50
9699,female,1.55,68
9700,female,1.57,77
9701,male,1.75,36
9702,female,1.62,73
9703,female,1.58,59
9704,female,1.5,70
9705,female,1.7,77
9706,female,1.63,74
9707,female,1.6,80
9708,male,1.66,74
9709,female,1.55,80
9710,male,1.63,74
9711,female,1.6,65
9712,male,1.72,68
9713,female,1.64,74
9714,male,1.85,56
9715,male,1.71,64
9716,female,1.61,71
9717,male,1.72,69
9718,male,1.73,76
9719,male,1.84,47
9720,female,1.7,54
9721,female,1.65,23
9722,male,1.86,75
9723,female,1.64,47
9724,female,1.6,68
9725,female,1.62,80
9726,female,1.6,76
9727,female,1.65,30
9728,female,1.5,75
9729,male,1.58,66
9730,male,1.68,59
9731,male,1.76,78
9732,male,1.75,63
9733,male,1.78,71
9734,male,1.6,76
9735,male,1.68,87
9736,female,1.6,74
9737,female,1.55,73
9738,male,1.72,80
9739,male,1.7,78
9740,female,1.7,58
9741,female,0.59,64
9742,male,1.76,83
9743,male,1.72,58
9744,female,1.68,18
9745,male,1.69,67
9746,male,1.65,84
9747,female,1.56,69
9748,female,1.7,64
9749,female,1.6,74
9750,male,1.76,68
9751,male,1.72,72
9752,male,1.76,68
9753,female,1.6,70
9754,female,1.55,63
9755,female,1.75,26
9756,male,1.67,59
9757,male,1.8,30
9758,female,1.71,69
9759,male,1.83,71
9760,female,1.6,53
9761,female,1.5,76
9762,female,1.57,70
9763,male,1.82,59
9764,female,1.64,52
9765,female,1.7,41
9766,female,1.56,76
9767,female,1.64,75
9768,female,1.64,64
9769,female,1.61,78
9770,male,1.65,63
9771,female,1.7,68
9772,female,1.6,58
9773,female,1.6,75
9774,male,1.76,54
9775,male,1.68,51
9776,male,1.86,42
9777,female,1.56,74
9778,female,1.65,74
9779,female,1.6,41
9780,female,1.57,61
9781,male,1.61,60
9782,female,1.59,77
9783,female,1.72,62
9784,female,1.6,56
9785,female,1.65,79
9786,female,1.54,51
9787,male,1.67,44
9788,male,1.82,65
9789,female,1.58,61
9790,male,1.65,72
9791,male,1.84,51
9792,male,1.67,74
9793,male,1.88,69
9794,male,1.85,26
9795,female,1.2,59
9796,male,1.68,51
9797,female,1.56,63
9798,female,1.58,72
9799,male,1.9,67
9800,female,1.73,29
9801,female,1.6,51
9802,male,1.73,63
9803,female,1.64,62
9804,male,1.87,70
9805,female,1.65,67
9806,female,1.64,75
9807,female,1.7,80
9808,male,1.72,55
9809,female,1.45,61
9810,male,1.7,63
9811,female,1.56,71
9812,female,1.68,35
9813,female,1.64,65
9814,male,1.79,68
9815,male,1.68,81
9816,female,1.63,50
9817,male,1.76,68
9818,male,1.7,43
9819,male,1.78,67
9820,male,1.68,70
9821,female,1.62,79
9822,male,1.74,66
9823,male,1.72,40
9824,male,1.86,73
9825,female,1.64,63
9826,male,1.85,37
9827,female,1.6,44
9828,female,1.64,70
9829,female,1.56,73
9830,female,1.58,60
9831,male,1.75,28
9832,female,1.73,45
9833,female,1.65,46
9834,female,1.7,71
9835,female,1.67,70
9836,male,1.78,61
9837,female,1.64,53
9838,female,1.6,51
9839,female,1.56,57
9840,male,1.71,25
9841,male,1.65,83
9842,male,1.86,48
9843,female,1.6,71
9844,female,1.65,72
9845,female,1.6,73
9846,male,1.76,48
9847,female,1.74,54
9848,male,1.6,90
9849,male,1.65,76
9850,female,1.64,55
9851,male,1.83,40
9852,male,1.76,65
9853,female,1.52,72
9854,female,1.65,72
9855,male,1.63,61
9856,male,1.78,74
9857,female,1.57,61
9858,male,1.74,62
9859,male,1.72,66
9860,female,1.64,67
9861,female,1.6,76
9862,female,1.66,59
9863,male,1.64,63
9864,female,1.64,64
9865,male,1.58,69
9866,male,1.73,47
9867,male,1.78,51
9868,male,1.72,53
9869,male,1.57,82
9870,female,1.64,80
9871,male,1.65,60
9872,female,1.62,33
9873,male,1.75,25
9874,male,1.8,60
9875,female,1.6,66
9876,female,1.65,80
9877,male,1.7,55
9878,male,1.75,52
9879,male,1.68,56
9880,female,1.5,80
9881,male,1.74,64
9882,male,1.8,39
9883,male,1.9,43
9884,female,1.65,71
9885,male,1.8,71
9886,female,1.67,65
9887,male,1.78,40
9888,female,1.52,56
9889,male,1.63,83
9890,female,1.64,34
9891,female,1.64,56
9892,female,1.63,67
9893,male,1.61,25
9894,male,1.68,51
9895,female,1.5,83
9896,female,1.68,58
9897,female,1.68,39
9898,male,1.74,74
9899,female,1.6,64
9900,female,1.58,50
9901,male,1.78,52
9902,male,1.75,36
9903,female,1.52,69
9904,female,1.5,53
9905,female,1.74,68
9906,male,1.7,48
9907,female,1.6,70
9908,male,1.75,68
9909,male,1.8,45
9910,male,1.76,80
9911,male,1.98,48
9912,male,1.81,22
9913,female,1.62,61
9914,male,1.76,64
9915,female,1.66,62
9916,male,1.72,39
9917,female,1.7,80
9918,female,1.78,36
9919,female,1.64,24
9920,female,1.64,72
9921,male,1.69,66
9922,female,1.75,50
9923,female,1.5,75
9924,male,1.7,50
9925,male,1.7,88
9926,male,1.78,60
9927,male,1.8,65
9928,female,1.65,24
9929,male,1.76,74
9930,female,1.61,56
9931,male,1.7,80
9932,male,1.67,72
9933,female,1.66,36
9934,female,1.7,45
9935,female,1.6,37
9936,female,1.6,66
9937,female,1.5,68
9938,female,1.6,66
9939,female,1.68,64
9940,female,1.64,48
9941,male,1.72,77
9942,female,1.6,81
9943,female,1.65,77
9944,female,1.5,68
9945,male,1.7,79
9946,female,1.65,84
9947,female,1.61,44
9948,male,1.85,85
9949,male,1.76,68
9950,male,1.8,61
9951,female,1.63,48
9952,female,1.6,68
9953,male,1.68,81
9954,female,1.68,67
9955,female,1.72,71
9956,male,1.8,54
9957,female,1.64,71
9958,female,1.58,39
9959,female,1.55,48
9960,female,1.6,75
9961,male,1.75,63
9962,male,1.78,62
9963,male,1.75,60
9964,female,1.65,53
9965,female,1.65,67
9966,female,1.6,64
9967,female,1.58,80
9968,female,1.7,53
9969,male,1.73,39
9970,female,1.65,66
9971,male,1.78,49
9972,female,1.55,66
9973,female,1.58,63
9974,male,1.76,64
9975,male,1.82,63
9976,male,1.9,68
9977,female,1.6,72
9978,female,1.53,79
9979,female,1.64,54
9980,male,1.78,68
9981,female,1.57,45
9982,female,1.6,80
9983,female,1.68,43
9984,male,1.78,57
9985,male,1.7,58
9986,female,1.69,74
9987,female,1.7,57
9988,male,1.75,60
9989,male,1.72,55
9990,male,1.76,55
9991,male,1.8,51
9992,female,1.6,58
9993,female,1.65,63
9994,female,1.55,70
9995,male,1.72,53
9996,male,1.84,58
9997,male,1.65,49
9998,male,1.82,63
9999,male,1.6,59
10000,male,1.7,60
10001,female,1.58,66
10002,male,1.72,85
10003,male,1.6,66
10004,male,1.78,49
10005,male,1.7,73
10006,female,1.45,76
10007,male,1.78,40
10008,male,1.74,55
10009,female,1.63,63
10010,male,1.85,60
10011,male,1.65,78
10012,female,1.62,53
10013,male,1.72,65
10014,female,1.6,76
10015,female,1.6,57
10016,male,1.82,39
10017,male,1.82,48
10018,male,1.75,75
10019,female,1.58,68
10020,female,1.5,74
10021,male,1.62,67
10022,female,1.51,66
10023,female,1.6,57
10024,female,1.83,72
10025,female,1.73,60
10026,male,1.69,72
10027,female,1.67,58
10028,male,1.75,58
10029,male,1.76,33
10030,female,1.62,59
10031,male,1.98,33
10032,male,1.75,51
10033,female,1.65,62
10034,male,1.78,84
10035,female,1.7,74
10036,female,1.64,50
10037,female,1.63,58
10038,male,1.85,66
10039,male,1.7,81
10040,female,1.65,71
10041,male,1.7,68
10042,female,1.6,60
10043,female,1.61,73
10044,male,1.76,65
10045,female,1.56,76
10046,female,1.65,33
10047,male,1.67,58
10048,female,1.72,68
10049,female,1.5,55
10050,female,1.66,82
10051,female,1.64,31
10052,female,1.46,59
10053,male,1.73,62
10054,female,1.65,69
10055,male,1.75,65
10056,female,1.68,61
10057,male,1.64,46
10058,female,1.7,83
10059,female,1.63,52
10060,male,1.75,69
10061,female,1.62,58
10062,female,1.65,50
10063,female,1.58,57
10064,female,1.59,42
10065,female,1.7,59
10066,male,1.7,69
10067,female,1.62,56
10068,female,1.76,44
10069,female,1.71,65
10070,female,1.52,45
10071,female,1.64,54
10072,female,1.5,43
10073,female,1.5,61
10074,male,1.75,44
10075,male,1.72,87
10076,female,1.58,60
10077,male,1.7,56
10078,female,1.65,81
10079,male,1.66,61
10080,male,1.7,72
10081,female,1.65,77
10082,female,1.7,61
10083,female,1.54,83
10084,female,1.54,79
10085,female,1.68,80
10086,female,1.58,66
10087,male,1.68,30
10088,female,1.55,72
10089,male,1.8,62
10090,female,1.64,73
10091,female,1.68,65
10092,male,1.8,61
10093,male,1.8,50
10094,female,1.6,62
10095,female,1.64,23
10096,male,1.65,72
10097,female,1.55,65
10098,male,1.68,51
10099,male,1.64,76
10100,female,1.67,69
10101,male,1.7,70
10102,male,1.75,55
10103,female,1.65,55
10104,male,1.78,47
10105,female,1.51,75
10106,male,1.78,59
10107,female,1.55,74
10108,female,1.6,74
10109,female,1.75,52
10110,male,1.56,66
10111,female,1.68,77
10112,male,1.76,36
10113,male,1.9,48
10114,female,1.49,58
10115,female,1.7,68
10116,female,1.6,71
10117,male,1.72,76
10118,male,1.8,54
10119,male,1.72,41
10120,female,1.73,64
10121,male,1.7,31
10122,female,1.67,45
10123,female,1.43,57
10124,male,1.7,71
10125,male,1.71,77
10126,female,1.65,60
10127,female,1.69,65
10128,female,1.56,36
10129,female,1.7,76
10130,male,1.75,38
10131,female,1.64,63
10132,male,1.72,53
10133,male,1.72,70
10134,female,1.67,71
10135,male,1.76,66
10136,female,1.58,56
10137,male,1.7,65
10138,male,1.85,60
10139,male,1.8,77
10140,male,1.6,46
10141,male,1.78,43
10142,female,1.6,59
10143,male,1.65,57
10144,female,1.68,66
10145,male,1.75,21
10146,male,1.73,23
10147,male,1.86,73
10148,male,1.7,66
10149,female,1.63,58
10150,female,1.6,76
10151,male,1.8,45
10152,female,1.68,58
10153,female,1.64,49
10154,female,1.7,76
10155,female,1.65,40
10156,male,1.82,49
10157,female,1.6,46
10158,female,1.8,82
10159,female,1.58,68
10160,female,1.52,54
10161,female,1.76,59
10162,female,1.72,41
10163,male,1.75,78
10164,female,1.6,79
10165,female,1.7,84
10166,female,1.79,43
10167,female,1.53,68
10168,female,1.65,52
10169,male,1.63,73
10170,male,1.7,56
10171,male,1.76,78
10172,male,1.6,78
10173,male,1.68,87
10174,male,1.53,55
10175,female,1.6,63
10176,male,1.68,54
10177,female,1.6,43
10178,male,1.79,30
10179,male,1.8,57
10180,male,1.78,77
10181,male,1.76,42
10182,female,1.68,43
10183,female,1.6,78
10184,male,1.9,67
10185,female,1.73,70
10186,female,1.72,72
10187,male,1.75,53
10188,female,1.6,55
10189,female,1.5,65
10190,female,1.68,68
10191,male,1.78,64
10192,female,1.7,61
10193,female,1.58,68
10194,female,1.7,64
10195,male,1.75,66
10196,female,1.68,56
10197,male,1.65,26
10198,female,1.6,67
10199,female,1.69,62
10200,male,1.7,61
10201,male,1.73,75
10202,male,1.73,64
10203,female,1.58,38
10204,male,1.85,70
10205,male,1.88,60
10206,male,1.85,37
10207,male,1.73,61
10208,female,1.62,49
10209,female,1.64,46
10210,female,1.7,55
10211,female,1.56,53
10212,female,1.58,64
10213,male,1.65,80
10214,male,1.65,56
10215,female,1.72,64
10216,female,1.58,43
10217,male,1.68,75
10218,female,1.6,64
10219,male,1.82,57
10220,female,1.52,42
10221,male,1.72,65
10222,female,1.56,69
10223,female,1.65,64
10224,male,1.93,48
10225,female,1.65,51
10226,female,1.62,51
10227,male,1.72,68
10228,female,1.4,69
10229,male,1.6,74
10230,male,1.8,36
10231,female,1.64,70
10232,male,1.75,81
10233,female,1.59,67
10234,male,1.7,52
10235,female,1.8,86
10236,male,1.65,66
10237,male,1.83,43
10238,female,1.64,56
10239,male,1.68,76
10240,female,1.61,46
10241,male,1.7,48
10242,male,1.73,53
10243,female,1.53,74
10244,female,1.62,54
10245,male,1.75,81
10246,male,1.5,75
10247,female,1.58,63
10248,male,1.83,75
10249,female,1.74,53
10250,male,1.65,72
10251,female,1.7,70
10252,male,1.7,83
10253,female,1.64,60
10254,female,1.73,31
10255,female,1.71,46
10256,male,1.78,42
10257,female,1.6,75
10258,male,1.8,63
10259,male,1.8,41
10260,female,1.65,71
10261,male,1.68,66
10262,male,1.72,65
10263,female,1.6,60
10264,male,1.76,82
10265,female,1.61,62
10266,female,1.67,73
10267,female,1.7,59
10268,male,1.6,68
10269,female,1.65,74
10270,female,1.64,74
10271,female,1.56,45
10272,female,1.65,57
10273,male,1.8,87
10274,female,1.64,64
10275,female,1.59,43
10276,male,1.78,69
10277,male,1.64,67
10278,female,1.64,62
10279,female,1.5,41
10280,female,1.63,60
10281,female,1.55,62
10282,female,1.6,85
10283,male,1.72,64
10284,male,1.78,34
10285,female,1.56,36
10286,male,1.72,47
10287,male,1.72,51
10288,male,1.76,70
10289,male,1.6,69
10290,male,1.57,22
10291,male,1.76,85
10292,male,1.85,47
10293,female,1.66,17
10294,female,1.84,70
10295,male,1.74,56
10296,female,1.64,61
10297,male,1.8,62
10298,female,1.54,77
10299,female,1.7,42
10300,male,1.78,70
10301,male,1.63,76
10302,female,1.63,66
10303,female,1.54,48
10304,female,1.64,73
10305,male,1.7,63
10306,male,1.67,57
10307,female,1.64,64
10308,male,1.75,56
10309,female,1.7,46
10310,female,1.68,74
10311,female,1.68,48
10312,male,1.7,62
10313,male,1.88,51
10314,male,1.67,60
10315,female,1.65,85
10316,female,1.6,40
10317,female,1.6,73
10318,female,1.58,46
10319,male,1.75,63
10320,male,1.85,42
10321,male,1.7,55
10322,female,1.65,44
10323,male,1.8,39
10324,female,1.58,76
10325,female,1.6,76
10326,male,1.75,64
10327,male,1.75,67
10328,female,1.56,82
10329,male,1.67,75
10330,male,1.7,53
10331,female,1.68,42
10332,female,1.56,71
10333,female,1.65,81
10334,female,1.65,72
10335,female,1.52,61
10336,male,1.8,41
10337,female,1.65,37
10338,male,1.75,71
10339,male,1.6,53
10340,female,1.5,60
10341,male,1.65,58
10342,male,1.84,53
10343,female,1.76,49
10344,female,1.64,42
10345,female,1.6,70
10346,female,1.66,62
10347,female,1.72,42
10348,female,1.6,66
10349,female,1.56,57
10350,female,1.6,56
10351,male,1.75,66
10352,female,1.6,65
10353,male,1.7,86
10354,female,1.6,69
10355,female,1.65,59
10356,female,1.56,67
10357,male,1.89,49
10358,male,1.7,70
10359,male,1.8,69
10360,male,1.8,66
10361,female,1.66,62
10362,female,1.63,47
10363,female,1.65,73
10364,female,1.58,59
10365,male,1.8,65
10366,female,1.5,67
10367,female,1.64,69
10368,male,1.65,65
10369,female,1.6,58
10370,female,1.65,80
10371,male,1.74,67
10372,female,1.64,49
10373,female,1.54,70
10374,female,1.66,80
10375,female,1.64,66
10376,female,1.64,43
10377,female,1.6,74
10378,female,1.69,50
10379,male,1.81,43
10380,female,1.65,68
10381,female,1.63,68
10382,female,1.67,75
10383,female,1.65,68
10384,male,1.83,70
10385,female,1.66,52
10386,male,1.76,68
10387,female,1.7,67
10388,male,1.67,22
10389,female,1.6,52
10390,female,1.36,83
10391,female,1.68,72
10392,male,1.73,18
10393,male,1.72,52
10394,female,1.52,51
10395,male,1.76,67
10396,female,1.63,40
10397,female,1.68,64
10398,female,1.68,60
10399,male,1.74,84
10400,female,1.56,60
10401,female,1.65,79
10402,male,1.6,57
10403,female,1.6,63
10404,female,1.67,47
10405,female,1.7,43
10406,female,1.64,52
10407,female,1.64,48
10408,male,1.6,69
10409,male,1.66,68
10410,female,1.6,50
10411,female,1.64,64
10412,male,1.84,63
10413,female,1.65,67
10414,female,1.7,50
10415,female,1.5,68
10416,male,1.73,65
10417,male,1.85,45
10418,female,1.56,48
10419,female,1.7,49
10420,female,1.6,61
10421,male,1.74,54
10422,male,1.7,72
10423,male,1.76,62
10424,female,1.58,59
10425,female,1.66,62
10426,male,1.88,50
10427,male,1.82,58
10428,female,1.65,74
10429,female,1.72,36
10430,male,1.7,80
10431,female,1.7,63
10432,male,1.78,75
10433,female,1.6,66
10434,female,1.56,63
10435,male,1.72,84
10436,male,1.76,59
10437,female,1.6,40
10438,female,1.65,77
10439,male,1.75,75
10440,female,1.65,69
10441,female,1.6,71
10442,female,1.7,58
10443,male,1.79,62
10444,male,1.68,71
10445,female,1.58,66
10446,male,1.78,47
10447,male,1.75,84
10448,male,1.85,56
10449,female,1.72,40
10450,male,1.74,58
10451,male,1.76,37
10452,female,1.5,73
10453,female,1.65,67
10454,female,1.6,58
10455,female,1.58,44
10456,female,1.5,66
10457,female,1.7,50
10458,male,1.76,70
10459,female,1.64,73
10460,male,1.73,65
10461,female,1.64,51
10462,female,1.62,63
10463,female,1.68,65
10464,female,1.7,22
10465,female,1.53,66
10466,female,1.65,44
10467,female,1.65,27
10468,female,1.71,48
10469,male,1.82,58
10470,female,1.65,64
10471,female,1.62,70
10472,female,1.6,75
10473,female,1.6,60
10474,female,1.58,71
10475,male,1.7,68
10476,male,1.8,68
10477,male,1.88,61
10478,female,1.56,63
10479,male,1.7,82
10480,female,1.6,83
10481,male,1.64,65
10482,female,1.6,23
10483,male,1.7,75
10484,female,1.67,74
10485,female,1.58,60
10486,male,1.65,72
10487,male,1.67,62
10488,male,1.7,83
10489,female,1.7,60
10490,female,1.6,77
10491,male,1.88,61
10492,female,1.76,56
10493,male,1.7,84
10494,female,1.6,80
10495,female,1.6,89
10496,male,1.86,63
10497,male,1.76,35
10498,male,1.84,43
10499,female,1.7,43
10500,female,1.65,52
10501,female,1.6,76
10502,male,1.63,25
10503,male,1.67,73
10504,female,1.67,45
10505,male,1.8,57
10506,female,1.7,69
10507,female,1.73,63
10508,female,1.56,65
10509,female,1.73,65
10510,male,1.85,77
10511,female,1.68,30
10512,female,1.65,41
10513,female,1.68,63
10514,male,1.66,71
10515,female,1.54,68
10516,male,1.75,78
10517,male,1.95,30
10518,male,1.9,64
10519,male,1.78,59
10520,female,1.65,56
10521,female,1.67,54
10522,female,1.6,27
10523,female,1.6,56
10524,female,1.65,78
10525,male,1.79,68
10526,male,1.68,72
10527,female,1.68,70
10528,male,1.78,79
10529,male,1.65,68
10530,male,1.82,47
10531,male,1.7,78
10532,female,1.68,87
10533,male,1.72,61
10534,male,1.7,50
10535,male,1.8,51
10536,male,1.82,50
10537,female,1.6,84
10538,male,1.7,65
10539,female,1.71,43
10540,female,1.65,49
10541,male,1.82,17
10542,male,1.8,66
10543,female,1.65,69
10544,male,1.7,69
10545,male,1.73,72
10546,female,1.6,80
10547,male,1.76,77
10548,male,0.9,70
10549,male,1.2,6
10550,female,1.7,78
10551,male,1.7,43
10552,male,1.75,64
10553,female,1.65,62
10554,female,1.54,49
10555,female,1.73,43
10556,female,1.51,68
10557,female,1.62,59
10558,female,1.65,55
10559,female,1.63,63
10560,female,1.1,66
10561,female,1.7,30
10562,female,1.58,82
10563,female,1.65,76
10564,female,1.66,73
10565,female,1.7,77
10566,male,1.78,33
10567,female,1.78,46
10568,female,1.63,71
10569,male,1.65,57
10570,male,1.65,45
10571,male,1.6,37
10572,female,1.52,82
10573,female,1.67,51
10574,female,1.64,65
10575,female,1.6,46
10576,female,1.7,80
10577,female,1.56,40
10578,female,1.7,51
10579,male,1.65,90
10580,female,1.6,80
10581,male,1.9,33
10582,male,1.7,80
10583,male,1.72,54
10584,female,1.62,49
10585,female,1.65,90
10586,male,1.85,36
10587,female,1.61,66
10588,male,1.75,38
10589,female,1.54,55
10590,female,1.6,62
10591,female,1.55,60
10592,male,1.75,74
10593,male,1.7,75
10594,male,1.69,51
10595,male,1.7,69
10596,male,1.7,54
10597,female,1.55,86
10598,female,1.67,42
10599,female,1.6,63
10600,male,1.76,58
10601,female,1.55,59
10602,female,1.72,71
10603,female,1.55,80
10604,male,1.75,62
10605,female,1.6,55
10606,male,1.9,49
10607,female,1.7,43
10608,male,1.94,59
10609,female,1.7,59
10610,male,1.6,89
10611,female,1.68,67
10612,female,1.6,81
10613,male,1.72,55
10614,female,1.65,83
10615,female,1.63,68
10616,female,1.58,84
10617,male,1.7,55
10618,male,1.68,68
10619,female,1.58,80
10620,male,1.7,73
10621,male,1.75,66
10622,male,1.8,69
10623,male,1.72,69
10624,male,1.65,74
10625,male,1.65,40
10626,female,1.7,80
10627,female,1.6,77
10628,male,1.75,66
10629,male,1.8,46
10630,female,1.63,45
10631,male,1.62,72
10632,female,1.58,34
10633,female,1.58,60
10634,female,1.64,63
10635,female,1.6,42
10636,female,1.65,59
10637,female,1.6,65
10638,female,1.55,64
10639,male,1.65,71
10640,female,1.7,66
10641,female,1.65,69
10642,female,1.65,64
10643,female,1.72,70
10644,female,1.56,57
10645,male,1.78,64
10646,male,1.8,83
10647,female,1.67,52
10648,female,1.67,32
10649,male,1.65,46
10650,female,1.57,57
10651,male,1.83,60
10652,female,1.6,74
10653,female,1.67,64
10654,female,1.62,66
10655,male,1.7,59
10656,female,1.7,35
10657,male,1.7,69
10658,female,1.62,85
10659,male,1.73,70
10660,male,1.63,58
10661,female,1.69,47
10662,female,1.7,57
10663,female,1.72,36
10664,male,1.78,60
10665,female,1.5,71
10666,male,1.73,43
10667,male,1.82,62
10668,female,1.63,59
10669,female,1.64,53
10670,female,1.58,69
10671,male,1.65,76
10672,female,1.58,55
10673,female,1.68,47
10674,female,1.5,64
10675,female,1.63,63
10676,female,1.63,63
10677,male,1.63,63
10678,female,1.67,67
10679,female,1.55,61
10680,male,1.75,32
10681,female,1.6,79
10682,male,1.7,68
10683,male,1.68,65
10684,male,1.85,60
10685,female,1.72,68
10686,male,1.8,40
10687,female,1.6,55
10688,male,1.76,58
10689,male,1.83,41
10690,male,1.58,75
10691,female,1.67,32
10692,male,1.7,79
10693,male,1.65,73
10694,male,1.68,74
10695,male,1.7,76
10696,male,1.8,71
10697,male,1.76,58
10698,female,1.65,63
10699,male,1.7,71
10700,male,1.66,72
10701,male,1.78,51
10702,male,1.86,54
10703,male,1.76,73
10704,male,1.6,74
10705,male,1.75,59
10706,female,1.56,50
10707,male,1.76,57
10708,female,1.72,62
10709,female,1.55,79
10710,female,1.64,62
10711,male,1.61,71
10712,male,1.73,63
10713,female,1.63,59
10714,male,1.78,87
10715,male,1.75,59
10716,male,1.76,69
10717,female,1.65,65
10718,male,1.7,55
10719,female,1.65,84
10720,male,1.7,40
10721,male,1.8,52
10722,male,1.83,59
10723,female,1.64,54
10724,male,1.83,47
10725,female,1.7,72
10726,female,1.61,75
10727,female,1.68,72
10728,female,1.7,58
10729,female,1.56,42
10730,female,1.69,70
10731,female,1.58,60
10732,male,1.69,54
10733,male,1.75,58
10734,female,1.58,68
10735,male,1.8,74
10736,male,1.78,62
10737,female,1.52,54
10738,female,1.68,69
10739,female,1.63,67
10740,male,1.65,76
10741,female,1.7,51
10742,male,1.75,46
10743,male,1.76,73
10744,male,1.76,61
10745,female,1.65,64
10746,female,1.63,20
10747,male,1.75,44
10748,female,1.71,48
10749,male,1.76,88
10750,female,1.46,71
10751,female,1.72,22
10752,female,1.73,47
10753,male,1.8,65
10754,male,1.05,64
10755,female,1.65,63
10756,female,1.72,57
10757,female,1.56,64
10758,female,1.6,40
10759,female,1.52,67
10760,male,1.84,40
10761,female,1.58,78
10762,male,1.7,65
10763,female,1.51,63
10764,male,1.7,61
10765,female,1.6,38
10766,male,1.83,58
10767,female,1.7,73
10768,male,1.8,82
10769,male,1.75,60
10770,female,1.64,50
10771,female,1.55,88
10772,male,1.68,63
10773,female,1.64,58
10774,male,1.72,48
10775,female,1.68,70
10776,female,1.56,42
10777,female,1.58,63
10778,female,1.58,46
10779,female,1.53,60
10780,male,1.73,60
10781,female,1.62,63
10782,male,1.67,71
10783,male,1.72,72
10784,female,1.58,63
10785,male,1.76,59
10786,female,1.7,48
10787,female,1.5,74
10788,male,1.78,66
10789,female,1.69,62
10790,male,1.72,68
10791,female,1.75,37
10792,male,1.72,41
10793,female,1.6,67
10794,female,1.56,59
10795,female,1.7,76
10796,female,1.7,53
10797,female,1.64,52
10798,female,1.62,81
10799,female,1.63,78
10800,male,1.74,77
10801,female,1.83,44
10802,female,1.67,36
10803,female,1.65,71
10804,male,1.8,55
10805,male,1.8,56
10806,male,1.84,75
10807,female,1.53,64
10808,female,1.75,38
10809,male,1.84,65
10810,female,1.7,39
10811,female,1.7,75
10812,female,1.7,31
10813,female,1.76,60
10814,male,1.82,63
10815,female,1.65,51
10816,male,1.7,82
10817,female,1.54,61
10818,male,1.73,69
10819,female,1.68,76
10820,male,1.75,72
10821,female,1.57,55
10822,female,1.58,42
10823,male,1.78,55
10824,male,1.8,65
10825,male,1.82,77
10826,male,1.64,79
10827,male,1.78,34
10828,female,1.66,38
10829,male,1.79,49
10830,female,1.69,68
10831,female,1.6,57
10832,female,1.6,45
10833,male,1.7,79
10834,male,1.68,57
10835,male,1.73,44
10836,male,1.76,61
10837,male,1.8,86
10838,female,1.5,57
10839,female,1.6,54
10840,female,1.65,37
10841,female,1.7,44
10842,female,1.55,58
10843,male,1.72,47
10844,female,1.58,64
10845,female,1.75,63
10846,male,1.76,52
10847,male,1.65,58
10848,female,1.55,57
10849,male,1.79,53
10850,female,1.6,73
10851,female,1.64,43
10852,male,1.78,63
10853,female,1.6,65
10854,male,1.7,65
10855,female,1.69,66
10856,female,1.64,45
10857,female,1.5,85
10858,male,1.63,77
10859,female,1.7,52
10860,male,1.65,43
10861,male,1.78,71
10862,male,1.68,77
10863,male,1.67,72
10864,male,1.56,83
10865,female,1.6,62
10866,female,1.59,66
10867,male,1.5,55
10868,female,1.76,53
10869,male,1.85,50
10870,male,1.78,48
10871,female,1.68,69
10872,female,1.5,88
10873,female,1.62,55
10874,female,1.58,66
10875,female,1.5,73
10876,female,1.5,75
10877,male,1.87,67
10878,female,1.7,46
10879,male,1.77,39
10880,male,1.75,67
10881,female,1.75,48
10882,female,1.67,63
10883,male,1.75,85
10884,female,1.54,73
10885,male,1.82,68
10886,male,1.68,75
10887,male,1.78,68
10888,male,1.7,76
10889,male,1.76,40
10890,female,1.64,65
10891,female,1.52,47
10892,male,1.8,74
10893,female,1.7,36
10894,female,1.56,72
10895,female,1.65,72
10896,female,1.53,70
10897,female,1.68,62
10898,male,1.64,57
10899,male,1.7,40
10900,female,1.6,73
10901,male,1.71,47
10902,female,1.6,71
10903,female,1.64,52
10904,male,1.8,63
10905,male,1.6,51
10906,female,1.56,56
10907,male,1.6,49
10908,male,1.82,67
10909,female,1.65,23
10910,male,1.78,46
10911,male,1.78,58
10912,female,1.65,48
10913,male,1.78,68
10914,female,1.65,44
10915,male,1.85,57
10916,male,1.7,69
10917,male,1.7,73
10918,male,1.76,51
10919,male,1.72,66
10920,male,1.74,64
10921,female,1.78,51
10922,female,1.64,41
10923,female,1.8,53
10924,male,1.72,64
10925,male,1.7,74
10926,female,1.74,42
10927,female,1.64,61
10928,male,1.72,71
10929,female,1.65,32
10930,male,1.75,72
10931,male,1.65,69
10932,male,1.65,57
10933,female,1.72,77
10934,female,1.47,75
10935,female,1.64,69
10936,male,1.7,74
10937,female,1.65,39
10938,female,1.67,52
10939,female,1.65,52
10940,female,1.55,82
10941,female,1.72,67
10942,male,1.9,48
10943,male,1.75,38
10944,male,1.7,62
10945,male,1.6,69
10946,female,1.7,54
10947,female,1.65,49
10948,male,1.85,42
10949,male,1.7,65
10950,male,1.88,67
10951,male,1.75,57
10952,female,1.5,46
10953,female,1.58,45
10954,male,1.98,30
10955,male,1.75,64
10956,female,1.68,72
10957,female,1.62,64
10958,female,1.7,64
10959,female,1.6,45
10960,male,1.7,62
10961,male,1.85,45
10962,female,1.57,53
10963,male,1.8,51
10964,male,1.78,59
10965,female,1.7,54
10966,male,1.74,68
10967,female,1.6,87
10968,male,1.76,70
10969,female,1.65,44
10970,female,1.65,56
10971,male,1.76,61
10972,male,1.83,34
10973,female,1.65,49
10974,female,1.56,69
10975,female,1.64,23
10976,female,1.88,61
10977,female,1.7,86
10978,female,1.64,77
10979,female,1.64,57
10980,male,1.82,58
10981,male,1.8,76
10982,female,1.54,84
10983,male,1.63,71
10984,female,1.61,25
10985,female,1.6,45
10986,female,1.7,65
10987,female,1.53,63
10988,male,1.78,70
10989,female,1.6,63
10990,male,1.78,65
10991,male,1.8,58
10992,male,1.65,56
10993,male,1.7,83
10994,male,1.66,83
10995,female,1.63,59
10996,female,1.68,45
10997,male,1.8,69
10998,male,1.8,50
10999,female,1.62,57
11000,female,1.7,43
11001,male,1.8,48
11002,female,1.63,69
11003,male,1.78,53
11004,male,1.59,69
11005,female,1.5,44
11006,female,1.85,59
11007,female,1.65,63
11008,male,1.76,32
11009,male,1.64,63
11010,female,1.8,55
11011,male,1.7,64
11012,female,1.6,69
11013,female,1.64,73
11014,female,1.7,60
11015,male,1.72,64
11016,male,1.8,84
11017,female,1.8,50
11018,male,1.7,46
11019,male,1.79,48
11020,male,1.62,72
11021,female,1.68,58
11022,female,1.6,44
11023,female,1.6,55
11024,female,1.56,60
11025,female,1.58,84
11026,female,1.55,67
11027,female,1.62,43
11028,male,1.8,69
11029,female,1.6,35
11030,male,1.6,78
11031,female,1.58,83
11032,male,1.85,71
11033,female,1.59,57
11034,female,1.64,67
11035,female,1.68,56
11036,female,1.62,73
11037,male,1.65,38
11038,female,1.72,71
11039,female,1.65,40
11040,female,1.73,53
11041,male,1.84,36
11042,male,1.75,42
11043,male,1.82,69
11044,female,1.58,76
11045,male,1.83,70
11046,male,1.71,56
11047,female,1.65,54
11048,female,1.64,53
11049,female,1.68,68
11050,male,1.8,65
11051,male,1.83,41
11052,male,1.7,65
11053,female,1.65,63
11054,female,1.64,85
11055,female,1.66,41
11056,female,1.58,56
11057,female,1.71,31
11058,male,1.73,50
11059,female,1.7,26
11060,male,1.75,52
11061,female,1.6,55
11062,male,1.68,58
11063,male,1.74,64
11064,male,1.8,63
11065,female,1.72,72
11066,female,1.52,78
11067,female,1.65,73
11068,male,1.72,55
11069,female,1.6,81
11070,female,1.6,81
11071,female,1.67,61
11072,male,1.82,39
11073,male,1.53,56
11074,female,1.7,52
11075,female,1.58,70
11076,female,1.65,75
11077,male,1.7,63
11078,male,1.78,52
11079,female,1.76,51
11080,female,1.58,70
11081,female,1.63,53
11082,male,1.63,67
11083,female,1.6,85
11084,male,1.8,62
11085,male,1.64,58
11086,female,1.52,63
11087,female,1.5,81
11088,male,1.75,62
11089,female,1.7,65
11090,male,1.7,53
11091,male,1.64,81
11092,male,1.8,38
11093,male,1.64,72
11094,female,1.69,68
11095,male,1.88,39
11096,female,1.62,62
11097,male,1.73,64
11098,female,1.52,75
11099,male,1.76,76
11100,male,1.63,81
11101,female,1.64,46
11102,male,1.75,64
11103,male,1.64,64
11104,male,1.72,42
11105,male,1.7,58
11106,female,1.6,75
11107,male,1.82,45
11108,female,1.6,69
11109,male,1.93,43
11110,female,1.65,74
11111,male,1.73,70
11112,female,1.58,70
11113,female,1.65,65
11114,male,1.58,83
11115,male,1.65,14
11116,male,1.73,64
11117,male,1.8,39
11118,male,1.81,70
11119,female,1.64,79
11120,female,1.55,62
11121,female,1.7,40
11122,male,1.78,74
11123,female,1.74,25
11124,male,1.65,69
11125,female,1.55,59
11126,female,1.65,86
11127,female,1.65,67
11128,female,1.62,73
11129,female,1.73,50
11130,female,1.73,55
11131,female,1.65,84
11132,female,1.63,58
11133,female,1.54,52
11134,male,1.75,64
11135,female,1.63,81
11136,male,1.7,16
11137,female,1.63,69
11138,male,1.67,55
11139,female,1.7,68
11140,male,1.75,77
11141,male,1.67,56
11142,female,1.68,24
11143,female,1.6,83
11144,female,1.65,64
11145,female,1.67,57
11146,female,1.64,70
11147,female,1.66,52
11148,female,1.65,70
11149,female,1.65,56
11150,female,1.65,81
11151,male,1.8,52
11152,male,1.86,70
11153,female,1.65,64
11154,female,1.6,61
11155,male,1.87,57
11156,male,1.65,61
11157,male,1.75,70
11158,female,1.65,71
11159,male,1.8,55
11160,female,1.56,68
11161,male,1.86,82
11162,female,1.6,64
11163,female,1.52,55
11164,male,1.84,44
11165,male,1.65,69
11166,male,1.8,78
11167,male,1.73,71
11168,female,1.5,86
11169,male,1.7,31
11170,male,1.8,70
11171,male,1.7,64
11172,male,1.72,38
11173,male,1.76,14
11174,male,1.8,64
11175,female,1.56,68
11176,male,1.76,43
11177,male,1.94,65
11178,male,1.68,69
11179,female,1.63,69
11180,female,1.6,65
11181,female,1.68,37
11182,female,1.56,52
11183,male,1.67,65
11184,female,1.7,54
11185,female,1.65,33
11186,male,1.78,72
11187,female,1.7,73
11188,female,1.73,51
11189,male,1.85,77
11190,male,1.72,71
11191,female,1.68,68
11192,female,1.7,68
11193,male,1.73,67
11194,female,1.63,19
11195,female,1.6,63
11196,female,1.7,36
11197,male,1.75,27
11198,male,1.85,60
11199,female,1.65,72
11200,female,1.62,54
11201,female,1.55,83
11202,male,1.73,79
11203,male,1.78,46
11204,male,1.78,79
11205,female,1.65,61
11206,male,1.72,49
11207,female,1.55,45
11208,male,1.82,62
11209,female,1.5,74
11210,female,1.72,77
11211,female,1.65,60
11212,male,1.78,63
11213,female,1.52,59
11214,female,1.69,68
11215,male,1.75,76
11216,female,1.74,49
11217,female,1.67,56
11218,female,1.66,53
11219,female,1.63,65
11220,female,1.79,67
11221,female,1.65,53
11222,female,1.6,66
11223,male,1.73,58
11224,male,1.7,80
11225,female,1.74,44
11226,male,1.7,69
11227,female,1.67,58
11228,male,1.68,71
11229,female,1.5,42
11230,female,1.76,43
11231,female,1.64,67
11232,male,1.82,72
11233,male,1.76,65
11234,male,1.76,54
11235,female,1.67,45
11236,female,1.64,65
11237,female,1.63,70
11238,female,1.63,50
11239,female,1.56,63
11240,male,1.72,66
11241,female,1.71,42
11242,female,1.72,41
11243,female,1.65,34
11244,male,1.8,57
11245,male,1.7,67
11246,female,1.65,70
11247,female,1.63,59
11248,male,1.65,65
11249,female,1.72,74
11250,male,1.75,69
11251,female,1.58,66
11252,female,1.55,28
11253,male,1.62,56
11254,male,1.85,55
11255,female,1.6,51
11256,male,1.68,79
11257,male,1.73,79
11258,female,1.76,55
11259,female,1.6,53
11260,male,1.76,47
11261,male,1.76,66
11262,male,1.68,71
11263,female,1.67,55
11264,female,1.5,62
11265,female,1.56,86
11266,male,1.82,25
11267,female,1.65,43
11268,male,1.78,37
11269,female,1.55,58
11270,female,1.58,70
11271,female,1.63,40
11272,male,1.72,58
11273,male,1.7,74
11274,male,1.82,37
11275,female,1.54,70
11276,female,1.6,79
11277,male,1.7,44
11278,male,1.87,53
11279,male,1.7,41
11280,female,1.66,24
11281,male,1.81,47
11282,female,1.64,64
11283,female,1.62,44
11284,female,1.62,64
11285,male,1.65,66
11286,female,1.67,36
11287,female,1.62,64
11288,female,1.52,69
11289,female,1.5,83
11290,male,1.72,64
11291,female,1.56,74
11292,female,1.67,52
11293,female,1.67,85
11294,male,1.84,60
11295,female,1.55,75
11296,female,1.72,42
11297,female,1.58,66
11298,male,1.76,58
11299,male,1.76,62
11300,male,1.78,58
11301,male,1.8,44
11302,female,1.65,76
11303,male,1.72,76
11304,male,1.8,64
11305,female,1.62,70
11306,female,1.7,23
11307,male,0.74,55
11308,male,1.8,51
11309,male,1.55,83
11310,female,1.64,55
11311,male,1.93,50
11312,female,1.79,43
11313,male,1.68,82
11314,female,1.7,54
11315,male,1.68,71
11316,female,1.6,65
11317,female,1.67,50
11318,female,1.7,63
11319,female,1.64,24
11320,male,1.75,70
11321,female,1.67,71
11322,male,1.73,69
11323,male,1.7,62
11324,male,1.7,48
11325,female,1.58,61
11326,female,1.55,71
11327,female,1.6,65
11328,female,1.51,38
11329,female,1.68,43
11330,male,1.76,44
11331,male,1.8,71
11332,female,1.5,75
11333,male,1.68,16
11334,male,1.8,58
11335,female,1.58,55
11336,female,1.65,75
11337,female,1.64,24
11338,male,1.8,82
11339,female,1.57,53
11340,female,1.54,57
11341,female,1.72,78
11342,male,1.8,76
11343,female,1.48,62
11344,male,1.7,53
11345,male,1.75,43
11346,female,1.7,59
11347,female,1.59,61
11348,male,1.68,71
11349,male,1.72,60
11350,male,1.65,56
11351,male,1.8,43
11352,male,1.65,64
11353,female,1.68,40
11354,male,1.67,68
11355,female,1.64,71
11356,male,1.73,67
11357,female,1.65,59
11358,female,1.58,69
11359,female,1.7,60
11360,male,1.79,59
11361,female,1.68,38
11362,male,1.7,71
11363,female,1.65,49
11364,male,1.76,44
11365,female,1.56,70
11366,female,1.6,75
11367,female,1.72,41
11368,female,1.74,41
11369,female,1.65,64
11370,male,1.66,66
11371,female,1.58,46
11372,female,1.67,62
11373,female,1.72,68
11374,male,1.65,77
11375,female,1.6,71
11376,male,1.7,69
11377,male,1.83,55
11378,male,1.7,73
11379,male,1.76,55
11380,male,1.7,51
11381,male,1.73,65
11382,male,1.76,63
11383,male,1.83,58
11384,male,1.78,40
11385,male,1.76,41
11386,male,1.75,57
11387,female,1.64,61
11388,male,1.78,73
11389,female,1.6,73
11390,male,1.76,55
11391,female,1.56,82
11392,female,1.6,44
11393,female,1.6,68
11394,female,1.6,68
11395,male,1.67,55
11396,female,1.73,43
11397,male,1.78,60
11398,female,1.56,81
11399,male,1.8,78
11400,female,1.6,73
11401,female,1.6,69
11402,female,1.65,44
11403,male,1.7,70
11404,female,1.59,76
11405,male,1.88,55
11406,female,1.7,64
11407,female,1.58,67
11408,male,1.59,66
11409,male,1.84,52
11410,female,1.54,77
11411,male,1.8,37
11412,male,1.75,67
11413,female,1.68,66
11414,female,1.5,57
11415,male,1.8,48
11416,male,1.68,55
11417,female,1.7,36
11418,male,1.83,66
11419,female,1.52,53
11420,female,1.62,62
11421,female,1.58,67
11422,female,1.6,65
11423,male,1.7,67
11424,female,1.67,74
11425,female,1.6,73
11426,female,1.65,64
11427,male,1.64,68
11428,female,1.6,45
11429,male,1.65,56
11430,male,1.82,75
11431,female,1.7,63
11432,male,1.75,66
11433,female,1.53,70
11434,male,1.6,82
11435,male,1.75,55
11436,male,1.83,42
11437,male,1.67,61
11438,female,1.56,63
11439,female,1.65,76
11440,male,1.86,51
11441,male,1.67,72
11442,female,1.58,56
11443,female,1.52,62
11444,female,1.68,59
11445,male,1.62,77
11446,female,1.55,40
11447,female,1.72,33
11448,female,1.65,55
11449,female,1.7,51
11450,male,1.85,62
11451,male,1.88,63
11452,male,1.73,50
11453,female,1.58,54
11454,female,1.55,61
11455,male,1.77,41
11456,female,1.64,43
11457,male,1.8,63
11458,male,1.83,51
11459,female,1.62,56
11460,male,1.7,77
11461,female,1.68,70
11462,female,1.64,67
11463,male,1.81,52
11464,female,1.6,45
11465,female,1.65,30
11466,male,1.72,49
11467,female,1.6,50
11468,male,1.65,89
11469,female,1.7,46
11470,male,1.8,49
11471,male,1.7,76
11472,male,1.73,23
11473,male,1.8,66
11474,female,1.5,65
11475,female,1.58,67
11476,female,1.65,45
11477,male,1.7,82
11478,female,1.65,71
11479,female,1.64,49
11480,female,1.58,66
11481,male,1.7,44
11482,female,1.72,76
11483,female,1.79,65
11484,female,1.55,79
11485,female,1.63,70
11486,female,1.6,73
11487,male,1.76,60
11488,female,1.59,59
11489,female,1.67,75
11490,female,1.6,60
11491,male,1.73,75
11492,male,1.7,71
11493,female,1.78,55
11494,female,1.59,68
11495,female,1.65,85
11496,male,1.65,38
11497,female,1.7,77
11498,female,1.58,65
11499,female,1.65,74
11500,female,1.65,77
11501,female,1.64,63
11502,female,1.65,38
11503,female,1.67,62
11504,male,1.7,66
11505,female,1.65,58
11506,male,1.8,90
11507,female,1.72,52
11508,female,1.7,55
11509,male,1.58,64
11510,female,1.6,51
11511,male,1.75,74
11512,male,1.67,50
11513,female,1.65,62
11514,female,1.7,59
11515,female,1.68,78
11516,male,1.6,82
11517,male,1.89,25
11518,female,1.59,73
11519,male,1.74,67
11520,female,1.68,58
11521,female,1.55,85
11522,female,1.6,64
11523,female,1.68,78
11524,female,1.6,73
11525,male,1.8,78
11526,female,1.65,77
11527,male,1.8,69
11528,male,1.8,53
11529,male,1.83,35
11530,male,1.78,39
11531,male,1.84,37
11532,female,1.72,40
11533,female,1.7,65
11534,male,1.74,29
11535,male,1.76,45
11536,male,1.81,65
11537,female,1.65,27
11538,female,1.68,65
11539,male,1.7,53
11540,male,1.8,50
11541,female,1.6,79
11542,male,1.72,74
11543,female,1.55,71
11544,female,1.65,37
11545,female,1.64,57
11546,male,1.83,55
11547,female,1.65,70
11548,female,1.62,41
11549,female,1.6,53
11550,female,1.63,70
11551,male,1.78,57
11552,male,1.69,71
11553,male,1.7,74
11554,female,1.6,59
11555,male,1.68,73
11556,male,1.72,75
11557,male,1.83,43
11558,female,1.72,50
11559,female,1.7,39
11560,female,1.76,43
11561,female,1.78,32
11562,female,1.65,85
11563,female,1.52,57
11564,female,1.55,83
11565,male,1.63,69
11566,female,1.68,44
11567,female,1.73,71
11568,female,1.68,49
11569,female,1.73,46
11570,female,1.6,64
11571,female,1.6,59
11572,female,1.68,86
11573,male,1.6,67
11574,male,1.8,45
11575,male,1.67,69
11576,male,1.75,42
11577,male,1.76,77
11578,male,1.85,34
11579,female,1.54,66
11580,female,1.63,58
11581,female,1.63,59
11582,female,1.56,33
11583,male,1.86,51
11584,male,1.78,58
11585,male,1.72,85
11586,female,1.75,71
11587,female,1.58,65
11588,female,1.62,60
11589,female,1.65,64
11590,female,1.68,35
11591,female,1.6,46
11592,male,1.68,74
11593,male,1.65,80
11594,female,1.66,81
11595,female,1.71,65
11596,male,1.68,28
11597,male,1.73,55
11598,female,1.56,50
11599,male,1.79,41
11600,female,1.52,68
11601,male,1.68,77
11602,male,1.76,59
11603,female,1.6,63
11604,female,1.65,80
11605,male,1.71,19
11606,female,1.67,47
11607,female,1.68,71
11608,male,1.8,47
11609,female,1.65,40
11610,female,1.57,32
11611,female,1.75,44
11612,male,1.7,87
11613,female,1.7,66
11614,female,1.64,44
11615,female,1.6,76
11616,female,1.58,62
11617,female,1.98,55
11618,male,1.8,61
11619,female,1.73,51
11620,male,1.76,38
11621,female,1.62,31
11622,female,1.58,59
11623,female,1.67,50
11624,male,1.85,81
11625,female,1.65,83
11626,male,1.77,18
11627,male,1.85,53
11628,female,1.63,54
11629,male,1.72,68
11630,female,1.58,56
11631,male,1.8,61
11632,female,1.56,73
11633,female,1.7,65
11634,male,0.68,78
11635,female,1.78,39
11636,female,1.57,29
11637,male,1.88,37
11638,male,1.7,70
11639,male,1.75,39
11640,female,1.67,56
11641,male,1.9,70
11642,female,1.65,68
11643,male,1.89,61
11644,female,1.6,64
11645,male,1.6,71
11646,female,1.53,72
11647,female,1.58,69
11648,female,1.65,63
11649,male,1.74,52
11650,male,1.65,66
11651,male,1.69,69
11652,female,1.54,66
11653,male,1.6,66
11654,female,1.56,49
11655,female,1.6,63
11656,male,1.75,74
11657,female,1.58,61
11658,female,1.63,64
11659,female,1.64,41
11660,female,1.73,40
11661,female,1.43,70
11662,female,1.6,65
11663,male,1.72,62
11664,female,1.58,61
11665,female,1.64,59
11666,female,1.76,71
11667,female,1.65,74
11668,male,1.78,51
11669,female,1.6,35
11670,female,1.72,86
11671,female,1.78,42
11672,male,1.7,74
11673,female,1.56,68
11674,female,1.7,49
11675,female,1.7,91
11676,female,1.63,51
11677,female,1.55,64
11678,female,1.68,39
11679,female,1.64,70
11680,male,1.76,68
11681,female,1.5,70
11682,female,1.62,35
11683,female,1.68,67
11684,female,1.5,77
11685,female,1.5,48
11686,male,1.92,42
11687,male,1.8,39
11688,female,1.5,66
11689,male,1.62,64
11690,male,1.76,57
11691,female,1.73,63
11692,female,1.64,55
11693,male,1.68,77
11694,female,1.7,87
11695,male,1.78,78
11696,female,1.57,59
11697,female,1.6,39
11698,female,1.67,53
11699,male,1.78,55
11700,female,1.58,66
11701,female,1.51,55
11702,male,1.75,53
11703,male,1.7,25
11704,male,1.84,51
11705,male,1.83,63
11706,female,1.6,75
11707,female,1.65,57
11708,female,1.58,59
11709,female,1.59,64
11710,male,1.72,71
11711,female,1.52,69
11712,male,1.65,54
11713,female,1.71,47
11714,male,1.8,18
11715,male,1.76,61
11716,female,1.65,52
11717,male,1.75,65
11718,female,1.55,69
11719,male,1.78,41
11720,female,1.68,53
11721,male,1.76,66
11722,male,1.82,70
11723,male,1.85,64
11724,female,1.57,36
11725,female,1.6,55
11726,female,1.64,55
11727,female,1.7,49
11728,female,1.55,58
11729,male,1.78,65
11730,male,1.77,50
11731,male,1.85,48
11732,male,1.82,52
11733,male,1.78,37
11734,female,1.56,62
11735,female,1.58,67
11736,female,1.7,52
11737,female,1.58,79
11738,female,1.6,62
11739,female,1.54,78
11740,male,1.78,62
11741,male,1.73,55
11742,female,1.71,42
11743,male,1.72,64
11744,female,1.75,54
11745,male,1.78,23
11746,male,1.83,71
11747,male,1.78,75
11748,female,1.65,72
11749,male,1.78,68
11750,female,1.56,63
11751,female,1.67,43
11752,male,1.85,42
11753,male,1.7,66
11754,male,1.72,46
11755,female,1.6,66
11756,female,1.64,52
11757,male,1.86,42
11758,female,1.66,87
11759,female,1.64,63
11760,female,1.7,69
11761,male,1.7,30
11762,female,1.65,58
11763,male,1.76,59
11764,female,1.7,53
11765,female,1.52,71
11766,male,1.82,32
11767,female,1.65,68
11768,female,1.7,71
11769,female,1.65,77
11770,male,1.9,50
11771,male,1.82,60
11772,female,1.73,61
11773,female,1.65,53
11774,male,1.77,69
11775,male,1.64,51
11776,male,1.83,61
11777,female,1.65,84
11778,female,1.69,58
11779,female,1.6,56
11780,female,1.72,65
11781,male,1.73,63
11782,male,1.67,66
11783,male,1.93,40
11784,male,1.66,71
11785,female,1.65,65
11786,female,1.61,66
11787,female,1.64,58
11788,female,1.65,78
11789,male,1.66,65
11790,female,1.6,60
11791,female,1.68,61
11792,male,1.75,67
11793,female,1.72,65
11794,female,1.72,68
11795,female,1.6,45
11796,male,1.78,72
11797,male,1.76,59
11798,female,1.65,78
11799,male,1.82,66
11800,male,1.83,52
11801,male,1.78,60
11802,male,1.7,64
11803,male,1.75,76
11804,male,1.68,81
11805,female,1.69,53
11806,male,1.67,75
11807,female,1.52,52
11808,male,1.8,63
11809,female,1.65,60
11810,male,1.75,77
11811,female,1.7,57
11812,female,1.6,69
11813,male,1.72,44
11814,female,1.54,69
11815,female,1.75,57
11816,male,1.75,63
11817,female,1.8,51
11818,female,1.64,61
11819,male,1.85,52
11820,male,1.78,62
11821,female,1.65,68
11822,female,1.64,53
11823,female,1.65,72
11824,female,1.54,37
11825,female,1.6,78
11826,male,1.84,51
11827,male,1.72,84
11828,male,1.7,75
11829,male,1.72,36
11830,female,1.6,81
11831,female,1.68,48
11832,female,1.6,67
11833,female,1.55,90
11834,female,1.68,43
11835,female,1.7,66
11836,female,1.56,59
11837,female,1.64,65
11838,male,1.75,61
11839,female,1.58,63
11840,female,1.8,35
11841,male,1.8,68
11842,female,1.63,58
11843,female,1.58,50
11844,male,1.8,69
11845,male,1.9,58
11846,female,1.74,45
11847,male,1.75,47
11848,male,1.68,78
11849,male,1.62,57
11850,male,1.8,50
11851,female,1.45,75
11852,male,1.65,68
11853,female,1.64,56
11854,female,1.67,43
11855,male,1.72,42
11856,male,1.72,21
11857,female,1.67,65
11858,male,1.85,55
11859,female,1.7,23
11860,male,1.75,71
11861,female,1.56,74
11862,female,1.56,48
11863,female,1.55,37
11864,male,1.78,64
11865,male,1.95,77
11866,female,1.58,70
11867,male,1.73,73
11868,male,1.75,72
11869,female,1.63,64
11870,male,1.76,57
11871,male,1.68,62
11872,female,1.65,88
11873,male,1.78,70
11874,female,1.54,62
11875,male,1.78,42
11876,male,1.72,66
11877,male,1.85,53
11878,male,1.7,70
11879,female,1.74,77
11880,female,1.65,68
11881,male,1.6,52
11882,female,1.55,62
11883,female,1.58,73
11884,male,1.8,64
11885,female,1.62,70
11886,male,1.52,11
11887,female,1.65,68
11888,female,1.6,58
11889,male,1.78,70
11890,female,1.6,58
11891,female,1.6,60
11892,male,1.75,59
11893,male,1.72,57
11894,female,1.64,59
11895,female,1.5,76
11896,male,1.75,84
11897,male,1.83,43
11898,male,1.73,73
11899,female,1.7,53
11900,female,1.65,62
11901,female,1.65,48
11902,male,1.8,25
11903,male,1.65,86
11904,female,1.6,67
11905,male,1.75,75
11906,female,1.65,71
11907,female,1.6,63
11908,male,1.82,42
11909,female,1.68,53
11910,male,1.76,47
11911,female,1.65,69
11912,female,1.58,56
11913,female,1.5,64
11914,male,1.8,67
11915,female,1.6,55
11916,male,1.7,66
11917,male,1.7,64
11918,female,1.56,72
11919,female,1.57,44
11920,female,1.65,76
11921,female,1.6,73
11922,female,1.64,64
11923,male,1.79,58
11924,female,1.59,59
11925,female,1.7,50
11926,male,1.64,74
11927,female,1.6,75
11928,male,1.87,69
11929,female,1.65,43
11930,female,1.68,52
11931,male,1.91,36
11932,female,1.73,41
11933,female,1.4,29
11934,male,1.79,70
11935,female,1.75,59
11936,male,1.9,55
11937,male,1.72,73
11938,female,1.63,26
11939,male,1.68,91
11940,male,1.75,63
11941,male,1.7,81
11942,male,1.74,68
11943,male,1.78,62
11944,male,1.5,73
11945,female,1.55,73
11946,male,1.77,66
11947,female,1.6,59
11948,female,1.55,64
11949,female,1.65,67
11950,male,1.8,58
11951,female,1.64,60
11952,male,1.8,25
11953,male,1.7,36
11954,female,1.63,67
11955,male,1.79,69
11956,male,1.8,56
11957,female,1.63,60
11958,female,1.63,58
11959,female,1.72,40
11960,female,1.78,67
11961,female,1.58,57
11962,female,1.5,76
11963,male,1.62,51
11964,male,1.65,80
11965,male,1.8,61
11966,male,1.7,68
11967,female,1.7,55
11968,female,1.7,64
11969,female,1.68,76
11970,male,1.78,77
11971,male,1.78,61
11972,female,1.65,73
11973,male,1.76,53
11974,male,1.55,62
11975,female,1.63,82
11976,female,1.58,54
11977,male,0.7,53
11978,female,1.7,76
11979,male,1.78,68
11980,female,1.62,69
11981,female,1.67,65
11982,male,1.78,43
11983,female,1.6,70
11984,female,1.6,67
11985,female,1.54,70
11986,female,1.52,66
11987,female,1.6,70
11988,male,1.78,62
11989,male,1.7,72
11990,female,1.54,72
11991,male,1.8,16
11992,female,1.83,38
11993,male,1.75,59
11994,male,1.87,63
11995,female,1.58,57
11996,male,1.76,71
11997,male,1.76,44
11998,male,1.78,53
11999,female,1.6,59
12000,female,1.6,47
12001,female,1.75,51
12002,female,1.68,61
12003,female,1.08,72
12004,female,1.64,42
12005,male,1.67,61
12006,female,1.5,64
12007,female,1.63,56
12008,male,1.75,64
12009,female,1.7,47
12010,male,1.78,67
12011,female,1.61,35
12012,female,1.63,27
12013,female,1.65,81
12014,female,1.64,45
12015,male,1.76,64
12016,female,1.56,79
12017,female,1.7,62
12018,male,1.7,83
12019,male,1.72,72
12020,male,1.65,41
12021,female,1.6,54
12022,male,1.8,39
12023,female,1.58,58
12024,male,1.74,62
12025,female,1.58,76
12026,male,1.55,65
12027,female,1.62,65
12028,female,1.58,80
12029,male,1.55,83
12030,male,1.92,67
12031,female,1.6,64
12032,male,1.65,67
12033,male,1.7,61
12034,male,1.9,44
12035,female,1.65,68
12036,female,1.56,75
12037,male,1.76,43
12038,male,1.72,69
12039,male,1.68,60
12040,female,1.7,54
12041,female,1.5,84
12042,female,1.85,39
12043,female,1.64,70
12044,female,1.59,51
12045,female,1.68,65
12046,male,1.78,72
12047,male,1.7,56
12048,female,1.54,66
12049,female,1.55,76
12050,female,1.61,20
12051,female,1.7,59
12052,female,1.7,42
12053,male,1.78,43
12054,male,1.8,65
12055,male,1.7,85
12056,male,1.96,66
12057,male,1.67,79
12058,male,1.92,49
12059,female,1.7,59
12060,male,1.7,43
12061,female,1.55,76
12062,female,1.7,53
12063,male,1.72,62
12064,male,1.85,65
12065,male,1.68,86
12066,male,1.81,50
12067,female,1.65,72
12068,female,1.7,58
12069,male,1.77,84
12070,female,1.7,19
12071,female,1.5,80
12072,male,1.72,69
12073,female,1.65,73
12074,female,1.68,60
12075,male,1.7,59
12076,female,1.67,49
12077,female,1.68,42
12078,male,1.75,67
12079,female,1.65,61
12080,male,1.8,49
12081,female,1.59,61
12082,male,1.75,50
12083,female,1.6,79
12084,female,1.6,35
12085,male,1.65,61
12086,male,1.83,67
12087,female,0.69,56
12088,male,1.72,46
12089,female,1.76,53
12090,female,1.68,79
12091,male,1.62,68
12092,male,1.65,71
12093,female,1.6,62
12094,female,1.6,67
12095,male,1.72,55
12096,female,1.75,65
12097,female,1.55,71
12098,male,1.8,60
12099,female,1.56,71
12100,female,1.69,53
12101,female,1.68,68
12102,female,1.67,57
12103,male,1.93,56
12104,male,1.84,58
12105,female,1.68,54
12106,female,1.63,38
12107,female,1.67,47
12108,female,1.6,77
12109,female,1.63,22
12110,female,1.68,75
12111,female,1.56,70
12112,male,1.76,56
12113,female,1.64,69
12114,male,1.84,65
12115,female,1.67,71
12116,female,1.52,77
12117,female,1.58,70
12118,female,1.67,63
12119,male,1.75,30
12120,female,1.67,68
12121,female,1.67,26
12122,female,1.65,69
12123,male,1.75,65
12124,female,1.7,39
12125,female,1.63,78
12126,male,1.6,85
12127,female,1.5,67
12128,female,1.55,61
12129,female,1.58,60
12130,female,1.68,49
12131,female,1.63,34
12132,female,1.64,42
12133,female,1.66,65
12134,male,1.85,27
12135,male,1.7,62
12136,male,1.72,63
12137,male,1.83,36
12138,female,1.54,75
12139,female,1.55,69
12140,male,1.68,74
12141,male,1.72,37
12142,male,1.78,58
12143,male,1.55,47
12144,male,1.7,76
12145,female,1.62,53
12146,female,1.55,88
12147,male,1.75,65
12148,female,1.59,67
12149,female,1.68,79
12150,male,1.8,49
12151,male,1.74,74
12152,male,1.83,68
12153,male,1.81,49
12154,male,1.96,55
12155,male,1.86,50
12156,male,1.76,78
12157,male,1.67,54
12158,male,1.8,56
12159,female,1.55,45
12160,male,1.87,68
12161,male,1.89,46
12162,male,1.76,41
12163,female,1.5,80
12164,male,1.83,67
12165,female,1.67,75
12166,female,1.78,49
12167,female,1.59,64
12168,male,0.77,54
12169,female,1.6,73
12170,female,1.65,60
12171,female,1.64,73
12172,female,1.65,63
12173,male,1.86,44
12174,male,1.7,62
12175,female,1.7,81
12176,female,1.6,55
12177,male,1.9,41
12178,male,1.7,56
12179,male,1.75,45
12180,male,1.8,58
12181,female,1.6,56
12182,female,1.7,66
12183,female,0.7,47
12184,male,1.87,22
12185,female,1.65,45
12186,male,1.75,40
12187,male,1.78,57
12188,female,1.67,64
12189,male,1.76,47
12190,female,1.63,55
12191,female,1.65,30
12192,female,1.62,65
12193,male,1.68,70
12194,male,1.87,46
12195,male,1.75,44
12196,female,1.65,76
12197,male,1.83,38
12198,male,1.7,74
12199,male,1.78,72
12200,female,1.64,47
12201,female,1.7,52
12202,male,1.8,54
12203,female,1.7,61
12204,female,1.62,60
12205,male,1.73,64
12206,male,1.82,64
12207,female,1.7,74
12208,male,1.7,53
12209,female,1.6,70
12210,male,1.68,69
12211,male,1.7,44
12212,male,1.68,60
12213,female,1.67,62
12214,male,1.7,42
12215,female,1.58,49
12216,female,1.68,45
12217,female,1.65,77
12218,female,1.64,58
12219,male,1.7,66
12220,female,1.6,80
12221,male,1.7,59
12222,female,1.58,69
12223,male,1.78,56
12224,female,1.63,73
12225,male,1.9,77
12226,female,1.6,76
12227,male,1.82,33
12228,female,1.65,61
12229,female,1.53,48
12230,male,1.84,61
12231,female,1.48,54
12232,male,1.62,32
12233,female,1.63,63
12234,male,1.71,53
12235,male,1.68,71
12236,male,1.8,62
12237,female,1.6,60
12238,male,1.69,66
12239,male,1.66,68
12240,female,1.75,66
12241,female,1.6,49
12242,female,1.5,70
12243,female,1.6,79
12244,male,1.7,67
12245,female,1.6,67
12246,male,1.68,60
12247,male,1.72,47
12248,female,1.67,43
12249,male,1.87,42
12250,female,1.69,44
12251,female,1.54,69
12252,male,1.7,80
12253,female,1.58,63
12254,female,1.83,44
12255,female,1.7,51
12256,male,1.82,71
12257,female,1.5,77
12258,female,1.62,64
12259,male,1.8,65
12260,male,1.73,67
12261,female,1.65,65
12262,male,1.78,73
12263,male,1.72,63
12264,male,1.68,69
12265,male,1.76,60
12266,female,1.6,76
12267,male,1.68,63
12268,male,1.75,67
12269,male,1.72,56
12270,male,1.65,62
12271,male,1.93,47
12272,female,1.68,76
12273,female,1.67,45
12274,female,1.64,59
12275,female,1.56,31
12276,female,1.61,57
12277,male,1.94,18
12278,male,1.85,69
12279,male,1.65,50
12280,male,1.74,65
12281,female,1.6,72
12282,female,1.65,65
12283,male,1.7,56
12284,male,1.72,65
12285,female,1.58,41
12286,male,1.7,77
12287,female,1.6,82
12288,male,1.6,79
12289,male,1.7,54
12290,female,1.64,57
12291,female,1.65,32
12292,male,1.75,64
12293,male,1.63,64
12294,male,1.8,57
12295,female,1.56,17
12296,female,1.6,43
12297,male,1.65,29
12298,male,1.67,52
12299,female,1.75,58
12300,male,1.65,68
12301,male,1.74,73
12302,female,1.69,69
12303,male,1.7,60
12304,male,1.7,53
12305,male,1.65,78
12306,male,1.64,44
12307,female,1.68,65
12308,female,1.64,44
12309,female,1.78,89
12310,female,1.65,72
12311,female,1.65,66
12312,male,1.82,74
12313,male,1.63,54
12314,female,1.63,74
12315,male,1.75,79
12316,male,1.65,53
12317,female,1.56,42
12318,female,1.65,50
12319,female,1.5,84
12320,male,1.75,59
12321,male,1.6,53
12322,male,1.7,66
12323,male,1.7,34
12324,male,1.8,45
12325,male,1.75,46
12326,male,1.65,69
12327,male,1.76,57
12328,male,1.79,69
12329,male,1.8,25
12330,male,1.75,69
12331,male,1.76,43
12332,male,1.82,42
12333,female,1.68,69
12334,male,1.82,55
12335,male,1.65,69
12336,female,1.7,52
12337,female,1.56,46
12338,male,1.75,51
12339,male,1.75,73
12340,female,1.72,81
12341,male,1.78,68
12342,male,1.76,68
12343,male,1.95,27
12344,female,1.56,68
12345,male,1.5,28
12346,male,1.7,54
12347,female,1.72,18
12348,female,1.6,64
12349,female,1.5,72
12350,female,1.58,45
12351,female,1.55,71
12352,male,1.71,69
12353,female,1.55,79
12354,female,1.56,58
12355,female,1.65,59
12356,female,1.65,68
12357,male,1.78,17
12358,male,1.59,56
12359,female,1.8,72
12360,female,1.6,69
12361,female,1.52,63
12362,female,1.5,82
12363,female,1.65,48
12364,female,1.7,68
12365,male,1.9,50
12366,female,1.78,70
12367,female,1.67,75
12368,male,1.76,53
12369,male,1.72,64
12370,male,1.82,55
12371,female,1.56,67
12372,female,1.62,49
12373,male,1.7,53
12374,female,1.56,44
12375,male,1.75,79
12376,female,1.76,75
12377,female,1.56,59
12378,female,1.67,63
12379,female,1.63,60
12380,male,1.78,72
12381,female,1.68,68
12382,female,1.62,56
12383,male,1.78,50
12384,female,1.6,62
12385,female,1.67,73
12386,female,1.6,71
12387,male,1.8,72
12388,female,1.62,55
12389,female,1.65,49
12390,female,1.64,46
12391,female,1.67,62
12392,male,1.7,67
12393,female,1.58,68
12394,female,1.6,44
12395,female,1.48,77
12396,female,1.7,59
12397,female,1.64,83
12398,female,1.65,46
12399,female,1.56,64
12400,female,1.62,47
12401,male,1.7,57
12402,female,1.6,48
12403,female,1.64,65
12404,male,1.7,84
12405,male,1.64,73
12406,male,1.7,72
12407,female,1.58,78
12408,female,1.69,77
12409,female,1.65,43
12410,male,1.76,29
12411,male,1.7,75
12412,female,1.6,71
12413,female,1.67,43
12414,male,1.78,52
12415,female,1.67,73
12416,female,1.56,73
12417,male,1.78,46
12418,female,1.62,79
12419,male,1.7,61
12420,male,1.7,76
12421,male,1.65,62
12422,male,1.86,51
12423,female,1.7,40
12424,female,1.55,79
12425,male,1.75,55
12426,male,1.8,45
12427,female,1.78,44
12428,male,1.82,51
12429,female,1.7,64
12430,female,1.56,67
12431,female,1.65,64
12432,female,1.62,56
12433,female,1.7,62
12434,male,1.7,73
12435,male,1.8,57
12436,female,1.58,50
12437,male,1.75,38
12438,female,1.7,63
12439,female,1.6,26
12440,male,1.75,68
12441,female,1.64,49
12442,male,1.65,84
12443,female,1.65,65
12444,male,1.7,27
12445,female,1.74,58
12446,female,1.56,72
12447,female,1.7,55
12448,female,1.64,47
12449,male,1.7,61
12450,female,1.5,68
12451,female,1.57,85
12452,male,1.64,76
12453,male,1.7,72
12454,male,1.85,65
12455,male,1.73,59
12456,female,1.65,25
12457,male,1.82,60
12458,female,1.62,81
12459,male,1.86,67
12460,male,1.8,64
12461,male,1.73,48
12462,male,1.62,58
12463,female,1.65,81
12464,female,1.58,73
12465,male,1.81,43
12466,male,1.78,55
12467,male,1.8,63
12468,female,1.73,39
12469,female,1.56,72
12470,female,1.68,73
12471,female,1.6,58
12472,female,1.67,35
12473,female,1.67,56
12474,male,1.8,73
12475,female,1.7,29
12476,female,1.65,69
12477,female,1.6,65
12478,female,1.7,76
12479,female,1.56,80
12480,female,1.66,45
12481,male,1.78,52
12482,female,1.64,49
12483,female,1.62,71
12484,female,1.5,87
12485,male,1.8,68
12486,female,1.64,53
12487,female,1.57,65
12488,male,1.7,64
12489,male,1.71,82
12490,male,1.79,38
12491,male,1.76,58
12492,female,1.58,64
12493,female,1.58,61
12494,female,1.65,64
12495,male,1.7,74
12496,male,1.72,76
12497,female,1.58,76
12498,female,1.65,64
12499,male,1.65,76
12500,female,1.65,69
12501,male,1.82,52
12502,female,1.58,79
12503,female,1.5,79
12504,female,1.59,61
12505,female,1.57,66
12506,female,1.65,75
12507,male,1.7,58
12508,male,1.73,40
12509,female,1.65,52
12510,male,1.7,59
12511,female,1.7,28
12512,male,1.75,44
12513,female,1.67,64
12514,male,1.71,53
12515,female,1.62,64
12516,female,1.68,37
12517,male,1.84,66
12518,male,1.72,75
12519,female,1.64,73
12520,female,1.7,36
12521,male,1.75,33
12522,male,1.72,71
12523,female,1.64,67
12524,male,1.72,81
12525,female,1.67,73
12526,male,1.77,42
12527,male,1.7,60
12528,male,1.7,61
12529,female,1.6,74
12530,male,1.78,44
12531,female,1.58,77
12532,male,1.76,63
12533,female,1.65,37
12534,female,1.62,70
12535,female,1.68,36
12536,female,1.6,51
12537,female,1.5,73
12538,female,1.5,80
12539,female,1.56,64
12540,female,1.6,69
12541,female,1.74,31
12542,male,1.9,43
12543,male,1.9,83
12544,male,1.88,25
12545,female,1.65,78
12546,female,1.65,72
12547,male,1.83,59
12548,female,1.56,66
12549,female,1.6,80
12550,female,1.5,53
12551,male,1.78,56
12552,female,1.65,84
12553,female,1.6,78
12554,male,1.75,73
12555,female,1.55,73
12556,male,1.8,52
12557,female,1.56,45
12558,female,1.73,67
12559,female,1.74,37
12560,male,1.76,69
12561,female,1.68,51
12562,male,1.65,62
12563,female,1.74,50
12564,male,1.6,52
12565,female,1.65,52
12566,male,1.62,51
12567,male,1.75,35
12568,female,1.64,64
12569,female,1.58,58
12570,male,1.6,72
12571,female,1.55,78
12572,male,1.8,41
12573,male,1.78,36
12574,male,1.9,57
12575,female,1.5,63
12576,female,1.66,67
12577,male,1.74,39
12578,male,1.8,63
12579,female,1.6,69
12580,male,1.74,26
12581,female,1.68,42
12582,female,1.65,52
12583,female,1.7,66
12584,male,1.85,65
12585,male,1.65,72
12586,male,1.73,60
12587,male,1.73,66
12588,male,1.72,65
12589,female,1.62,72
12590,female,1.6,70
12591,male,1.8,71
12592,female,1.69,67
12593,male,1.73,67
12594,male,1.82,47
12595,female,1.6,77
12596,male,1.78,53
12597,male,1.82,62
12598,female,1.6,35
12599,male,1.75,72
12600,male,1.6,81
12601,male,1.67,59
12602,male,1.74,58
12603,male,1.7,24
12604,female,1.48,77
12605,female,1.6,52
12606,female,1.6,62
12607,female,1.64,72
12608,female,1.7,68
12609,male,1.74,53
12610,female,1.65,94
12611,female,1.7,64
12612,male,1.7,63
12613,female,1.67,68
12614,male,1.83,35
12615,male,1.75,69
12616,male,1.7,69
12617,male,1.75,86
12618,male,1.8,57
12619,male,1.83,40
12620,male,1.68,67
12621,female,1.65,64
12622,male,1.75,58
12623,female,1.7,74
12624,male,1.8,29
12625,male,1.7,68
12626,male,1.6,54
12627,female,1.6,44
12628,female,1.67,56
12629,male,1.7,75
12630,female,1.72,50
12631,male,1.56,52
12632,female,1.74,52
12633,female,1.5,55
12634,female,1.64,38
12635,female,1.5,85
12636,female,1.61,68
12637,female,1.64,54
12638,female,1.6,33
12639,female,1.58,86
12640,female,1.6,68
12641,male,1.7,60
12642,male,1.8,61
12643,male,1.75,55
12644,female,1.54,72
12645,female,1.65,24
12646,male,1.68,79
12647,male,1.75,74
12648,female,1.6,73
12649,female,1.6,65
12650,male,1.72,41
12651,female,1.68,57
12652,female,1.55,64
12653,male,1.7,43
12654,female,1.6,48
12655,female,1.64,70
12656,male,1.7,62
12657,female,1.75,64
12658,female,1.6,58
12659,male,1.7,87
12660,female,1.5,70
12661,male,1.76,58
12662,female,1.68,40
12663,male,1.78,82
12664,female,1.67,68
12665,female,1.65,43
12666,female,1.71,52
12667,female,1.55,78
12668,male,1.68,71
12669,female,1.68,51
12670,male,1.6,56
12671,female,1.64,49
12672,male,1.75,51
12673,male,1.6,64
12674,female,1.56,43
12675,female,1.7,81
12676,male,1.59,84
12677,female,1.5,83
12678,female,1.58,54
12679,male,1.85,46
12680,male,1.87,55
12681,female,1.58,67
12682,male,1.94,72
12683,male,1.8,68
12684,male,1.69,69
12685,male,1.72,64
12686,female,1.58,61
12687,female,1.68,45
12688,female,1.72,36
12689,female,1.65,72
12690,male,1.68,83
12691,male,1.7,74
12692,male,1.7,61
12693,male,1.65,75
12694,female,1.64,68
12695,male,1.95,48
12696,female,1.74,41
12697,female,1.53,67
12698,female,1.65,75
12699,female,1.58,65
12700,female,1.67,69
12701,male,1.76,43
12702,female,1.69,29
12703,male,1.65,74
12704,female,1.65,64
12705,female,1.6,66
12706,male,1.78,56
12707,female,1.6,73
12708,female,1.53,61
12709,female,1.6,70
12710,male,1.7,71
12711,male,1.78,62
12712,male,1.85,41
12713,female,1.75,54
12714,female,1.71,38
12715,female,1.67,31
12716,male,1.76,65
12717,male,1.85,50
12718,male,1.72,70
12719,female,1.65,40
12720,male,1.73,43
12721,female,1.65,42
12722,male,1.74,56
12723,male,1.8,56
12724,male,1.76,58
12725,male,1.78,58
12726,female,1.61,62
12727,male,1.89,66
12728,male,1.7,64
12729,male,1.73,44
12730,female,1.57,53
12731,female,1.54,40
12732,male,1.82,61
12733,female,1.65,47
12734,female,1.63,67
12735,female,1.64,60
12736,male,1.7,56
12737,female,1.52,89
12738,male,1.63,72
12739,male,1.76,80
12740,female,1.56,65
12741,female,1.67,60
12742,female,1.6,63
12743,male,1.72,63
12744,female,1.65,58
12745,female,1.8,75
12746,female,1.63,65
12747,male,1.7,74
12748,male,1.88,51
12749,female,1.65,48
12750,female,1.56,88
12751,male,1.72,57
12752,female,1.65,67
12753,male,1.74,41
12754,female,1.68,40
12755,male,1.73,62
12756,male,1.65,68
12757,male,1.78,53
12758,female,1.65,40
12759,female,1.63,56
12760,male,1.6,63
12761,male,1.7,65
12762,female,1.54,24
12763,female,1.74,38
12764,female,1.7,59
12765,male,1.87,54
12766,female,1.67,46
12767,female,1.64,69
12768,female,1.52,45
12769,male,1.76,84
12770,male,1.8,65
12771,female,1.7,57
12772,female,1.54,60
12773,male,1.82,53
12774,female,1.63,56
12775,female,1.58,71
12776,female,1.43,75
12777,female,1.55,76
12778,female,1.6,49
12779,female,1.64,59
12780,female,1.68,50
12781,female,1.6,63
12782,male,1.6,60
12783,female,1.63,41
12784,male,1.89,64
12785,female,1.62,57
12786,male,1.69,45
12787,male,1.71,72
12788,female,1.63,51
12789,male,1.73,79
12790,male,1.73,69
12791,male,1.76,66
12792,male,1.73,62
12793,female,1.73,67
12794,male,1.71,65
12795,male,1.61,73
12796,male,1.83,69
12797,female,1.8,24
12798,female,1.64,76
12799,female,1.58,69
12800,female,1.7,49
12801,female,1.6,73
12802,female,1.68,45
12803,male,1.73,37
12804,male,1.82,42
12805,male,1.86,56
12806,male,1.7,83
12807,female,1.68,69
12808,female,1.56,85
12809,male,1.78,69
12810,male,1.72,76
12811,female,1.53,88
12812,male,1.93,66
12813,male,1.73,69
12814,female,1.6,77
12815,female,1.75,61
12816,female,1.7,77
12817,male,1.66,82
12818,male,1.72,70
12819,female,1.6,75
12820,male,1.82,42
12821,male,1.5,26
12822,female,1.6,43
12823,male,1.75,65
12824,male,1.7,57
12825,female,1.68,65
12826,male,1.83,42
12827,male,1.82,75
12828,male,1.68,82
12829,male,1.65,62
12830,male,1.75,75
12831,male,1.8,73
12832,male,1.78,56
12833,female,1.6,66
12834,male,1.7,75
12835,male,1.63,71
12836,male,1.76,72
12837,female,1.72,63
12838,male,1.7,43
12839,male,1.76,78
12840,female,1.5,84
12841,female,1.67,74
12842,male,1.7,70
12843,male,1.78,64
12844,female,1.65,62
12845,male,1.7,68
12846,male,1.79,29
12847,female,1.65,59
12848,female,1.56,67
12849,female,1.66,67
12850,male,1.67,63
12851,male,1.76,59
12852,male,1.77,58
12853,male,1.62,81
12854,male,1.65,57
12855,male,1.7,57
12856,male,1.82,69
12857,male,1.63,49
12858,male,1.86,52
12859,female,1.6,75
12860,female,1.75,48
12861,female,1.62,50
12862,male,1.65,60
12863,female,1.65,65
12864,female,1.6,47
12865,male,1.75,41
12866,female,1.6,52
12867,female,1.5,84
12868,male,1.7,70
12869,female,1.0,67
12870,female,1.65,60
12871,male,1.78,31
12872,male,1.88,48
12873,female,1.7,81
12874,female,1.5,63
12875,female,1.67,52
12876,male,1.69,48
12877,female,1.65,43
12878,male,1.83,46
12879,male,1.7,65
12880,male,1.8,60
12881,female,1.52,86
12882,female,1.55,81
12883,male,1.65,88
12884,male,1.72,72
12885,female,1.64,53
12886,female,1.6,46
12887,female,1.74,45
12888,female,1.58,60
12889,male,1.77,67
12890,male,1.7,71
12891,female,1.82,79
12892,female,1.71,70
12893,female,1.67,69
12894,female,1.62,72
12895,female,1.65,61
12896,male,1.83,34
12897,female,1.71,44
12898,male,1.72,31
12899,male,1.74,67
12900,female,1.72,47
12901,male,1.7,72
12902,male,1.8,40
12903,female,1.65,43
12904,female,1.65,63
12905,female,1.62,37
12906,male,1.7,66
12907,male,1.81,57
12908,male,1.78,54
12909,male,1.6,56
12910,male,1.72,80
12911,female,1.67,78
12912,male,1.6,80
12913,female,1.6,69
12914,male,1.74,66
12915,female,1.58,42
12916,male,1.7,71
12917,female,1.71,71
12918,female,1.64,51
12919,male,1.78,46
12920,male,1.86,72
12921,male,1.95,56
12922,female,1.5,82
12923,male,1.6,53
12924,male,1.84,40
12925,female,1.62,59
12926,female,1.59,42
12927,female,1.57,82
12928,female,1.63,63
12929,female,1.7,60
12930,female,1.6,60
12931,female,1.58,77
12932,female,1.59,49
12933,female,1.56,74
12934,male,1.87,38
12935,female,1.64,72
12936,female,1.64,60
12937,female,1.6,73
12938,female,1.58,76
12939,male,1.68,54
12940,male,1.75,71
12941,male,1.72,52
12942,male,1.62,70
12943,male,1.68,73
12944,male,1.78,17
12945,male,1.74,58
12946,male,1.75,44
12947,female,1.8,48
12948,male,1.65,79
12949,male,1.78,44
12950,female,1.5,47
12951,male,1.82,55
12952,female,1.56,68
12953,female,1.7,59
12954,male,1.73,52
12955,male,1.87,37
12956,male,1.76,67
12957,female,1.5,49
12958,male,1.78,29
12959,male,1.63,42
12960,male,1.76,71
12961,male,1.84,64
12962,female,1.65,54
12963,male,1.6,76
12964,male,1.83,69
12965,female,1.5,72
12966,male,1.76,65
12967,female,1.48,50
12968,female,1.65,69
12969,male,1.62,74
12970,female,1.57,61
12971,female,1.57,62
12972,male,1.8,72
12973,male,1.77,33
12974,female,1.63,38
12975,male,1.7,57
12976,female,1.6,66
12977,male,1.65,82
12978,male,1.75,58
12979,male,1.67,74
12980,female,1.68,50
12981,female,1.65,67
12982,male,1.78,67
12983,male,1.9,69
12984,male,1.8,48
12985,male,1.74,63
12986,female,1.78,47
12987,female,1.52,73
12988,female,1.62,72
12989,female,1.65,66
12990,male,1.78,61
12991,male,1.82,59
12992,male,1.78,86
12993,female,1.68,53
12994,female,1.7,32
12995,female,1.58,67
12996,female,1.7,73
12997,male,1.73,66
12998,male,1.78,56
12999,female,1.62,75
13000,female,1.5,62
13001,female,1.65,86
13002,female,1.65,62
13003,female,1.7,54
13004,male,1.76,59
13005,male,1.8,69
13006,male,1.78,86
13007,female,1.67,44
13008,female,1.6,71
13009,female,1.6,55
13010,male,1.82,58
13011,male,1.75,64
13012,male,1.66,53
13013,female,1.5,85
13014,male,1.78,59
13015,male,1.7,26
13016,male,1.67,67
13017,male,1.83,68
13018,female,1.5,82
13019,male,1.85,54
13020,male,1.85,65
13021,male,1.65,68
13022,male,1.82,43
13023,female,1.67,65
13024,male,1.8,62
13025,male,1.6,72
13026,female,1.65,77
13027,female,1.52,61
13028,female,1.5,47
13029,female,1.69,36
13030,male,1.65,53
13031,female,1.55,55
13032,female,1.14,18
13033,female,1.71,63
13034,female,1.53,68
13035,female,1.68,34
13036,male,1.0,47
13037,male,1.7,49
13038,female,1.62,42
13039,female,1.65,21
13040,female,1.65,52
13041,male,1.85,45
13042,male,1.86,53
13043,female,1.6,77
13044,female,1.65,56
13045,male,1.85,51
13046,female,1.52,59
13047,female,1.65,65
13048,male,1.76,51
13049,female,1.7,27
13050,male,1.75,44
13051,male,1.7,60
13052,female,1.72,44
13053,male,1.72,69
13054,female,1.73,53
13055,female,1.6,48
13056,male,1.65,64
13057,female,1.64,66
13058,female,1.67,60
13059,female,1.68,41
13060,female,1.7,82
13061,female,1.65,78
13062,male,1.73,64
13063,female,1.68,51
13064,female,1.65,44
13065,male,1.6,77
13066,female,1.5,66
13067,male,1.77,58
13068,female,1.6,72
13069,male,1.82,35
13070,female,1.52,55
13071,male,1.8,34
13072,female,1.58,42
13073,female,1.56,71
13074,female,1.63,47
13075,female,1.56,40
13076,female,1.52,63
13077,female,1.63,33
13078,female,1.62,35
13079,male,1.75,44
13080,male,1.65,70
13081,female,1.64,51
13082,male,1.52,12
13083,female,1.56,44
13084,female,1.7,70
13085,female,1.66,77
13086,female,1.58,63
13087,male,1.74,39
13088,male,1.55,49
13089,female,1.65,65
13090,male,1.8,59
13091,male,1.87,39
13092,female,1.68,63
13093,male,1.8,67
13094,male,1.68,63
13095,female,1.5,53
13096,female,1.62,54
13097,female,1.73,46
13098,female,1.74,52
13099,female,1.65,74
13100,male,1.83,64
13101,female,1.55,70
13102,male,1.76,65
13103,male,1.83,54
13104,female,1.72,58
13105,female,1.64,55
13106,male,1.65,66
13107,female,1.64,42
13108,female,1.58,55
13109,male,1.72,31
13110,female,1.58,70
13111,male,1.78,68
13112,male,1.73,77
13113,male,1.65,82
13114,female,1.65,66
13115,female,1.78,18
13116,male,1.78,60
13117,male,1.86,38
13118,female,1.58,64
13119,male,1.75,76
13120,male,1.8,64
13121,male,1.75,50
13122,male,1.78,54
13123,male,1.75,76
13124,female,1.63,45
13125,female,1.6,46
13126,male,1.8,59
13127,female,1.5,80
13128,female,1.68,32
13129,male,1.73,72
13130,male,1.82,66
13131,female,1.6,67
13132,female,1.6,65
13133,male,1.75,63
13134,female,1.56,71
13135,male,1.72,32
13136,male,1.7,80
13137,male,1.76,78
13138,male,1.79,49
13139,female,1.64,48
13140,female,1.5,78
13141,female,1.65,34
13142,female,1.56,82
13143,female,1.65,74
13144,female,1.76,77
13145,female,1.76,64
13146,male,1.72,68
13147,female,1.65,51
13148,male,1.8,55
13149,female,1.65,53
13150,female,1.72,47
13151,male,1.76,43
13152,male,1.73,53
13153,female,1.62,67
13154,female,1.63,68
13155,female,1.7,70
13156,male,1.75,55
13157,male,1.8,67
13158,female,1.64,61
13159,male,1.7,63
13160,female,1.6,79
13161,female,1.6,67
13162,male,1.8,25
13163,male,1.7,58
13164,female,1.5,81
13165,male,1.93,35
13166,female,1.65,84
13167,female,1.54,67
13168,female,1.6,56
13169,female,1.6,32
13170,male,1.6,57
13171,male,1.65,70
13172,female,1.53,70
13173,female,1.5,89
13174,male,1.75,78
13175,male,1.8,80
13176,male,1.84,53
13177,male,1.85,39
13178,female,1.7,67
13179,male,1.67,64
13180,female,1.65,53
13181,female,1.7,28
13182,male,1.67,50
13183,female,1.55,63
13184,female,1.56,60
13185,male,1.74,55
13186,male,1.84,27
13187,male,1.8,66
13188,female,1.7,65
13189,male,1.78,31
13190,female,1.56,74
13191,female,1.65,76
13192,female,1.56,65
13193,female,1.53,72
13194,female,1.72,76
13195,female,1.7,64
13196,male,1.9,79
13197,female,1.68,51
13198,female,1.53,82
13199,male,1.78,46
13200,male,1.69,61
13201,male,1.64,72
13202,male,1.85,41
13203,male,1.63,65
13204,female,1.64,65
13205,male,1.75,67
13206,male,1.68,66
13207,female,1.72,51
13208,male,1.8,60
13209,male,1.67,68
13210,female,1.6,27
13211,male,1.87,53
13212,female,1.8,63
13213,male,1.75,66
13214,male,1.61,45
13215,female,1.65,73
13216,female,1.7,57
13217,female,1.67,53
13218,female,1.6,82
13219,female,1.72,76
13220,male,1.61,66
13221,female,1.56,73
13222,male,1.75,68
13223,male,1.75,25
13224,male,1.62,75
13225,female,1.55,71
13226,female,1.55,65
13227,female,1.64,46
13228,female,1.6,66
13229,female,1.6,75
13230,male,1.83,71
13231,female,1.65,61
13232,female,1.64,71
13233,female,1.53,59
13234,male,1.86,63
13235,female,1.52,24
13236,male,1.77,41
13237,female,1.58,66
13238,male,1.81,60
13239,female,1.65,42
13240,female,1.65,60
13241,female,1.6,71
13242,female,1.5,62
13243,male,1.7,48
13244,male,1.72,70
13245,female,1.67,66
13246,female,1.63,56
13247,female,1.67,66
13248,female,1.7,73
13249,female,1.54,42
13250,female,1.67,49
13251,male,1.85,41
13252,female,1.65,53
13253,female,1.66,43
13254,female,1.7,61
13255,male,1.75,62
13256,male,1.74,39
13257,male,1.88,31
13258,male,1.75,22
13259,male,1.78,43
13260,male,1.65,62
13261,male,1.8,65
13262,female,1.67,87
13263,male,1.8,74
13264,female,1.77,45
13265,female,1.56,69
13266,female,1.58,51
13267,female,1.67,54
13268,male,1.68,81
13269,female,1.6,81
13270,male,1.7,79
13271,female,1.62,69
13272,female,1.65,57
13273,male,1.83,26
13274,female,1.59,65
13275,male,1.8,60
13276,female,1.64,57
13277,male,1.78,77
13278,female,1.63,81
13279,male,1.3,45
13280,female,1.55,72
13281,male,1.7,31
13282,male,1.76,58
13283,male,1.65,50
13284,female,1.84,19
13285,male,1.73,64
13286,female,1.62,66
13287,female,1.5,79
13288,female,1.55,56
13289,female,1.61,50
13290,female,1.52,54
13291,female,1.64,50
13292,male,1.86,46
13293,male,1.67,76
13294,male,1.8,58
13295,male,1.86,51
13296,male,1.84,45
13297,male,1.75,61
13298,female,1.59,61
13299,female,1.58,64
13300,female,1.64,56
13301,male,1.7,65
13302,male,1.86,78
13303,female,1.7,53
13304,female,1.69,57
13305,male,1.74,77
13306,female,1.48,83
13307,male,1.8,66
13308,female,1.55,52
13309,female,1.6,62
13310,male,1.6,58
13311,female,1.67,41
13312,male,1.7,48
13313,female,1.5,80
13314,female,1.58,41
13315,female,1.64,48
13316,male,1.68,65
13317,female,1.75,45
13318,male,1.8,75
13319,female,1.7,67
13320,male,1.76,50
13321,female,1.6,62
13322,male,1.72,72
13323,male,1.7,64
13324,male,1.67,58
13325,male,1.9,24
13326,male,1.8,65
13327,female,1.6,49
13328,female,1.65,58
13329,male,1.7,78
13330,male,1.78,63
13331,female,1.6,75
13332,male,1.8,47
13333,female,1.68,68
13334,male,1.83,60
13335,male,1.7,68
13336,female,1.65,78
13337,female,1.65,65
13338,male,1.88,56
13339,male,1.76,75
13340,female,1.65,53
13341,female,1.59,55
13342,male,1.8,47
13343,male,1.68,61
13344,male,1.76,63
13345,male,1.67,65
13346,female,1.68,44
13347,female,1.55,59
13348,male,1.7,63
13349,female,1.42,46
13350,female,1.6,65
13351,female,1.6,81
13352,male,1.83,52
13353,male,1.76,65
13354,female,1.62,48
13355,female,1.55,65
13356,female,1.68,54
13357,female,1.68,83
13358,male,1.85,44
13359,female,1.56,48
13360,female,1.7,49
13361,female,1.73,77
13362,male,1.78,64
13363,female,1.6,44
13364,male,1.83,52
13365,male,1.82,65
13366,female,1.5,72
13367,female,1.58,71
13368,male,1.76,70
13369,male,1.75,74
13370,male,1.81,42
13371,female,1.5,74
13372,male,1.6,46
13373,male,1.8,70
13374,female,1.68,68
13375,male,1.7,64
13376,female,1.53,56
13377,male,1.87,58
13378,male,1.8,65
13379,female,1.64,53
13380,female,1.53,50
13381,male,1.62,59
13382,male,1.65,65
13383,female,1.68,70
13384,female,1.7,76
13385,male,1.7,68
13386,male,1.82,66
13387,male,1.87,43
13388,female,1.69,58
13389,female,1.67,73
13390,male,1.72,70
13391,male,1.7,71
13392,female,1.75,59
13393,male,1.76,50
13394,female,1.87,18
13395,female,1.6,92
13396,male,1.72,63
13397,female,1.62,59
13398,male,1.9,51
13399,female,1.67,71
13400,female,1.85,54
13401,male,1.73,67
13402,male,1.78,42
13403,female,1.67,60
13404,female,1.75,86
13405,female,1.6,75
13406,female,1.59,66
13407,female,1.65,55
13408,male,1.8,66
13409,male,1.7,70
13410,male,1.9,30
13411,male,1.84,64
13412,male,1.65,83
13413,male,1.75,44
13414,female,1.6,65
13415,male,1.78,40
13416,female,1.65,65
13417,male,1.65,69
13418,male,1.78,55
13419,male,1.78,55
13420,female,1.65,64
13421,female,1.7,40
13422,male,1.8,72
13423,female,1.53,73
13424,female,1.76,55
13425,male,1.7,65
13426,female,1.6,56
13427,female,1.54,62
13428,male,1.7,78
13429,female,1.67,64
13430,male,1.96,53
13431,female,1.68,77
13432,male,1.7,82
13433,female,1.78,60
13434,male,1.72,65
13435,male,1.9,52
13436,female,1.68,51
13437,female,1.6,65
13438,male,1.7,62
13439,male,1.77,45
13440,female,1.57,62
13441,female,1.57,46
13442,male,1.74,52
13443,female,1.65,72
13444,female,1.55,70
13445,female,1.56,79
13446,male,1.67,70
13447,female,1.65,74
13448,female,1.8,65
13449,male,1.68,36
13450,male,1.72,77
13451,female,1.58,72
13452,female,1.57,70
13453,female,1.5,68
13454,male,1.7,30
13455,female,1.5,68
13456,female,1.59,45
13457,female,1.61,49
13458,female,1.6,72
13459,female,1.52,70
13460,female,1.56,74
13461,male,1.76,60
13462,female,1.67,79
13463,male,1.78,77
13464,female,1.53,42
13465,male,1.8,53
13466,male,1.75,68
13467,female,1.58,52
13468,female,1.65,68
13469,female,1.52,54
13470,female,1.68,41
13471,female,1.57,38
13472,male,1.78,60
13473,female,1.78,30
13474,female,1.46,66
13475,female,1.54,64
13476,female,1.5,87
13477,male,1.73,81
13478,female,1.62,76
13479,female,1.66,66
13480,female,1.65,85
13481,female,1.6,59
13482,female,1.67,72
13483,female,1.58,67
13484,female,1.58,65
13485,female,1.58,72
13486,male,1.77,70
13487,female,1.54,65
13488,female,1.54,77
13489,female,1.55,62
13490,female,1.6,10
13491,female,1.5,84
13492,male,1.79,70
13493,male,1.76,67
13494,female,1.76,32
13495,male,1.68,51
13496,male,1.7,57
13497,male,1.68,58
13498,female,1.62,70
13499,female,1.56,63
13500,female,1.58,58
13501,male,1.72,65
13502,female,1.62,47
13503,female,1.45,65
13504,male,1.8,71
13505,male,1.82,64
13506,female,1.64,54
13507,male,1.79,56
13508,male,1.85,60
13509,female,1.55,86
13510,female,1.74,52
13511,male,1.83,60
13512,male,1.6,78
13513,female,1.52,85
13514,male,1.67,52
13515,male,1.83,66
13516,male,1.7,38
13517,female,1.62,68
13518,male,1.65,53
13519,male,1.9,44
13520,male,1.82,37
13521,male,1.72,71
13522,female,1.61,48
13523,male,1.67,80
13524,male,1.83,43
13525,male,1.71,69
13526,male,1.76,75
13527,male,1.8,67
13528,female,1.7,85
13529,male,1.68,47
13530,male,1.86,67
13531,female,1.64,68
13532,female,1.54,45
13533,female,1.68,72
13534,female,1.57,71
13535,male,1.8,61
13536,female,1.65,68
13537,female,1.69,32
13538,female,1.64,50
13539,male,1.73,74
13540,male,1.78,59
13541,female,1.55,50
13542,female,1.6,78
13543,female,1.65,63
13544,female,1.58,54
13545,male,1.76,55
13546,male,1.89,22
13547,female,1.56,62
13548,female,1.65,56
13549,male,1.7,47
13550,male,1.7,19
13551,female,1.7,41
13552,female,1.53,61
13553,female,1.5,50
13554,female,0.76,52
13555,male,1.82,41
13556,female,1.68,50
13557,male,1.8,73
13558,male,1.65,66
13559,male,1.77,59
13560,female,1.63,68
13561,female,1.53,75
13562,male,1.65,67
13563,female,1.7,44
13564,male,1.87,60
13565,male,1.7,51
13566,female,1.7,65
13567,male,1.78,60
13568,female,1.69,69
13569,male,1.8,40
13570,female,1.6,63
13571,female,1.45,74
13572,female,1.58,70
13573,male,1.8,67
13574,female,1.75,31
13575,male,1.73,67
13576,female,1.6,80
13577,female,1.57,27
13578,male,1.72,61
13579,female,1.5,58
13580,male,1.56,56
13581,male,1.78,44
13582,female,1.52,69
13583,male,1.76,84
13584,male,1.82,52
13585,male,1.74,42
13586,male,1.7,72
13587,male,1.75,59
13588,female,1.5,53
13589,male,1.8,35
13590,male,1.75,67
13591,female,1.62,81
13592,female,1.5,59
13593,female,1.7,56
13594,male,1.96,69
13595,female,1.55,71
13596,female,1.64,34
13597,female,1.65,48
13598,male,1.76,72
13599,female,1.55,79
13600,male,1.8,40
13601,female,1.72,49
13602,female,1.68,65
13603,female,1.65,71
13604,female,1.55,74
13605,female,1.65,37
13606,female,1.63,79
13607,male,1.77,59
13608,male,1.8,74
13609,female,1.65,60
13610,female,1.5,55
13611,female,1.61,59
13612,female,1.52,67
13613,female,1.64,64
13614,female,1.64,73
13615,female,1.65,50
13616,male,1.78,63
13617,female,1.6,74
13618,male,1.7,40
13619,female,1.65,87
13620,female,1.72,36
13621,female,1.66,54
13622,female,1.54,69
13623,male,1.83,49
13624,male,1.7,68
13625,female,1.64,56
13626,female,1.65,58
13627,female,1.5,19
13628,male,1.67,65
13629,male,1.68,68
13630,male,1.76,70
13631,female,1.65,58
13632,male,1.68,59
13633,female,1.65,62
13634,female,1.59,70
13635,female,1.5,65
13636,male,1.7,36
13637,male,1.7,64
13638,female,1.64,72
13639,male,1.7,72
13640,male,1.68,70
13641,female,1.65,49
13642,male,1.8,51
13643,female,1.72,56
13644,male,1.75,52
13645,female,1.58,65
13646,male,1.65,74
13647,female,12.71,40
13648,female,1.5,64
13649,female,1.72,54
13650,male,1.82,19
13651,male,1.7,59
13652,male,1.78,56
13653,female,1.7,61
13654,female,1.72,74
13655,female,1.72,64
13656,female,1.68,72
13657,male,1.67,68
13658,male,1.71,67
13659,female,1.5,79
13660,male,1.75,66
13661,female,1.6,61
13662,male,1.65,78
13663,male,1.72,73
13664,female,1.57,56
13665,male,1.85,65
13666,female,1.6,63
13667,female,1.67,72
13668,female,1.52,51
13669,female,1.67,71
13670,male,1.67,56
13671,male,1.83,50
13672,female,1.55,85
13673,female,1.5,67
13674,male,1.75,59
13675,female,1.7,53
13676,female,1.67,73
13677,female,1.67,41
13678,male,1.76,65
13679,female,1.62,39
13680,female,1.72,44
13681,male,1.7,66
13682,male,1.73,47
13683,male,1.67,85
13684,male,1.75,71
13685,female,1.76,46
13686,female,1.68,22
13687,male,1.7,79
13688,female,1.68,55
13689,female,1.6,66
13690,female,1.69,51
13691,female,1.68,49
13692,female,1.64,74
13693,male,1.7,69
13694,male,1.7,70
13695,female,1.6,78
13696,female,1.6,84
13697,male,1.77,64
13698,female,1.56,54
13699,male,1.72,45
13700,female,1.58,73
13701,male,1.69,64
13702,female,1.65,76
13703,male,1.8,70
13704,male,1.6,71
13705,male,1.76,43
13706,female,1.62,74
13707,male,1.8,43
13708,female,1.6,53
13709,female,1.58,63
13710,female,0.7,61
13711,female,1.54,38
13712,female,1.54,44
13713,female,1.68,35
13714,female,1.58,70
13715,male,1.85,65
13716,male,1.78,61
13717,male,1.82,75
13718,female,1.72,54
13719,male,1.65,47
13720,male,1.83,70
13721,female,1.7,41
13722,female,0.87,61
13723,female,1.6,59
13724,male,1.8,52
13725,male,1.72,69
13726,female,1.65,71
13727,male,1.8,63
13728,female,1.55,68
13729,male,1.87,61
13730,male,1.65,65
13731,male,1.73,64
13732,female,1.7,64
13733,female,1.58,67
13734,female,1.62,63
13735,female,1.58,60
13736,male,1.78,66
13737,male,1.71,53
13738,male,1.8,41
13739,male,1.78,78
13740,male,1.74,66
13741,female,1.66,82
13742,male,1.8,80
13743,female,1.75,28
13744,male,1.8,65
13745,male,1.86,54
13746,female,1.64,62
13747,female,1.79,30
13748,male,1.67,46
13749,male,1.75,34
13750,female,1.58,73
13751,male,1.72,69
13752,male,1.67,59
13753,male,1.68,49
13754,female,1.56,62
13755,male,1.7,75
13756,female,1.6,69
13757,male,1.78,54
13758,male,1.65,74
13759,female,1.58,63
13760,male,1.78,75
13761,female,1.72,53
13762,female,1.56,66
13763,male,1.9,71
13764,male,1.71,51
13765,male,1.65,66
13766,female,1.6,75
13767,female,1.59,55
13768,female,1.55,76
13769,female,1.72,65
13770,female,1.7,58
13771,female,1.64,30
13772,female,1.56,63
13773,female,1.5,65
13774,female,1.65,71
13775,male,1.76,42
13776,female,1.6,63
13777,female,1.56,70
13778,male,1.1,51
13779,female,1.56,72
13780,male,1.76,69
13781,male,1.82,60
13782,male,1.83,64
13783,female,1.7,58
13784,female,1.65,47
13785,female,1.58,57
13786,female,1.6,42
13787,female,1.54,63
13788,female,1.55,56
13789,male,1.82,40
13790,male,1.74,49
13791,male,1.72,57
13792,female,1.61,74
13793,female,1.6,86
13794,female,1.7,31
13795,male,1.7,63
13796,female,1.57,55
13797,male,1.7,49
13798,male,1.65,81
13799,male,1.7,69
13800,female,1.5,67
13801,male,1.83,53
13802,male,1.67,53
13803,male,1.72,70
13804,female,1.54,44
13805,male,1.76,36
13806,male,1.75,50
13807,male,1.7,54
13808,male,1.62,79
13809,male,1.8,50
13810,female,1.68,79
13811,female,1.5,69
13812,male,1.65,42
13813,male,1.72,75
13814,female,1.58,63
13815,female,1.6,61
13816,female,1.64,70
13817,female,1.55,62
13818,male,1.62,76
13819,female,1.6,73
13820,female,1.53,43
13821,female,1.6,75
13822,male,1.8,47
13823,female,1.55,46
13824,male,1.7,68
13825,female,1.62,60
13826,male,1.8,60
13827,female,1.67,66
13828,male,1.74,70
13829,female,1.9,77
13830,female,1.5,59
13831,female,1.6,76
13832,female,1.69,66
13833,female,1.6,62
13834,male,1.68,73
13835,male,1.83,54
13836,female,1.64,46
13837,male,1.85,52
13838,male,1.75,65
13839,female,1.53,59
13840,female,1.56,69
13841,male,1.69,61
13842,male,1.72,73
13843,male,1.76,63
13844,male,1.89,60
13845,female,1.56,79
13846,female,1.64,61
13847,male,1.72,49
13848,female,1.65,69
13849,male,1.8,55
13850,female,1.72,67
13851,male,1.83,57
13852,male,1.76,65
13853,male,1.82,58
13854,male,1.7,81
13855,female,1.68,71
13856,male,1.75,72
13857,female,1.74,54
13858,male,1.83,69
13859,female,1.53,15
13860,male,1.4,11
13861,female,1.62,70
13862,male,1.92,61
13863,female,1.65,49
13864,female,1.54,74
13865,male,1.72,19
13866,female,1.78,63
13867,male,1.72,51
13868,female,1.65,57
13869,male,1.82,39
13870,female,1.65,65
13871,female,1.69,53
13872,male,1.71,40
13873,female,1.5,61
13874,female,1.56,63
13875,female,1.64,50
13876,male,1.73,55
13877,male,1.78,54
13878,female,1.6,78
13879,female,1.74,44
13880,female,1.58,57
13881,male,1.72,74
13882,male,1.64,49
13883,male,1.73,57
13884,female,1.72,63
13885,female,1.65,84
13886,female,1.64,55
13887,female,1.62,72
13888,male,1.89,43
13889,male,1.78,52
13890,male,1.72,71
13891,male,1.72,64
13892,male,1.76,81
13893,female,1.67,49
13894,female,1.58,61
13895,male,1.72,51
13896,female,1.5,50
13897,male,1.63,58
13898,female,1.6,78
13899,male,1.62,60
13900,female,1.63,75
13901,male,1.75,86
13902,female,1.55,64
13903,female,1.62,63
13904,female,1.73,78
13905,female,1.85,58
13906,female,1.6,67
13907,male,1.74,66
13908,male,1.75,59
13909,male,1.79,44
13910,male,1.78,74
13911,female,1.52,59
13912,male,1.8,62
13913,female,1.65,65
13914,female,1.68,67
13915,male,1.72,71
13916,female,1.55,69
13917,female,1.62,70
13918,male,1.78,65
13919,female,1.7,65
13920,male,1.72,58
13921,male,1.8,65
13922,male,1.94,79
13923,male,1.7,70
13924,female,1.62,46
13925,female,1.68,73
13926,female,1.53,74
13927,female,1.6,64
13928,female,1.64,76
13929,male,1.8,57
13930,female,1.6,83
13931,male,1.78,65
13932,female,1.4,63
13933,female,1.65,80
13934,male,1.7,55
13935,female,1.65,50
13936,male,1.8,72
13937,female,1.68,42
13938,male,1.65,83
13939,female,1.68,53
13940,female,1.68,65
13941,male,1.89,45
13942,female,1.6,79
13943,female,1.5,70
13944,female,1.5,60
13945,female,1.54,66
13946,female,1.73,52
13947,male,1.73,64
13948,male,1.8,67
13949,female,1.6,57
13950,male,1.82,48
13951,female,1.51,61
13952,male,1.79,69
13953,female,1.6,69
13954,male,1.76,69
13955,female,1.54,79
13956,male,1.7,53
13957,female,1.7,61
13958,male,1.87,30
13959,female,1.6,75
13960,male,1.74,38
13961,female,1.65,67
13962,male,1.78,72
13963,male,1.76,51
13964,female,1.6,49
13965,female,1.55,61
13966,female,1.56,60
13967,male,1.68,66
13968,female,1.55,41
13969,male,1.7,65
13970,male,1.8,40
13971,male,1.8,72
13972,male,1.7,65
13973,female,1.6,23
13974,female,1.65,62
13975,female,1.55,77
13976,female,1.55,71
13977,female,1.68,71
13978,male,1.72,43
13979,female,1.5,91
13980,male,1.72,63
13981,female,1.6,67
13982,female,1.46,46
13983,female,1.65,58
13984,male,1.89,54
13985,female,1.79,60
13986,female,1.6,77
13987,female,1.63,65
13988,male,1.75,58
13989,female,1.6,75
13990,female,1.78,40
13991,female,1.5,76
13992,male,1.76,59
13993,male,1.8,57
13994,female,1.68,52
13995,female,1.59,51
13996,male,1.76,64
13997,female,1.55,55
13998,male,1.8,51
13999,male,1.74,67
14000,female,1.58,61
14001,female,1.69,80
14002,female,1.64,67
14003,male,1.73,61
14004,female,1.56,52
14005,female,1.56,63
14006,male,1.8,57
14007,male,1.81,76
14008,female,1.75,48
14009,male,1.72,69
14010,female,1.68,68
14011,male,1.79,40
14012,female,1.53,70
14013,male,1.92,43
14014,male,1.62,72
14015,male,1.78,59
14016,female,1.56,78
14017,female,1.71,65
14018,female,1.56,55
14019,male,1.67,78
14020,female,1.6,76
14021,female,1.72,31
14022,male,1.62,69
14023,female,1.75,69
14024,female,1.69,21
14025,female,1.65,69
14026,female,1.54,65
14027,male,1.78,36
14028,female,1.44,64
14029,female,1.5,67
14030,male,1.74,48
14031,male,1.78,83
14032,male,1.7,65
14033,male,1.82,71
14034,male,1.67,66
14035,male,1.75,57
14036,female,1.5,75
14037,male,1.76,43
14038,male,1.61,69
14039,female,1.67,78
14040,female,1.56,41
14041,female,1.58,65
14042,male,1.83,56
14043,female,1.7,85
14044,male,1.8,52
14045,male,1.74,66
14046,female,1.6,60
14047,female,1.7,38
14048,male,1.86,31
14049,female,1.65,64
14050,female,1.65,59
14051,male,1.7,38
14052,male,1.78,57
14053,female,1.56,76
14054,male,1.7,67
14055,female,1.62,65
14056,female,1.56,63
14057,male,1.72,65
14058,male,1.75,65
14059,male,1.65,72
14060,female,1.68,60
14061,female,1.65,49
14062,female,1.7,75
14063,male,1.8,50
14064,male,1.6,64
14065,male,1.75,77
14066,female,1.64,85
14067,male,1.8,45
14068,female,1.65,68
14069,male,1.65,73
14070,female,1.47,59
14071,male,1.78,64
14072,female,1.62,47
14073,female,1.63,31
14074,male,1.82,46
14075,female,1.67,56
14076,male,1.72,77
14077,female,1.7,41
14078,female,1.68,46
14079,female,1.55,69
14080,female,1.58,78
14081,male,1.83,58
14082,female,1.65,85
14083,female,1.65,71
14084,male,1.72,78
14085,male,1.7,51
14086,female,1.56,67
14087,female,1.5,91
14088,female,1.5,44
14089,female,1.5,69
14090,female,1.8,81
14091,male,1.67,64
14092,female,1.55,52
14093,male,1.6,84
14094,female,1.6,44
14095,female,1.65,64
14096,female,1.63,70
14097,male,1.9,49
14098,male,1.7,66
14099,male,1.7,53
14100,male,1.8,72
14101,male,1.83,51
14102,male,1.66,75
14103,female,1.68,31
14104,male,1.72,73
14105,male,1.74,40
14106,male,1.74,65
14107,female,1.71,54
14108,male,1.75,51
14109,male,1.7,68
14110,female,1.56,67
14111,female,1.66,72
14112,female,1.66,69
14113,male,1.78,58
14114,female,1.66,79
14115,male,1.75,76
14116,female,1.67,73
14117,female,1.6,47
14118,female,1.6,50
14119,female,1.63,55
14120,female,1.6,52
14121,male,1.72,61
14122,female,1.5,81
14123,male,1.78,56
14124,female,1.79,36
14125,female,1.72,50
14126,female,1.7,88
14127,male,1.83,18
14128,female,1.52,79
14129,male,1.68,66
14130,female,1.56,62
14131,male,1.73,60
14132,female,1.7,67
14133,female,1.67,69
14134,male,1.68,51
14135,male,1.7,69
14136,male,1.8,71
14137,male,1.65,72
14138,female,1.6,64
14139,male,1.72,52
14140,female,1.63,77
14141,female,1.47,45
14142,male,1.7,63
14143,male,1.62,65
14144,female,1.73,72
14145,male,1.82,50
14146,female,1.65,63
14147,female,1.52,82
14148,male,1.83,60
14149,male,1.73,67
14150,female,1.6,62
14151,male,1.7,64
14152,male,1.9,42
14153,male,1.75,39
14154,male,1.75,47
14155,female,1.7,75
14156,male,1.72,74
14157,male,1.7,70
14158,male,1.73,82
14159,female,1.65,68
14160,male,1.78,53
14161,male,1.75,68
14162,male,1.82,57
14163,male,1.8,74
14164,male,1.78,67
14165,male,1.8,32
14166,female,1.6,81
14167,female,1.65,77
14168,male,1.8,62
14169,female,1.6,77
14170,female,1.6,43
14171,male,1.85,42
14172,male,1.78,29
14173,male,1.75,54
14174,male,1.87,30
14175,female,1.6,57
14176,female,1.68,54
14177,male,1.7,65
14178,female,1.58,59
14179,female,1.63,72
14180,female,1.55,70
14181,female,1.5,77
14182,male,1.76,70
14183,female,1.7,52
14184,male,1.72,43
14185,male,1.67,71
14186,female,1.64,69
14187,male,1.86,58
14188,male,1.63,71
14189,male,1.85,44
14190,female,1.56,68
14191,male,1.83,75
14192,female,1.64,71
14193,female,1.74,61
14194,male,1.7,61
14195,female,1.75,56
14196,male,1.75,64
14197,female,1.63,60
14198,female,1.7,75
14199,female,1.62,75
14200,male,1.72,57
14201,male,1.7,72
14202,male,1.8,41
14203,female,1.72,37
14204,male,1.7,55
14205,female,1.64,56
14206,female,1.6,58
14207,male,1.88,70
14208,female,1.58,71
14209,male,1.7,80
14210,male,1.86,68
14211,female,1.6,46
14212,male,1.8,70
14213,female,1.5,90
14214,male,1.65,42
14215,female,1.55,57
14216,male,1.72,69
14217,female,1.7,60
14218,male,1.8,72
14219,female,1.54,62
14220,female,1.6,78
14221,male,1.74,53
14222,male,1.85,94
14223,male,1.69,50
14224,female,1.55,81
14225,male,1.75,62
14226,female,1.52,78
14227,female,1.6,56
14228,female,1.56,59
14229,female,1.63,62
14230,male,1.62,65
14231,female,1.65,47
14232,male,1.7,78
14233,female,1.65,41
14234,female,1.65,66
14235,male,1.83,77
14236,female,1.58,77
14237,male,1.75,47
14238,female,1.65,45
14239,male,1.7,68
14240,male,1.83,45
14241,male,1.73,42
14242,female,1.52,32
14243,female,1.65,59
14244,female,1.76,38
14245,male,1.8,42
14246,male,1.87,58
14247,male,1.6,59
14248,male,1.68,70
14249,male,1.7,48
14250,female,1.52,88
14251,male,1.8,71
14252,female,1.56,69
14253,female,1.68,37
14254,male,1.05,55
14255,male,1.9,55
14256,male,1.82,54
14257,male,1.83,77
14258,female,1.65,59
14259,male,1.26,71
14260,female,1.62,50
14261,male,1.88,46
14262,female,1.5,79
14263,male,1.65,64
14264,female,1.6,70
14265,female,1.56,69
14266,female,1.56,67
14267,male,1.84,21
14268,male,1.71,48
14269,male,1.77,42
14270,female,1.72,47
14271,female,1.71,55
14272,male,1.6,69
14273,male,1.69,79
14274,male,1.71,69
14275,female,1.65,82
14276,male,1.8,78
14277,male,1.69,73
14278,female,1.68,51
14279,female,1.64,54
14280,female,1.62,61
14281,female,1.5,60
14282,female,1.63,71
14283,male,1.6,78
14284,male,1.75,49
14285,male,1.68,70
14286,female,1.8,63
14287,male,1.6,76
14288,female,1.67,47
14289,male,1.7,73
14290,female,1.54,57
14291,male,1.84,38
14292,male,1.97,49
14293,female,1.67,31
14294,female,1.7,42
14295,male,1.8,53
14296,male,1.75,60
14297,female,1.57,68
14298,female,1.58,70
14299,male,1.8,50
14300,female,1.5,74
14301,female,1.68,77
14302,male,1.73,62
14303,male,1.76,58
14304,female,1.6,77
14305,male,1.7,62
14306,female,1.6,73
14307,female,1.67,42
14308,male,1.78,49
14309,female,1.65,30
14310,female,1.65,53
14311,male,1.75,69
14312,male,1.65,69
14313,female,1.6,72
14314,male,1.75,43
14315,male,1.73,60
14316,male,1.7,83
14317,male,1.7,52
14318,male,1.83,63
14319,female,1.78,58
14320,male,1.74,46
14321,male,1.75,43
14322,male,1.86,59
14323,male,1.7,72
14324,female,1.64,61
14325,male,1.75,46
14326,male,1.78,43
14327,female,1.64,38
14328,male,1.66,67
14329,female,1.67,61
14330,female,1.64,53
14331,male,1.83,41
14332,male,1.74,57
14333,female,1.65,39
14334,female,1.53,27
14335,female,1.64,74
14336,male,1.8,71
14337,female,1.7,36
14338,male,1.7,62
14339,female,1.77,70
14340,male,1.65,65
14341,female,1.5,76
14342,male,1.73,53
14343,female,1.7,65
14344,male,1.78,42
14345,male,1.75,82
14346,female,1.52,88
14347,female,1.73,45
14348,male,1.68,51
14349,male,1.63,60
14350,male,1.7,27
14351,female,1.6,65
14352,male,1.76,43
14353,female,1.6,74
14354,female,1.72,37
14355,male,1.7,53
14356,male,1.68,76
14357,female,1.55,59
14358,female,1.65,71
14359,female,1.73,55
14360,male,1.7,60
14361,female,1.59,61
14362,female,1.57,66
14363,female,1.65,76
14364,female,1.66,65
14365,female,1.56,62
14366,male,1.75,62
14367,female,1.6,59
14368,female,1.64,35
14369,female,1.85,44
14370,female,1.6,73
14371,male,1.9,32
14372,female,1.56,63
14373,female,1.64,67
14374,female,1.53,79
14375,female,1.53,78
14376,female,1.58,70
14377,male,1.75,63
14378,female,1.65,46
14379,female,1.5,64
14380,female,1.7,47
14381,male,1.9,49
14382,male,1.7,64
14383,female,1.59,72
14384,male,1.67,78
14385,male,1.77,37
14386,female,1.6,86
14387,male,1.56,74
14388,female,1.64,78
14389,female,1.64,22
14390,male,1.82,24
14391,male,1.7,78
14392,male,1.73,65
14393,female,1.67,73
14394,female,1.57,62
14395,female,1.65,68
14396,male,1.8,64
14397,female,1.6,71
14398,male,1.8,64
14399,female,1.6,82
14400,female,1.7,75
14401,male,1.7,62
14402,female,1.52,53
14403,male,1.76,62
14404,male,1.77,57
14405,female,1.6,55
14406,male,1.71,79
14407,female,1.67,41
14408,female,1.52,70
14409,female,1.7,70
14410,male,1.7,74
14411,female,1.55,38
14412,female,1.6,77
14413,male,1.87,63
14414,male,1.67,56
14415,female,1.58,62
14416,female,1.61,62
14417,male,1.85,71
14418,female,1.55,66
14419,male,1.84,75
14420,female,1.6,75
14421,female,1.62,64
14422,male,1.75,63
14423,female,1.65,72
14424,female,1.6,87
14425,female,1.7,45
14426,female,1.65,73
14427,female,1.57,64
14428,male,1.73,67
14429,male,1.7,71
14430,female,1.58,38
14431,male,1.7,63
14432,male,1.77,71
14433,male,1.6,67
14434,female,1.64,44
14435,female,1.64,76
14436,male,1.8,59
14437,female,1.65,40
14438,male,1.76,67
14439,female,1.61,69
14440,female,1.65,66
14441,female,1.66,70
14442,female,1.55,62
14443,male,1.85,72
14444,male,1.7,61
14445,male,1.68,73
14446,female,1.45,81
14447,female,1.65,65
14448,male,1.65,76
14449,male,1.74,78
14450,female,1.67,55
14451,female,1.59,58
14452,female,1.65,43
14453,female,1.6,64
14454,female,1.68,69
14455,male,1.65,60
14456,male,1.72,54
14457,male,1.76,53
14458,female,1.55,76
14459,male,1.85,84
14460,male,1.76,70
14461,male,1.85,71
14462,male,1.87,71
14463,female,1.61,46
14464,male,1.75,90
14465,male,1.74,53
14466,male,1.8,68
14467,male,1.78,42
14468,male,1.67,54
14469,male,1.81,74
14470,male,1.65,42
14471,female,1.78,69
14472,female,1.54,50
14473,female,1.65,53
14474,male,1.66,63
14475,female,1.64,67
14476,male,1.78,48
14477,female,1.63,66
14478,female,1.7,69
14479,female,1.7,84
14480,male,1.75,30
14481,female,1.45,79
14482,female,1.63,64
14483,female,1.68,51
14484,male,1.8,63
14485,male,1.8,68
14486,female,1.58,75
14487,male,1.78,53
14488,male,1.86,34
14489,male,1.82,45
14490,female,1.76,75
14491,female,1.63,48
14492,female,1.65,52
14493,male,1.7,70
14494,male,1.76,61
14495,male,1.75,47
14496,female,1.6,81
14497,female,1.65,79
14498,female,1.65,60
14499,female,1.65,67
14500,male,1.7,77
14501,male,1.95,30
14502,female,1.62,65
14503,male,1.55,65
14504,female,1.63,71
14505,female,1.55,60
14506,male,1.8,76
14507,male,1.73,83
14508,female,1.56,68
14509,male,1.72,37
14510,female,0.68,57
14511,female,1.53,73
14512,female,1.6,53
14513,male,1.72,57
14514,female,1.65,44
14515,female,1.65,37
14516,male,1.69,63
14517,female,1.57,81
14518,male,1.76,61
14519,female,1.64,76
14520,female,1.55,46
14521,male,1.72,62
14522,male,1.75,76
14523,male,1.7,46
14524,female,1.6,29
14525,male,1.75,70
14526,male,1.85,60
14527,female,1.45,67
14528,female,1.5,54
14529,male,1.7,67
14530,male,1.85,70
14531,male,1.74,32
14532,female,1.72,62
14533,male,1.65,72
14534,female,1.51,41
14535,male,1.65,46
14536,female,1.55,58
14537,male,1.68,58
14538,male,1.75,68
14539,male,1.78,71
14540,female,1.69,59
14541,female,1.7,68
14542,female,1.68,18
14543,male,1.7,67
14544,male,1.65,45
14545,male,1.4,9
14546,female,1.72,66
14547,female,1.64,54
14548,female,1.67,52
14549,female,1.6,58
14550,female,1.8,60
14551,female,1.68,35
14552,male,1.74,43
14553,female,1.73,41
14554,female,1.62,29
14555,female,1.69,63
14556,female,1.64,56
14557,female,1.74,84
14558,male,1.78,70
14559,female,1.73,41
14560,male,1.68,75
14561,female,1.65,60
14562,male,1.63,54
14563,female,1.52,64
14564,male,1.7,81
14565,female,1.64,67
14566,female,1.55,68
14567,female,1.7,63
14568,male,1.7,69
14569,male,1.82,63
14570,male,1.76,62
14571,female,1.73,50
14572,female,1.68,72
14573,male,1.78,66
14574,male,1.67,69
14575,male,1.73,66
14576,female,1.55,69
14577,male,1.76,78
14578,female,1.65,58
14579,female,1.65,63
14580,female,1.7,69
14581,male,1.73,62
14582,female,1.6,46
14583,female,1.5,68
14584,female,1.63,46
14585,male,1.78,45
14586,female,1.57,34
14587,male,1.75,49
14588,male,1.75,82
14589,male,1.75,64
14590,male,1.75,65
14591,male,1.7,54
14592,male,1.83,64
14593,female,1.65,55
14594,female,1.7,43
14595,male,1.6,71
14596,male,1.98,38
14597,female,1.5,82
14598,female,1.69,50
14599,female,1.6,64
14600,female,1.57,41
14601,female,1.46,73
14602,male,1.73,68
14603,female,1.64,38
14604,male,1.75,85
14605,female,1.7,63
14606,female,1.55,67
14607,female,1.52,79
14608,male,1.67,49
14609,male,1.78,50
14610,male,1.72,64
14611,female,1.65,63
14612,male,1.72,56
14613,male,1.73,67
14614,male,1.6,71
14615,female,1.65,84
14616,male,1.75,77
14617,male,1.6,60
14618,male,1.67,62
14619,male,1.93,38
14620,male,1.7,74
14621,female,1.59,87
14622,male,1.7,84
14623,male,1.76,71
14624,female,1.62,88
14625,male,1.85,52
14626,male,1.87,59
14627,male,1.8,66
14628,male,1.74,53
14629,male,1.9,77
14630,male,1.7,82
14631,female,1.64,49
14632,female,1.7,64
14633,male,1.78,72
14634,female,1.6,63
14635,male,1.58,83
14636,male,1.73,69
14637,female,1.6,72
14638,female,1.69,53
14639,female,1.6,58
14640,male,1.76,72
14641,male,1.75,29
14642,female,1.6,65
14643,male,1.86,43
14644,male,1.6,78
14645,female,1.73,46
14646,male,1.71,67
14647,female,1.56,48
14648,female,1.6,74
14649,female,1.7,83
14650,female,1.6,54
14651,female,1.6,80
14652,female,1.63,65
14653,female,1.54,56
14654,male,1.82,53
14655,male,1.8,73
14656,female,1.52,67
14657,male,1.95,38
14658,male,1.75,70
14659,female,1.64,82
14660,female,1.66,52
14661,female,1.65,23
14662,male,1.81,51
14663,female,1.75,38
14664,female,1.8,18
14665,female,1.68,23
14666,female,1.56,69
14667,male,1.9,48
14668,female,1.54,65
14669,male,1.71,76
14670,male,1.76,46
14671,male,1.95,51
14672,male,1.7,69
14673,male,1.7,56
14674,male,1.65,61
14675,female,1.58,53
14676,male,1.75,57
14677,male,1.8,65
14678,female,1.5,64
14679,male,1.78,75
14680,female,1.6,46
14681,male,1.82,38
14682,female,1.56,53
14683,female,1.45,72
14684,female,1.54,66
14685,female,1.68,49
14686,female,1.68,62
14687,male,1.87,31
14688,male,1.7,71
14689,male,1.75,25
14690,male,1.86,56
14691,female,1.76,19
14692,female,1.48,65
14693,female,1.76,76
14694,male,1.76,63
14695,female,1.72,75
14696,female,1.58,75
14697,female,1.5,30
14698,male,1.73,58
14699,female,1.58,69
14700,female,1.5,31
14701,female,1.6,54
14702,female,1.5,80
14703,female,1.58,75
14704,female,1.64,70
14705,female,1.74,44
14706,male,1.64,69
14707,male,1.95,56
14708,male,1.75,53
14709,male,1.76,70
14710,male,1.8,57
14711,male,1.68,75
14712,female,1.68,66
14713,female,1.75,51
14714,male,1.78,71
14715,male,1.7,58
14716,male,1.76,76
14717,male,1.63,26
14718,female,1.66,33
14719,male,1.74,73
14720,male,1.68,68
14721,female,1.7,42
14722,male,1.8,72
14723,female,1.6,85
14724,female,1.52,58
14725,male,1.67,91
14726,male,1.7,86
14727,female,1.58,53
14728,male,1.63,71
14729,female,1.52,77
14730,male,1.6,47
14731,male,1.67,64
14732,female,1.75,51
14733,female,1.5,79
14734,male,1.85,40
14735,male,1.75,67
14736,female,1.63,54
14737,female,1.75,55
14738,female,1.64,64
14739,male,1.56,66
14740,female,1.64,65
14741,male,1.67,77
14742,female,1.59,40
14743,female,1.62,22
14744,female,1.55,50
14745,male,1.65,82
14746,female,1.65,58
14747,female,1.76,65
14748,male,1.85,60
14749,male,1.75,69
14750,female,1.7,69
14751,male,1.7,63
14752,male,1.84,78
14753,male,1.65,71
14754,female,1.72,50
14755,female,1.8,42
14756,female,1.73,71
14757,male,1.78,24
14758,female,1.7,68
14759,male,1.76,68
14760,female,1.58,66
14761,male,1.74,63
14762,female,1.6,71
14763,male,1.74,86
14764,female,1.62,76
14765,male,1.68,63
14766,male,1.72,72
14767,female,1.5,62
14768,female,1.7,46
14769,female,1.58,58
14770,female,1.5,58
14771,female,1.62,50
14772,male,1.75,47
14773,female,1.75,81
14774,female,1.65,55
14775,male,1.77,54
14776,female,1.72,65
14777,male,1.74,70
14778,female,1.61,67
14779,female,1.65,25
14780,male,1.65,56
14781,male,1.76,53
14782,female,1.58,65
14783,male,1.83,72
14784,female,1.56,76
14785,female,1.62,65
14786,female,1.6,49
14787,male,1.65,39
14788,male,1.81,57
14789,male,1.66,44
14790,female,1.65,26
14791,female,1.6,59
14792,male,1.85,33
14793,female,1.68,21
14794,female,1.74,66
14795,female,1.63,61
14796,male,1.75,34
14797,male,1.72,65
14798,male,1.76,63
14799,female,1.52,65
14800,male,1.64,86
14801,female,1.64,65
14802,female,1.56,66
14803,female,1.73,28
14804,female,1.7,43
14805,female,1.7,35
14806,female,1.6,66
14807,female,1.74,64
14808,female,1.63,59
14809,male,1.6,88
14810,male,1.76,42
14811,male,1.77,72
14812,female,1.55,73
14813,male,1.65,71
14814,male,1.75,47
14815,female,1.63,68
14816,male,1.73,80
14817,male,1.67,65
14818,female,1.65,75
14819,male,1.85,35
14820,male,1.6,67
14821,female,1.6,60
14822,female,1.6,88
14823,male,1.78,66
14824,male,1.65,56
14825,male,1.77,62
14826,male,1.66,38
14827,female,1.64,69
14828,male,1.78,42
14829,male,1.75,44
14830,male,1.74,51
14831,female,1.65,73
14832,male,1.69,77
14833,female,1.78,29
14834,female,1.62,74
14835,male,1.8,62
14836,male,1.7,64
14837,male,1.72,44
14838,male,1.86,40
14839,male,1.82,62
14840,male,1.73,57
14841,male,1.78,32
14842,male,1.7,75
14843,female,1.7,82
14844,female,1.74,59
14845,male,1.72,64
14846,male,1.74,67
14847,male,1.76,70
14848,female,1.7,44
14849,female,1.58,66
14850,female,1.5,76
14851,male,1.71,60
14852,male,1.69,66
14853,male,1.75,60
14854,female,1.64,82
14855,female,1.67,78
14856,female,1.74,68
14857,male,1.68,44
14858,male,1.75,78
14859,male,1.76,46
14860,male,1.78,70
14861,female,1.7,76
14862,male,1.75,75
14863,male,1.75,62
14864,female,1.56,53
14865,female,1.65,45
14866,female,1.6,65
14867,female,1.6,74
14868,female,1.65,76
14869,female,1.7,53
14870,male,1.85,82
14871,female,1.76,78
14872,male,1.7,60
14873,male,1.86,40
14874,male,1.78,62
14875,female,1.72,42
14876,male,1.76,84
14877,male,1.7,64
14878,male,1.6,72
14879,male,1.7,75
14880,female,1.67,57
14881,male,1.67,34
14882,female,1.68,59
14883,female,1.62,75
14884,female,1.66,68
14885,female,1.65,89
14886,female,1.75,46
14887,female,1.62,44
14888,male,1.92,68
14889,male,1.88,23
14890,male,1.72,65
14891,male,1.79,76
14892,female,1.64,62
14893,male,1.65,65
14894,male,1.77,44
14895,male,1.83,62
14896,female,1.6,37
14897,female,1.55,63
14898,male,1.74,48
14899,male,1.64,56
14900,male,1.77,76
14901,female,1.6,83
14902,female,1.57,77
14903,male,1.8,28
14904,male,1.8,67
14905,female,1.71,62
14906,female,1.66,66
14907,male,1.76,80
14908,female,1.7,42
14909,female,1.68,50
14910,male,1.7,64
14911,male,1.82,77
14912,female,1.6,76
14913,male,1.8,81
14914,female,1.64,54
14915,female,1.53,66
14916,female,1.6,72
14917,female,1.59,65
14918,male,1.7,73
14919,female,1.68,40
14920,female,1.73,54
14921,male,1.75,59
14922,male,1.7,49
14923,male,1.7,69
14924,female,1.68,36
14925,female,1.61,67
14926,male,1.7,79
14927,female,1.6,63
14928,female,1.64,78
14929,female,1.65,78
14930,female,1.54,75
14931,female,1.59,75
14932,female,1.75,65
14933,male,1.65,64
14934,female,1.7,74
14935,male,1.76,59
14936,female,1.76,67
14937,female,1.77,55
14938,male,1.65,78
14939,female,1.78,53
14940,male,1.74,76
14941,male,1.86,67
14942,female,1.67,44
14943,female,1.58,70
14944,female,1.65,43
14945,female,1.69,52
14946,male,1.7,66
14947,male,1.67,64
14948,male,1.78,88
14949,male,1.75,70
14950,female,1.78,35
14951,female,1.76,39
14952,male,1.86,44
14953,female,1.7,56
14954,female,1.67,42
14955,male,1.8,66
14956,male,1.67,70
14957,female,1.55,90
14958,female,1.54,68
14959,male,1.86,74
14960,female,1.65,70
14961,female,1.59,61
14962,female,1.5,49
14963,female,1.6,79
14964,female,1.58,51
14965,female,1.56,63
14966,male,1.75,77
14967,female,1.4,69
14968,female,1.67,66
14969,female,1.5,81
14970,male,1.75,63
14971,female,1.7,58
14972,male,1.75,26
14973,male,1.7,61
14974,female,1.75,53
14975,male,1.78,46
14976,female,1.64,24
14977,female,1.59,74
14978,male,1.73,53
14979,male,1.7,66
14980,female,1.66,49
14981,female,1.65,71
14982,female,1.65,61
14983,male,1.7,46
14984,female,1.6,75
14985,male,1.8,58
14986,female,1.6,60
14987,female,1.64,62
14988,female,1.5,82
14989,female,1.7,51
14990,female,1.68,46
14991,female,1.62,70
14992,male,1.68,60
14993,female,1.7,52
14994,female,1.65,70
14995,female,1.7,85
14996,female,1.65,68
14997,female,1.65,54
14998,female,1.7,84
14999,female,1.68,50
15000,female,1.6,66
15001,male,1.75,25
15002,male,1.72,59
15003,female,1.65,49
15004,female,1.74,49
15005,male,1.67,59
15006,male,1.8,64
15007,male,1.7,57
15008,male,1.76,78
15009,female,1.55,57
15010,male,1.9,59
15011,female,1.64,65
15012,male,1.55,85
15013,female,1.6,44
15014,female,1.7,62
15015,male,1.72,48
15016,female,1.6,72
15017,male,1.72,65
15018,male,1.8,66
15019,male,2.05,64
15020,male,1.67,64
15021,male,1.78,65
15022,male,1.7,66
15023,male,1.75,38
15024,female,1.72,61
15025,female,1.48,58
15026,female,1.64,33
15027,female,1.58,54
15028,female,1.67,49
15029,female,1.7,66
15030,male,1.73,48
15031,female,1.63,81
15032,male,1.8,70
15033,female,1.6,73
15034,male,1.82,61
15035,male,1.8,34
15036,female,1.64,48
15037,male,1.68,60
15038,female,1.7,59
15039,male,1.65,65
15040,male,1.15,57
15041,female,1.58,70
15042,male,1.7,26
15043,female,1.65,71
15044,female,1.6,82
15045,female,1.7,45
15046,male,1.74,43
15047,female,1.79,51
15048,male,1.8,65
15049,male,1.78,65
15050,male,1.78,88
15051,male,1.7,31
15052,female,1.54,49
15053,male,1.68,65
15054,male,1.85,53
15055,male,1.72,57
15056,female,1.6,74
15057,female,1.5,68
15058,female,1.64,48
15059,female,1.62,81
15060,female,1.62,60
15061,female,1.59,31
15062,male,1.85,37
15063,male,1.65,57
15064,female,1.56,90
15065,female,1.56,24
15066,female,1.5,81
15067,male,1.68,63
15068,female,1.65,63
15069,male,1.6,70
15070,female,1.56,66
15071,male,1.68,48
15072,male,1.7,65
15073,male,1.89,50
15074,female,1.61,88
15075,male,1.85,75
15076,female,1.56,45
15077,male,1.75,43
15078,male,1.1,3
15079,female,1.57,62
15080,male,1.71,62
15081,male,1.76,66
15082,male,1.75,45
15083,female,1.78,42
15084,female,1.67,52
15085,male,1.8,60
15086,male,1.6,70
15087,male,1.7,45
15088,female,1.61,40
15089,male,1.86,41
15090,male,1.8,68
15091,female,1.6,64
15092,male,1.68,67
15093,female,1.53,48
15094,male,1.7,58
15095,male,1.7,77
15096,male,1.8,62
15097,female,1.6,84
15098,female,1.58,64
15099,male,1.78,83
15100,male,1.65,68
15101,male,1.76,69
15102,male,1.8,52
15103,female,1.7,68
15104,female,1.68,90
15105,female,1.52,60
15106,female,1.7,85
15107,female,1.58,69
15108,male,1.56,63
15109,male,1.63,73
15110,female,1.52,82
15111,female,1.68,27
15112,female,1.65,77
15113,male,1.7,41
15114,female,1.6,83
15115,female,1.72,65
15116,male,1.72,71
15117,male,1.8,60
15118,male,1.76,61
15119,female,1.7,47
15120,male,1.7,44
15121,female,1.65,41
15122,female,1.7,82
15123,male,1.66,60
15124,female,1.68,35
15125,female,1.6,67
15126,female,1.6,75
15127,female,1.77,54
15128,male,1.85,55
15129,female,1.58,66
15130,female,1.65,71
15131,male,1.7,68
15132,male,1.85,51
15133,female,1.5,75
15134,female,1.62,63
15135,female,1.71,47
15136,female,1.64,58
15137,female,1.72,77
15138,female,1.71,67
15139,male,1.82,72
15140,female,1.65,78
15141,male,1.76,59
15142,male,1.8,76
15143,female,1.68,80
15144,male,1.7,70
15145,male,1.82,48
15146,female,1.6,55
15147,female,1.65,54
15148,male,1.78,65
15149,male,1.8,32
15150,female,1.6,44
15151,female,1.65,60
15152,female,1.58,22
15153,female,1.56,62
15154,female,1.65,63
15155,female,1.7,65
15156,female,1.65,54
15157,female,1.6,83
15158,female,1.63,39
15159,male,1.78,65
15160,female,1.55,83
15161,male,1.75,42
15162,female,1.68,69
15163,female,1.52,56
15164,male,1.65,69
15165,male,1.88,77
15166,female,1.76,43
15167,male,1.64,59
15168,female,1.52,63
15169,male,1.7,82
15170,female,1.55,78
15171,male,1.72,88
15172,female,1.6,70
15173,female,1.58,68
15174,male,1.82,59
15175,male,1.9,38
15176,female,1.56,37
15177,female,1.7,53
15178,female,1.68,67
15179,male,1.68,69
15180,female,1.56,65
15181,female,1.5,79
15182,female,1.63,63
15183,female,1.6,77
15184,female,1.64,30
15185,female,1.6,62
15186,male,1.7,65
15187,male,1.9,44
15188,female,1.63,39
15189,male,1.76,57
15190,male,1.75,71
15191,male,1.75,47
15192,male,1.82,41
15193,male,1.8,55
15194,male,1.9,48
15195,male,1.85,57
15196,female,1.7,55
15197,male,1.67,44
15198,female,1.53,60
15199,male,1.86,55
15200,male,1.75,75
15201,male,1.73,67
15202,female,1.72,22
15203,female,1.7,58
15204,female,1.7,68
15205,male,1.85,39
15206,female,1.58,74
15207,male,1.8,74
15208,female,1.58,59
15209,female,1.67,75
15210,female,1.62,64
15211,female,1.54,69
15212,male,1.78,31
15213,female,1.67,76
15214,female,1.58,71
15215,female,1.7,32
15216,female,1.58,62
15217,male,1.95,47
15218,female,1.68,24
15219,female,1.67,74
15220,female,1.64,69
15221,female,1.68,61
15222,female,1.6,75
15223,female,1.52,76
15224,male,1.6,44
15225,male,1.79,65
15226,male,1.75,65
15227,female,1.78,26
15228,female,1.64,75
15229,male,1.72,65
15230,male,1.65,61
15231,female,1.6,65
15232,male,1.88,41
15233,female,1.5,78
15234,male,0.71,25
15235,male,1.6,62
15236,female,1.65,57
15237,female,1.68,39
15238,male,1.79,53
15239,female,1.67,45
15240,female,1.69,65
15241,male,1.78,51
15242,female,1.62,33
15243,female,1.56,58
15244,male,1.68,69
15245,male,1.84,59
15246,female,1.56,62
15247,female,1.65,63
15248,male,1.67,62
15249,female,1.52,70
15250,male,1.78,61
15251,male,1.86,66
15252,female,1.58,64
15253,male,1.75,70
15254,female,1.55,61
15255,female,1.61,63
15256,female,1.51,70
15257,male,1.74,70
15258,male,1.8,52
15259,male,1.78,59
15260,male,1.76,63
15261,female,1.64,45
15262,female,1.65,67
15263,female,1.65,78
15264,male,1.8,58
15265,female,1.7,64
15266,female,1.5,74
15267,female,1.68,39
15268,male,1.73,67
15269,female,1.64,74
15270,female,1.6,71
15271,male,1.68,80
15272,female,1.64,45
15273,male,1.75,77
15274,male,1.77,39
15275,female,1.67,68
15276,female,1.62,64
15277,female,1.6,66
15278,male,1.85,58
15279,female,1.54,66
15280,male,1.5,31
15281,female,1.54,64
15282,female,1.7,42
15283,male,1.8,69
15284,female,1.64,43
15285,female,1.5,78
15286,male,1.52,77
15287,female,1.7,82
15288,female,1.73,46
15289,female,1.54,82
15290,female,1.65,64
15291,female,1.58,26
15292,female,1.68,50
15293,female,1.67,52
15294,male,1.82,64
15295,female,1.65,47
15296,female,1.6,24
15297,female,1.68,58
15298,male,1.92,46
15299,female,1.6,45
15300,male,1.7,83
15301,female,0.9,78
15302,male,1.6,73
15303,female,1.57,59
15304,female,1.56,71
15305,female,1.53,59
15306,male,1.88,64
15307,female,1.7,65
15308,female,1.62,66
15309,male,1.72,63
15310,female,1.64,32
15311,female,1.63,52
15312,male,1.65,77
15313,male,1.85,54
15314,female,1.65,59
15315,female,1.64,69
15316,female,1.54,81
15317,female,1.67,55
15318,female,1.65,31
15319,female,1.65,35
15320,male,1.76,53
15321,female,1.7,70
15322,female,1.6,62
15323,male,1.65,67
15324,female,1.67,44
15325,female,1.6,46
15326,female,1.64,62
15327,male,1.68,79
15328,female,1.54,64
15329,male,1.67,63
15330,male,1.78,65
15331,female,1.67,52
15332,male,1.8,67
15333,male,1.75,74
15334,female,1.7,65
15335,male,1.82,38
15336,male,1.8,56
15337,female,1.6,81
15338,female,1.54,69
15339,male,1.68,85
15340,female,1.5,57
15341,male,1.72,78
15342,male,1.8,61
15343,male,1.8,43
15344,male,1.78,66
15345,female,1.68,67
15346,male,1.82,61
15347,female,1.65,34
15348,female,1.73,47
15349,male,1.65,43
15350,female,1.49,90
15351,male,1.74,55
15352,male,1.8,43
15353,male,1.76,67
15354,male,1.75,81
15355,female,1.6,67
15356,male,1.8,63
15357,female,1.62,78
15358,male,1.8,73
15359,female,1.6,87
15360,male,1.72,53
15361,female,1.67,62
15362,female,1.64,39
15363,male,1.68,20
15364,female,1.6,60
15365,female,1.65,35
15366,female,1.56,66
15367,male,1.72,66
15368,female,1.65,68
15369,female,1.58,59
15370,male,1.6,64
15371,male,1.68,66
15372,male,1.68,72
15373,male,1.81,48
15374,female,1.52,64
15375,female,1.7,49
15376,male,1.58,60
15377,female,1.7,82
15378,male,1.68,68
15379,male,1.98,30
15380,male,1.74,58
15381,male,1.7,64
15382,male,1.73,77
15383,male,1.72,62
15384,female,1.52,43
15385,male,1.8,71
15386,female,1.59,67
15387,male,1.8,44
15388,female,1.6,79
15389,female,1.64,73
15390,female,1.65,42
15391,female,1.65,70
15392,female,1.6,61
15393,male,1.72,56
15394,female,1.7,59
15395,female,1.58,74
15396,male,1.65,69
15397,male,1.75,60
15398,female,1.67,54
15399,male,1.68,67
15400,male,1.95,39
15401,female,1.72,44
15402,female,1.6,84
15403,male,1.72,66
15404,male,1.78,29
15405,male,1.75,66
15406,male,1.75,63
15407,male,1.77,23
15408,female,1.6,65
15409,male,1.74,73
15410,female,1.58,58
15411,male,1.9,38
15412,male,1.75,78
15413,male,1.86,58
15414,male,1.64,60
15415,male,1.9,56
15416,male,1.78,58
15417,female,1.62,78
15418,female,1.68,62
15419,female,1.5,77
15420,male,1.75,67
15421,female,1.68,38
15422,female,1.6,36
15423,female,1.56,67
15424,female,1.55,83
15425,male,1.74,46
15426,male,1.86,40
15427,female,1.67,63
15428,male,1.84,42
15429,male,1.72,65
15430,female,1.65,74
15431,male,1.7,61
15432,male,1.82,68
15433,female,1.59,44
15434,female,1.56,49
15435,male,1.7,86
15436,male,1.86,70
15437,male,1.85,52
15438,female,1.6,43
15439,female,1.56,75
15440,male,1.7,55
15441,male,1.8,56
15442,female,1.65,66
15443,female,1.65,68
15444,male,1.75,78
15445,male,1.69,67
15446,male,1.7,69
15447,female,1.74,67
15448,female,1.5,75
15449,male,1.75,48
15450,female,1.56,77
15451,female,1.64,69
15452,female,1.5,83
15453,female,1.45,79
15454,male,1.85,51
15455,female,1.67,40
15456,female,1.67,52
15457,female,1.59,56
15458,male,1.69,57
15459,male,1.7,55
15460,female,1.7,63
15461,female,1.7,37
15462,male,1.68,68
15463,male,1.74,69
15464,female,1.56,78
15465,male,1.6,68
15466,female,1.55,51
15467,female,1.68,54
15468,male,1.73,57
15469,female,1.79,41
15470,female,1.67,43
15471,female,1.6,62
15472,female,1.65,58
15473,male,1.6,54
15474,male,1.73,59
15475,female,1.58,75
15476,male,1.67,73
15477,male,1.72,58
15478,male,1.53,77
15479,male,1.76,68
15480,female,1.58,59
15481,female,1.6,69
15482,male,1.78,58
15483,female,1.58,66
15484,female,1.62,71
15485,female,1.6,45
15486,male,1.83,40
15487,male,1.82,46
15488,female,1.6,68
15489,male,1.72,61
15490,male,1.57,75
15491,female,1.6,69
15492,male,1.75,45
15493,male,1.75,71
15494,male,1.7,54
15495,female,1.7,29
15496,male,1.85,46
15497,male,1.75,71
15498,male,1.7,76
15499,female,1.64,62
15500,male,1.78,53
15501,female,1.68,75
15502,male,1.66,79
15503,male,1.66,59
15504,female,1.55,84
15505,female,1.6,63
15506,male,1.78,64
15507,female,1.61,52
15508,female,1.7,42
15509,male,1.81,48
15510,male,1.7,72
15511,female,1.74,34
15512,male,1.76,69
15513,female,1.75,36
15514,female,1.72,42
15515,female,1.64,69
15516,female,1.72,57
15517,male,1.62,79
15518,male,1.87,23
15519,female,1.56,72
15520,male,1.72,58
15521,female,1.6,56
15522,male,1.72,42
15523,female,1.5,73
15524,female,1.62,76
15525,female,1.56,40
15526,male,1.83,67
15527,male,1.72,62
15528,male,1.78,63
15529,female,1.75,53
15530,female,1.58,36
15531,female,1.6,86
15532,female,1.62,59
15533,male,1.85,65
15534,male,1.7,80
15535,female,1.65,44
15536,female,1.63,80
15537,male,1.78,51
15538,female,1.58,62
15539,female,1.65,49
15540,male,1.7,78
15541,female,1.62,62
15542,male,1.64,73
15543,female,1.74,21
15544,female,1.7,87
15545,female,1.58,66
15546,female,1.64,63
15547,male,1.8,42
15548,male,1.7,58
15549,female,1.67,78
15550,male,1.66,35
15551,male,1.76,71
15552,male,1.8,72
15553,male,1.7,77
15554,female,1.68,70
15555,female,1.6,58
15556,female,1.54,68
15557,male,1.76,64
15558,male,1.72,50
15559,female,1.56,71
15560,male,1.76,62
15561,female,1.7,69
15562,male,1.78,76
15563,male,1.6,69
15564,female,1.73,56
15565,male,1.72,52
15566,female,1.7,60
15567,female,1.68,49
15568,female,1.58,65
15569,male,1.78,65
15570,female,1.55,53
15571,male,1.75,73
15572,female,1.6,60
15573,male,1.82,75
15574,male,1.82,62
15575,male,1.6,73
15576,male,1.6,18
15577,female,1.65,70
15578,male,1.7,51
15579,female,1.58,39
15580,female,1.56,70
15581,male,1.9,65
15582,female,1.6,63
15583,female,1.52,67
15584,female,1.58,73
15585,female,1.65,40
15586,male,1.72,55
15587,female,1.75,74
15588,male,1.7,84
15589,female,1.58,73
15590,female,1.66,43
15591,male,1.65,65
15592,female,1.55,84
15593,male,1.8,27
15594,female,1.69,83
15595,female,1.68,46
15596,female,1.62,63
15597,female,1.59,85
15598,male,1.7,43
15599,female,1.56,66
15600,female,1.56,77
15601,male,1.75,48
15602,female,1.64,63
15603,female,1.62,69
15604,female,1.67,40
15605,female,1.65,69
15606,male,1.7,52
15607,female,1.56,73
15608,female,1.67,42
15609,female,1.55,34
15610,female,1.65,80
15611,female,1.5,71
15612,male,1.8,64
15613,male,1.68,58
15614,male,1.81,68
15615,female,1.72,70
15616,male,1.8,70
15617,female,1.73,74
15618,female,1.68,62
15619,female,1.64,66
15620,male,1.78,61
15621,male,1.78,74
15622,female,1.68,58
15623,male,1.78,68
15624,male,1.89,56
15625,female,1.76,53
15626,female,1.59,43
15627,male,1.6,74
15628,female,1.6,72
15629,male,1.78,69
15630,female,1.65,63
15631,female,1.63,68
15632,female,1.65,79
15633,male,1.65,70
15634,female,1.5,62
15635,male,1.65,59
15636,female,1.65,79
15637,male,1.83,64
15638,female,1.65,25
15639,male,1.82,79
15640,male,1.72,66
15641,female,1.45,67
15642,male,1.8,68
15643,female,1.62,84
15644,female,1.63,42
15645,female,1.65,82
15646,female,1.63,63
15647,male,1.72,76
15648,female,1.56,45
15649,female,1.55,59
15650,male,1.87,52
15651,male,1.74,65
15652,male,1.68,54
15653,female,1.55,67
15654,male,1.76,55
15655,female,1.64,72
15656,male,1.67,67
15657,male,1.83,23
15658,male,1.79,63
15659,female,1.57,69
15660,female,1.68,40
15661,female,1.74,38
15662,male,1.75,60
15663,female,1.67,63
15664,female,1.63,64
15665,male,1.75,61
15666,male,1.85,59
15667,male,1.79,43
15668,male,1.72,68
15669,male,1.75,62
15670,male,1.78,50
15671,female,1.65,72
15672,male,1.74,72
15673,male,1.75,69
15674,male,1.8,81
15675,female,1.66,40
15676,female,1.6,67
15677,male,1.72,57
15678,male,1.8,50
15679,male,1.85,53
15680,female,1.63,68
15681,male,1.7,80
15682,female,1.54,45
15683,female,1.7,70
15684,male,1.72,69
15685,female,1.64,35
15686,male,1.8,62
15687,male,1.65,72
15688,male,1.8,60
15689,male,1.8,81
15690,female,1.68,43
15691,female,1.56,66
15692,male,1.76,71
15693,female,1.71,67
15694,male,1.68,60
15695,female,1.54,71
15696,male,1.67,57
15697,male,1.75,47
15698,male,1.82,81
15699,male,1.74,75
15700,male,1.8,50
15701,male,1.65,75
15702,male,1.86,59
15703,female,1.72,52
15704,male,1.85,87
15705,female,1.62,58
15706,male,1.84,68
15707,male,1.7,25
15708,female,1.64,38
15709,female,1.5,76
15710,female,1.65,72
15711,male,1.85,68
15712,female,1.68,63
15713,female,1.5,46
15714,female,1.65,71
15715,female,1.5,77
15716,male,1.79,60
15717,male,1.7,86
15718,male,1.76,41
15719,female,1.64,86
15720,male,1.7,59
15721,male,1.85,28
15722,female,1.65,56
15723,female,1.64,80
15724,male,1.75,79
15725,female,1.72,33
15726,female,1.55,64
15727,female,1.64,51
15728,male,1.65,32
15729,male,1.72,73
15730,male,1.63,67
15731,female,1.5,68
15732,male,1.68,70
15733,male,1.68,70
15734,female,1.68,64
15735,female,1.58,44
15736,female,1.68,57
15737,female,1.6,71
15738,female,1.52,59
15739,male,1.93,47
15740,female,1.67,42
15741,male,1.62,85
15742,female,1.57,25
15743,female,1.68,69
15744,male,1.8,51
15745,female,1.62,70
15746,female,1.59,51
15747,male,1.78,69
15748,female,1.68,69
15749,male,1.68,76
15750,female,1.58,65
15751,female,1.63,87
15752,male,1.8,41
15753,male,1.69,70
15754,male,1.78,76
15755,female,1.5,78
15756,male,1.82,76
15757,female,1.63,72
15758,male,1.8,75
15759,female,1.58,80
15760,female,1.5,55
15761,male,1.76,82
15762,female,1.58,65
15763,female,1.6,80
15764,female,1.62,76
15765,male,1.8,28
15766,male,1.76,51
15767,female,1.62,63
15768,female,1.56,62
15769,female,1.55,74
15770,male,1.77,69
15771,female,1.48,74
15772,female,1.68,52
15773,male,1.83,74
15774,male,1.71,65
15775,male,1.8,81
15776,male,1.58,64
15777,female,1.68,63
15778,female,1.67,30
15779,male,1.72,64
15780,male,1.76,68
15781,female,1.65,84
15782,female,1.7,74
15783,male,1.7,66
15784,male,1.75,68
15785,male,1.66,68
15786,male,1.75,62
15787,male,1.67,61
15788,male,1.75,68
15789,male,1.76,60
15790,female,1.69,44
15791,male,1.7,15
15792,female,1.6,92
15793,male,1.64,86
15794,female,1.65,69
15795,female,1.65,24
15796,male,1.76,75
15797,male,1.72,53
15798,female,1.64,66
15799,male,1.76,72
15800,male,1.7,67
15801,female,1.6,38
15802,female,1.51,71
15803,male,1.85,17
15804,female,1.64,81
15805,female,1.64,34
15806,male,1.65,61
15807,male,1.62,52
15808,male,1.76,65
15809,male,1.85,54
15810,female,1.7,67
15811,female,1.54,82
15812,female,1.58,80
15813,male,1.72,68
15814,female,1.69,64
15815,female,1.65,56
15816,female,1.6,65
15817,female,1.78,34
15818,female,1.68,43
15819,male,1.9,41
15820,female,1.7,69
15821,male,1.83,52
15822,female,1.67,60
15823,female,1.62,67
15824,female,1.54,75
15825,male,1.79,57
15826,male,1.82,54
15827,male,1.71,89
15828,male,1.76,46
15829,female,1.74,43
15830,female,1.6,52
15831,male,1.79,49
15832,female,1.64,70
15833,female,1.68,56
15834,female,1.65,28
15835,female,1.65,77
15836,male,1.82,64
15837,male,1.92,44
15838,female,1.65,58
15839,male,1.73,54
15840,female,1.7,55
15841,male,1.76,62
15842,male,1.72,40
15843,male,1.86,54
15844,female,1.6,65
15845,female,1.62,55
15846,male,1.85,45
15847,female,1.61,22
15848,male,1.68,68
15849,female,1.6,59
15850,male,1.69,60
15851,female,1.6,85
15852,male,1.65,74
15853,female,1.6,27
15854,male,1.78,45
15855,female,1.55,87
15856,male,1.65,57
15857,female,1.56,57
15858,female,1.68,58
15859,female,1.65,44
15860,female,1.52,67
15861,female,1.68,63
15862,female,1.49,64
15863,male,1.93,74
15864,female,1.72,46
15865,male,1.84,45
15866,female,1.53,54
15867,female,1.69,32
15868,female,1.72,24
15869,male,1.68,64
15870,male,1.72,47
15871,female,1.56,22
15872,female,1.56,70
15873,male,1.78,59
15874,male,1.82,69
15875,male,1.78,51
15876,male,1.9,40
15877,male,1.6,75
15878,female,1.6,80
15879,female,1.55,46
15880,male,1.85,19
15881,female,1.63,43
15882,female,1.65,31
15883,male,1.72,71
15884,male,1.7,77
15885,female,1.65,51
15886,female,1.7,33
15887,male,1.9,77
15888,male,1.75,75
15889,male,1.78,48
15890,female,1.73,64
15891,female,1.63,75
15892,male,1.86,28
15893,female,1.63,65
15894,female,1.68,66
15895,female,1.55,72
15896,female,1.5,72
15897,female,1.66,56
15898,female,1.58,55
15899,female,1.62,79
15900,female,1.72,58
15901,female,1.67,41
15902,male,1.92,63
15903,male,1.85,59
15904,female,1.6,87
15905,female,1.6,49
15906,male,1.75,57
15907,female,1.55,61
15908,female,1.65,44
15909,male,1.67,74
15910,female,1.6,76
15911,male,1.75,63
15912,female,1.75,45
15913,male,1.72,65
15914,female,1.63,44
15915,female,1.65,59
15916,female,1.6,64
15917,female,1.66,75
15918,male,1.8,73
15919,female,1.68,46
15920,male,1.9,18
15921,female,1.7,34
15922,male,1.68,64
15923,female,1.58,66
15924,female,1.5,71
15925,female,1.7,24
15926,male,1.68,72
15927,male,1.9,75
15928,male,1.73,62
15929,female,1.63,68
15930,female,1.65,67
15931,female,1.65,73
15932,male,1.8,53
15933,male,1.55,52
15934,female,1.6,66
15935,male,1.82,52
15936,male,1.8,46
15937,male,1.7,45
15938,female,1.6,55
15939,male,1.7,71
15940,female,1.57,69
15941,female,1.64,68
15942,female,1.65,73
15943,female,1.58,44
15944,female,1.72,68
15945,male,1.88,62
15946,female,1.6,94
15947,male,1.6,82
15948,male,1.71,53
15949,female,1.5,80
15950,male,1.62,72
15951,female,1.6,71
15952,female,1.54,60
15953,female,1.7,87
15954,female,1.65,72
15955,female,1.5,84
15956,female,1.65,66
15957,male,1.8,30
15958,male,1.75,41
15959,female,1.5,45
15960,female,1.56,87
15961,female,1.7,54
15962,female,1.62,66
15963,female,1.6,76
15964,female,1.74,49
15965,female,1.55,34
15966,female,1.65,69
15967,female,1.58,76
15968,male,1.75,68
15969,female,1.6,65
15970,male,1.78,75
15971,female,1.67,72
15972,male,1.74,63
15973,male,1.7,68
15974,female,1.59,62
15975,female,1.73,85
15976,female,1.74,32
15977,male,1.65,72
15978,female,1.7,30
15979,male,1.85,45
15980,male,1.62,72
15981,female,1.58,70
15982,male,1.9,38
15983,male,1.77,67
15984,female,1.62,42
15985,female,1.56,71
15986,female,1.68,72
15987,female,1.68,54
15988,female,1.76,56
15989,male,1.86,45
15990,female,1.67,45
15991,male,1.76,64
15992,female,1.6,54
15993,male,1.72,65
15994,female,1.65,69
15995,male,1.68,74
15996,male,1.76,65
15997,female,1.6,75
15998,male,1.78,72
15999,female,1.68,63
16000,female,1.58,63
16001,female,1.7,35
16002,male,1.75,70
16003,male,1.82,71
16004,female,1.6,76
16005,female,1.67,68
16006,female,1.55,50
16007,male,1.8,63
16008,female,1.6,40
16009,male,1.72,70
16010,female,1.68,66
16011,male,1.74,35
16012,male,1.8,70
16013,male,1.8,51
16014,female,1.7,71
16015,female,1.65,69
16016,female,1.57,88
16017,male,1.72,52
16018,male,1.84,25
16019,female,1.56,69
16020,female,1.65,65
16021,male,1.74,48
16022,male,1.7,72
16023,male,1.7,23
16024,male,1.78,58
16025,female,1.55,71
16026,female,1.63,60
16027,female,1.65,34
16028,female,1.6,71
16029,female,1.78,53
16030,male,1.76,65
16031,female,1.55,63
16032,female,1.75,49
16033,female,1.59,38
16034,female,1.69,82
16035,female,1.65,49
16036,female,1.65,62
16037,female,1.62,64
16038,female,1.7,58
16039,female,1.6,44
16040,female,1.68,61
16041,male,1.75,61
16042,female,1.65,68
16043,male,1.76,51
16044,male,1.78,56
16045,male,1.72,74
16046,female,1.61,56
16047,female,1.62,54
16048,male,1.72,54
16049,male,1.57,67
16050,female,1.6,16
16051,male,1.75,44
16052,male,1.76,69
16053,male,1.67,71
16054,male,1.72,69
16055,female,1.78,66
16056,female,1.56,41
16057,female,1.74,69
16058,male,1.8,84
16059,female,1.7,71
16060,female,1.6,76
16061,female,0.51,45
16062,female,1.7,68
16063,male,1.7,79
16064,female,1.7,83
16065,male,1.7,64
16066,male,1.7,70
16067,male,1.65,78
16068,female,1.5,80
16069,female,1.64,55
16070,male,1.76,64
16071,male,1.01,54
16072,male,1.76,69
16073,male,1.7,68
16074,female,1.69,69
16075,male,1.72,54
16076,male,1.68,66
16077,female,1.72,67
16078,female,1.65,24
16079,female,1.56,66
16080,female,1.6,80
16081,male,1.7,64
16082,female,1.55,52
16083,female,1.62,71
16084,female,1.8,51
16085,female,1.6,69
16086,female,1.64,76
16087,female,1.65,51
16088,male,1.6,63
16089,male,1.7,29
16090,male,1.84,54
16091,male,1.72,68
16092,male,1.76,70
16093,male,1.75,58
16094,male,1.75,76
16095,female,1.72,42
16096,female,1.65,37
16097,male,1.72,65
16098,female,1.65,73
16099,female,1.75,60
16100,female,1.63,40
16101,female,1.58,69
16102,female,1.5,84
16103,female,1.58,45
16104,female,1.65,57
16105,male,1.73,67
16106,female,1.6,59
16107,male,1.7,57
16108,female,1.7,62
16109,male,1.65,81
16110,male,1.85,65
16111,male,1.76,45
16112,female,1.64,47
16113,male,1.76,59
16114,female,1.58,70
16115,female,1.77,39
16116,male,1.73,69
16117,female,1.56,84
16118,female,1.6,64
16119,male,1.8,69
16120,female,1.6,86
16121,female,1.58,70
16122,female,1.6,68
16123,male,1.82,66
16124,female,1.7,62
16125,male,1.65,64
16126,female,1.6,56
16127,female,1.68,71
16128,male,1.76,64
16129,female,1.5,67
16130,female,1.58,52
16131,female,1.62,54
16132,female,1.7,66
16133,male,1.72,81
16134,male,1.6,52
16135,female,1.7,41
16136,female,1.65,59
16137,female,1.6,80
16138,female,1.7,46
16139,female,1.77,23
16140,female,1.55,83
16141,male,1.95,37
16142,female,1.45,73
16143,female,1.7,77
16144,female,1.7,66
16145,female,1.56,70
16146,male,1.65,80
16147,female,1.6,73
16148,male,1.76,61
16149,female,1.68,50
16150,female,1.52,67
16151,female,1.72,65
16152,male,1.65,72
16153,male,1.82,60
16154,male,2.0,51
16155,female,1.55,65
16156,female,1.63,71
16157,female,1.64,68
16158,female,1.58,63
16159,male,1.73,47
16160,male,1.95,44
16161,male,1.75,45
16162,female,1.58,49
16163,male,1.83,57
16164,female,1.65,38
16165,male,1.7,82
16166,male,1.65,68
16167,female,1.5,83
16168,male,1.83,61
16169,male,1.7,59
16170,female,1.6,84
16171,female,1.63,87
16172,female,1.62,55
16173,male,1.76,68
16174,male,1.8,60
16175,female,1.52,81
16176,male,1.75,64
16177,male,1.77,28
16178,female,1.56,86
16179,female,1.6,33
16180,male,1.76,66
16181,male,1.78,63
16182,female,1.7,57
16183,female,1.7,53
16184,female,1.66,69
16185,female,1.56,59
16186,female,1.6,75
16187,male,1.75,73
16188,female,1.6,43
16189,female,1.67,63
16190,male,1.72,74
16191,male,1.84,32
16192,female,1.46,41
16193,male,1.85,75
16194,female,1.7,77
16195,male,1.81,79
16196,female,1.56,64
16197,female,1.75,34
16198,female,1.68,64
16199,male,1.8,48
16200,female,1.65,66
16201,female,1.69,61
16202,male,1.84,65
16203,male,1.76,55
16204,female,1.6,67
16205,female,1.72,37
16206,female,1.74,58
16207,female,1.58,72
16208,female,1.75,51
16209,female,1.75,36
16210,male,1.73,57
16211,female,1.58,28
16212,female,1.6,60
16213,male,1.6,70
16214,male,1.78,59
16215,male,1.63,51
16216,female,1.55,65
16217,male,1.6,28
16218,female,1.5,70
16219,female,1.56,79
16220,female,1.62,68
16221,female,1.75,36
16222,male,1.78,52
16223,male,1.7,65
16224,male,1.83,55
16225,male,1.7,73
16226,male,1.82,45
16227,male,1.57,74
16228,male,1.72,27
16229,male,1.73,80
16230,male,1.65,72
16231,male,1.85,21
16232,female,1.78,44
16233,female,1.68,55
16234,male,1.74,80
16235,female,1.52,87
16236,female,1.62,76
16237,male,1.83,67
16238,male,1.76,65
16239,male,1.84,68
16240,male,1.69,46
16241,male,1.67,45
16242,male,1.72,66
16243,female,1.7,74
16244,female,1.67,59
16245,male,1.92,54
16246,female,1.72,32
16247,female,1.7,76
16248,female,1.65,67
16249,female,1.7,74
16250,male,1.7,45
16251,female,1.7,59
16252,female,1.6,90
16253,female,1.54,64
16254,female,1.63,69
16255,female,1.68,42
16256,male,1.74,49
16257,male,1.83,58
16258,female,1.64,65
16259,male,1.8,61
16260,female,1.55,70
16261,male,1.91,47
16262,male,1.71,67
16263,male,1.75,72
16264,female,1.6,64
16265,female,1.67,32
16266,female,1.55,50
16267,female,1.53,57
16268,female,1.62,80
16269,female,1.63,55
16270,female,1.6,42
16271,male,1.75,65
16272,male,1.85,55
16273,female,1.63,76
16274,male,1.85,56
16275,male,1.7,55
16276,male,1.72,58
16277,male,1.7,75
16278,male,1.89,72
16279,male,1.64,59
16280,female,1.67,58
16281,female,1.63,66
16282,male,1.8,42
16283,male,1.75,45
16284,female,1.7,43
16285,male,1.75,67
16286,male,1.79,53
16287,female,1.7,43
16288,male,1.87,60
16289,female,1.6,64
16290,male,1.82,59
16291,female,1.6,66
16292,male,1.76,78
16293,male,1.75,22
16294,male,1.68,64
16295,female,1.64,33
16296,male,1.8,36
16297,female,1.63,52
16298,female,1.7,46
16299,female,1.65,67
16300,male,1.67,62
16301,female,1.58,61
16302,male,1.8,42
16303,female,1.68,60
16304,male,1.73,73
16305,male,1.6,84
16306,male,1.72,70
16307,male,1.84,29
16308,male,1.76,58
16309,male,1.86,42
16310,male,1.76,63
16311,male,1.82,45
16312,male,1.83,58
16313,male,1.85,43
16314,male,1.8,73
16315,male,1.75,76
16316,male,1.76,79
16317,male,1.8,62
16318,male,1.8,49
16319,female,1.64,56
16320,female,1.56,91
16321,female,1.67,66
16322,female,1.65,25
16323,female,1.58,66
16324,male,1.82,64
16325,male,1.8,79
16326,female,1.68,66
16327,female,1.7,68
16328,male,1.75,44
16329,male,1.64,52
16330,male,1.82,55
16331,male,1.85,70
16332,female,1.52,88
16333,male,1.8,59
16334,female,1.69,70
16335,male,1.7,46
16336,female,1.65,74
16337,female,1.68,37
16338,male,1.76,61
16339,female,1.7,70
16340,female,1.63,23
16341,male,1.6,63
16342,female,1.5,66
16343,female,1.7,66
16344,female,1.65,53
16345,male,1.78,32
16346,female,1.76,58
16347,male,1.62,67
16348,female,1.7,46
16349,female,1.62,51
16350,female,1.6,81
16351,female,1.64,78
16352,female,1.6,77
16353,male,1.82,28
16354,male,1.72,51
16355,female,1.6,66
16356,male,1.85,28
16357,female,1.55,70
16358,male,1.76,66
16359,male,1.68,69
16360,female,1.58,53
16361,male,1.75,67
16362,male,1.76,74
16363,female,1.67,49
16364,female,1.65,68
16365,male,1.84,41
16366,male,1.76,61
16367,female,1.6,61
16368,female,1.56,66
16369,male,1.77,84
16370,female,1.56,76
16371,male,1.7,64
16372,female,1.6,64
16373,female,1.67,37
16374,female,1.58,78
16375,male,1.75,44
16376,female,1.6,39
16377,female,1.72,77
16378,male,1.73,27
16379,female,1.5,72
16380,female,1.55,46
16381,female,1.68,60
16382,female,1.61,72
16383,male,1.7,71
16384,male,1.63,66
16385,female,1.54,72
16386,male,1.86,26
16387,male,1.74,65
16388,male,1.78,66
16389,male,1.78,83
16390,male,1.7,42
16391,male,1.61,70
16392,male,1.75,61
16393,male,1.82,52
16394,male,1.88,68
16395,female,1.7,80
16396,male,1.75,52
16397,female,1.52,65
16398,male,1.88,42
16399,female,1.7,28
16400,male,1.82,78
16401,female,1.6,56
16402,female,1.65,65
16403,female,1.64,66
16404,female,1.65,59
16405,female,1.53,58
16406,female,1.6,73
16407,female,1.53,62
16408,male,1.6,16
16409,female,1.62,78
16410,female,1.68,61
16411,female,1.7,54
16412,male,1.73,49
16413,male,1.88,66
16414,male,1.74,36
16415,female,1.65,44
16416,male,1.75,62
16417,female,1.54,60
16418,female,1.67,55
16419,male,1.77,61
16420,male,1.7,35
16421,male,1.86,53
16422,male,1.71,70
16423,female,1.58,68
16424,female,1.55,76
16425,male,1.78,56
16426,female,1.64,74
16427,female,1.57,60
16428,male,1.8,83
16429,female,1.53,86
16430,female,1.72,72
16431,male,1.69,65
16432,female,1.55,70
16433,male,1.7,50
16434,female,1.73,81
16435,male,1.75,43
16436,female,1.7,33
16437,female,1.57,68
16438,male,1.7,57
16439,male,1.82,49
16440,male,1.71,65
16441,female,1.63,50
16442,female,1.55,59
16443,female,1.58,67
16444,female,1.65,67
16445,female,1.6,61
16446,female,1.6,67
16447,female,1.57,62
16448,male,1.65,83
16449,female,1.6,76
16450,female,1.7,60
16451,male,1.78,56
16452,male,1.8,54
16453,female,1.78,78
16454,female,1.65,46
16455,female,1.55,67
16456,female,1.65,73
16457,female,1.7,69
16458,female,1.63,81
16459,female,1.6,35
16460,male,0.75,80
16461,female,1.68,64
16462,female,1.64,29
16463,female,1.7,84
16464,female,1.62,51
16465,male,1.71,58
16466,male,1.85,48
16467,female,1.75,54
16468,male,1.75,70
16469,female,1.71,77
16470,female,1.73,55
16471,male,1.78,59
16472,male,1.78,49
16473,female,1.68,65
16474,male,1.83,68
16475,male,1.8,63
16476,male,1.72,66
16477,female,1.73,54
16478,male,1.78,65
16479,female,1.64,52
16480,male,1.76,62
16481,female,1.7,63
16482,female,1.58,83
16483,male,1.73,63
16484,female,0.68,70
16485,female,1.68,22
16486,female,1.56,81
16487,female,1.65,71
16488,female,1.8,57
16489,female,1.66,65
16490,male,1.8,62
16491,male,1.8,43
16492,female,1.55,88
16493,female,1.6,37
16494,female,1.64,63
16495,male,1.7,38
16496,male,1.84,42
16497,female,1.5,81
16498,male,1.6,60
16499,female,1.6,71
16500,male,1.75,50
16501,female,1.64,91
16502,male,1.9,56
16503,female,1.52,67
16504,female,1.64,58
16505,female,1.58,45
16506,male,1.82,63
16507,female,1.6,72
16508,female,1.65,68
16509,female,1.63,53
16510,male,1.68,70
16511,male,1.83,67
16512,male,1.92,77
16513,male,1.67,69
16514,male,1.56,13
16515,male,1.73,58
16516,female,1.7,45
16517,male,1.72,38
16518,female,1.56,86
16519,female,1.6,81
16520,male,1.8,61
16521,female,1.59,64
16522,female,1.56,73
16523,male,1.84,52
16524,female,1.55,40
16525,female,1.6,80
16526,male,1.7,65
16527,male,1.78,50
16528,female,1.63,54
16529,female,1.5,65
16530,female,1.55,57
16531,female,1.49,26
16532,male,1.58,77
16533,female,1.6,37
16534,female,1.63,62
16535,male,1.8,52
16536,male,1.78,65
16537,female,1.63,75
16538,male,1.67,67
16539,female,1.65,48
16540,male,1.52,57
16541,male,1.74,56
16542,female,1.7,20
16543,female,1.75,54
16544,male,1.83,14
16545,male,1.65,66
16546,female,1.7,31
16547,male,1.72,67
16548,female,1.65,46
16549,female,1.5,90
16550,female,1.65,50
16551,male,1.75,53
16552,male,1.82,54
16553,male,1.79,78
16554,female,1.6,52
16555,male,1.79,22
16556,female,1.6,70
16557,male,1.78,79
16558,male,1.82,74
16559,female,1.6,50
16560,female,1.58,52
16561,female,1.6,66
16562,female,1.6,54
16563,male,1.65,68
16564,female,1.65,63
16565,male,1.6,61
16566,male,1.78,61
16567,female,1.55,90
16568,male,1.85,76
16569,male,1.83,78
16570,male,1.74,51
16571,female,1.65,43
16572,male,1.65,79
16573,male,1.55,83
16574,male,1.76,75
16575,male,1.64,75
16576,female,1.58,72
16577,male,1.76,81
16578,female,1.68,48
16579,male,1.82,88
16580,male,1.8,66
16581,male,1.7,37
16582,female,1.6,80
16583,male,1.73,56
16584,male,1.68,78
16585,female,1.67,64
16586,female,1.48,75
16587,female,1.68,31
16588,female,1.65,62
16589,female,1.65,78
16590,female,1.59,70
16591,male,1.72,70
16592,male,1.7,65
16593,female,1.5,44
16594,female,1.53,72
16595,female,1.65,67
16596,male,1.8,75
16597,female,1.6,75
16598,male,1.84,70
16599,female,0.62,71
16600,male,1.8,63
16601,female,1.58,60
16602,female,1.52,65
16603,male,1.73,57
16604,male,1.8,69
16605,female,1.67,60
16606,female,1.55,70
16607,male,1.65,68
16608,male,1.75,46
16609,female,1.62,52
16610,female,1.56,70
16611,male,1.9,40
16612,male,1.78,76
16613,male,1.72,63
16614,male,1.75,54
16615,female,1.68,52
16616,male,1.9,26
16617,female,1.62,69
16618,female,1.58,62
16619,female,1.72,87
16620,male,1.77,43
16621,female,1.7,79
16622,female,1.55,68
16623,male,1.84,52
16624,female,1.76,69
16625,female,1.6,66
16626,male,1.9,39
16627,male,1.6,85
16628,female,1.6,86
16629,female,1.75,36
16630,female,1.58,85
16631,male,1.76,57
16632,male,1.65,77
16633,male,1.78,64
16634,female,1.6,65
16635,male,1.8,62
16636,male,1.7,72
16637,female,1.68,53
16638,male,1.76,70
16639,female,1.5,66
16640,male,1.82,29
16641,female,1.48,76
16642,male,1.72,41
16643,female,1.56,35
16644,male,1.63,60
16645,male,1.78,52
16646,male,1.2,62
16647,female,1.6,71
16648,female,1.68,42
16649,female,1.6,64
16650,male,1.79,59
16651,female,1.65,39
16652,male,1.65,55
16653,male,1.64,56
16654,male,1.8,50
16655,female,1.76,50
16656,female,1.62,74
16657,male,1.89,64
16658,female,1.48,81
16659,female,1.74,61
16660,male,1.8,81
16661,male,1.72,75
16662,male,1.98,44
16663,female,1.55,44
16664,male,1.76,59
16665,female,1.59,48
16666,male,1.78,63
16667,female,1.64,63
16668,female,1.69,67
16669,female,1.7,58
16670,female,1.63,37
16671,female,1.6,56
16672,female,1.72,43
16673,male,1.75,25
16674,female,1.74,38
16675,female,1.65,68
16676,male,1.78,56
16677,female,1.75,62
16678,male,1.8,59
16679,female,1.5,75
16680,male,1.72,76
16681,female,1.59,70
16682,female,1.65,77
16683,female,1.74,67
16684,male,1.83,64
16685,male,1.74,47
16686,male,1.64,65
16687,male,1.84,29
16688,female,1.6,77
16689,female,1.62,61
16690,female,1.55,77
16691,female,1.55,76
16692,male,1.7,64
16693,female,1.58,42
16694,female,1.65,35
16695,male,1.78,64
16696,male,1.6,87
16697,male,1.86,51
16698,female,1.5,80
16699,female,1.55,68
16700,female,1.69,44
16701,male,1.74,79
16702,female,1.68,55
16703,female,1.51,79
16704,female,1.56,68
16705,female,1.65,53
16706,male,1.7,55
16707,female,1.78,34
16708,female,1.64,38
16709,female,1.7,75
16710,female,1.6,60
16711,male,1.7,61
16712,male,1.68,63
16713,female,1.62,47
16714,male,1.83,43
16715,female,1.6,51
16716,male,1.72,72
16717,female,1.63,64
16718,male,1.76,64
16719,male,1.78,31
16720,male,1.72,46
16721,female,1.65,65
16722,female,1.63,60
16723,female,1.52,47
16724,male,1.94,37
16725,female,1.55,50
16726,male,1.75,44
16727,female,1.66,65
16728,male,1.8,52
16729,male,1.68,68
16730,female,1.68,56
16731,male,1.67,57
16732,female,1.55,85
16733,male,1.85,78
16734,female,1.55,58
16735,male,1.89,71
16736,male,1.87,67
16737,female,1.7,59
16738,male,1.7,56
16739,male,1.82,75
16740,male,1.8,73
16741,female,1.54,81
16742,female,1.7,69
16743,male,1.82,59
16744,female,1.65,81
16745,male,1.68,78
16746,male,1.74,22
16747,male,1.7,28
16748,male,1.6,60
16749,female,1.78,44
16750,female,1.57,62
16751,female,1.7,46
16752,male,1.7,68
16753,female,1.52,45
16754,male,1.78,67
16755,male,1.74,57
16756,female,1.67,77
16757,female,1.65,75
16758,female,1.73,48
16759,female,1.65,78
16760,male,1.8,75
16761,male,1.68,69
16762,female,1.63,47
16763,female,1.76,58
16764,female,1.6,70
16765,female,1.64,45
16766,male,1.7,67
16767,male,1.74,71
16768,female,1.6,48
16769,female,1.65,65
16770,female,1.78,24
16771,male,1.68,47
16772,female,1.56,53
16773,female,1.5,83
16774,male,1.75,54
16775,female,1.64,62
16776,female,1.64,76
16777,female,1.64,72
16778,female,1.5,48
16779,male,1.7,61
16780,female,1.64,65
16781,male,1.82,65
16782,male,1.78,68
16783,male,1.7,66
16784,male,1.7,61
16785,male,1.76,72
16786,male,1.72,76
16787,female,1.74,59
16788,male,1.68,66
16789,female,1.64,85
16790,female,1.65,49
16791,female,1.75,42
16792,female,1.75,51
16793,female,1.69,55
16794,female,1.65,43
16795,female,1.68,48
16796,female,1.56,75
16797,female,1.5,72
16798,male,1.68,68
16799,female,1.67,66
16800,female,1.64,37
16801,female,1.65,78
16802,female,1.6,64
16803,female,1.62,48
16804,female,1.65,69
16805,female,1.67,60
16806,female,1.62,61
16807,male,1.75,59
16808,female,1.6,16
16809,male,1.74,60
16810,male,1.61,74
16811,male,1.8,50
16812,female,1.62,55
16813,male,1.7,65
16814,male,1.78,67
16815,female,1.6,62
16816,female,1.58,64
16817,male,1.71,52
16818,male,1.7,72
16819,male,1.88,59
16820,male,1.65,84
16821,female,1.75,43
16822,male,1.77,63
16823,male,1.82,53
16824,male,1.65,79
16825,male,1.76,65
16826,female,1.6,64
16827,female,1.6,57
16828,male,1.73,56
16829,male,1.7,55
16830,male,1.68,61
16831,male,1.73,64
16832,male,1.75,59
16833,female,1.7,76
16834,female,1.52,41
16835,female,1.7,61
16836,male,1.82,73
16837,female,1.7,56
16838,male,1.82,70
16839,male,1.84,68
16840,female,1.56,53
16841,female,1.7,42
16842,male,1.73,71
16843,male,1.75,44
16844,male,1.75,63
16845,male,1.65,77
16846,female,1.62,77
16847,male,1.75,67
16848,female,1.62,68
16849,female,1.53,66
16850,female,1.68,71
16851,female,1.65,69
16852,female,1.6,44
16853,male,1.64,61
16854,male,1.66,68
16855,male,1.6,69
16856,female,1.7,47
16857,female,1.56,52
16858,female,1.65,78
16859,male,1.74,43
16860,male,1.74,52
16861,female,1.65,78
16862,male,1.78,52
16863,male,1.74,61
16864,male,1.76,59
16865,female,1.68,66
16866,female,1.75,48
16867,male,1.8,38
16868,female,1.56,78
16869,female,1.5,88
16870,male,1.78,67
16871,male,1.88,65
16872,male,1.82,67
16873,female,1.65,70
16874,female,1.65,76
16875,female,1.62,72
16876,male,1.7,78
16877,male,1.68,66
16878,female,1.65,68
16879,female,1.7,75
16880,female,1.5,80
16881,male,1.73,29
16882,female,1.58,61
16883,female,1.6,61
16884,female,1.5,69
16885,male,1.82,56
16886,male,1.86,64
16887,female,1.53,64
16888,female,1.66,65
16889,female,1.56,71
16890,female,1.56,62
16891,male,1.78,65
16892,male,1.88,53
16893,male,1.87,20
16894,female,1.63,71
16895,male,1.75,70
16896,male,1.78,42
16897,male,1.72,66
16898,male,1.82,45
16899,female,1.6,35
16900,female,1.7,85
16901,female,1.62,57
16902,male,1.68,64
16903,female,1.51,68
16904,male,1.8,49
16905,female,1.58,53
16906,male,1.72,44
16907,male,1.7,61
16908,female,1.75,63
16909,male,1.7,64
16910,female,1.64,72
16911,male,1.64,73
16912,female,1.55,75
16913,male,1.68,50
16914,male,1.71,56
16915,female,1.6,60
16916,male,1.71,70
16917,female,1.72,61
16918,female,1.52,72
16919,female,1.6,47
16920,female,1.65,73
16921,male,1.73,65
16922,male,1.83,69
16923,female,1.45,67
16924,female,1.58,62
16925,female,1.67,67
16926,female,1.62,63
16927,female,1.56,52
16928,male,1.7,23
16929,male,1.83,29
16930,female,1.6,73
16931,male,1.7,72
16932,female,1.68,64
16933,male,1.65,61
16934,female,1.58,65
16935,female,1.56,62
16936,female,1.61,65
16937,male,1.68,65
16938,female,1.52,69
16939,male,1.65,79
16940,male,1.72,72
16941,male,1.95,31
16942,male,1.86,52
16943,female,1.7,77
16944,female,1.59,38
16945,male,1.75,48
16946,male,1.82,65
16947,male,1.67,76
16948,female,1.6,48
16949,male,1.73,64
16950,female,1.63,65
16951,male,1.75,72
16952,male,1.9,22
16953,female,1.78,67
16954,female,1.52,66
16955,female,1.45,61
16956,female,1.58,68
16957,female,1.6,86
16958,female,1.68,49
16959,male,1.92,21
16960,male,1.73,73
16961,male,1.1,72
16962,male,1.75,49
16963,female,1.77,54
16964,male,1.7,37
16965,female,1.64,54
16966,male,1.71,48
16967,female,1.68,52
16968,female,1.64,28
16969,male,1.77,69
16970,female,1.62,76
16971,male,1.82,45
16972,female,1.6,78
16973,female,1.7,62
16974,female,1.6,27
16975,female,1.61,71
16976,female,1.62,62
16977,male,1.72,59
16978,female,1.75,48
16979,male,1.78,42
16980,female,1.62,60
16981,female,1.66,75
16982,male,1.89,33
16983,female,1.68,68
16984,male,1.82,65
16985,male,1.75,69
16986,female,1.63,76
16987,female,1.63,39
16988,male,1.67,52
16989,male,1.88,59
16990,male,1.86,50
16991,female,1.6,46
16992,female,1.68,47
16993,male,1.75,68
16994,female,1.6,36
16995,male,1.85,46
16996,female,1.58,70
16997,male,1.65,71
16998,female,1.6,68
16999,female,1.65,72
17000,female,1.64,39
17001,male,1.78,50
17002,male,1.65,71
17003,female,1.66,63
17004,male,1.76,68
17005,male,1.6,77
17006,female,1.7,79
17007,female,1.54,39
17008,male,1.8,82
17009,female,1.68,33
17010,male,1.76,52
17011,male,1.72,57
17012,female,1.58,52
17013,female,1.52,75
17014,female,1.65,45
17015,male,1.68,70
17016,male,1.7,69
17017,female,1.74,43
17018,female,1.62,75
17019,male,1.76,47
17020,male,1.73,46
17021,male,1.63,77
17022,male,1.76,64
17023,female,1.65,65
17024,female,1.64,56
17025,female,1.7,50
17026,male,1.7,54
17027,male,1.8,76
17028,female,1.62,70
17029,male,1.68,66
17030,female,1.73,62
17031,male,1.7,74
17032,male,1.68,54
17033,female,1.58,64
17034,female,1.5,70
17035,female,1.68,51
17036,male,1.76,29
17037,male,1.8,20
17038,female,1.56,66
17039,female,1.62,43
17040,male,1.7,73
17041,female,1.7,61
17042,female,1.65,55
17043,female,1.67,38
17044,female,1.5,84
17045,female,1.53,69
17046,female,1.6,62
17047,female,1.7,75
17048,female,1.6,51
17049,male,1.74,35
17050,female,1.58,50
17051,female,1.64,41
17052,male,1.73,53
17053,male,1.74,56
17054,male,1.72,76
17055,male,1.7,79
17056,female,1.62,62
17057,male,1.72,66
17058,male,1.78,56
17059,male,1.7,64
17060,female,1.63,71
17061,male,1.67,80
17062,male,1.75,47
17063,female,1.6,76
17064,female,1.65,86
17065,male,1.84,43
17066,female,1.6,60
17067,female,1.67,63
17068,male,1.67,70
17069,male,1.8,43
17070,female,1.58,47
17071,female,1.5,80
17072,female,1.7,64
17073,male,1.96,51
17074,female,1.56,70
17075,female,1.62,65
17076,female,1.65,97
17077,female,1.64,70
17078,male,1.8,50
17079,male,1.78,66
17080,male,1.85,68
17081,female,1.5,75
17082,male,1.75,58
17083,female,1.67,66
17084,male,1.77,64
17085,female,1.53,69
17086,male,1.86,47
17087,female,1.7,56
17088,male,1.7,82
17089,female,1.64,44
17090,female,1.51,71
17091,male,1.74,76
17092,male,1.82,42
17093,male,1.74,77
17094,male,1.6,67
17095,female,1.63,37
17096,male,1.7,66
17097,female,1.48,82
17098,male,1.74,36
17099,female,1.6,63
17100,male,1.86,64
17101,female,1.64,43
17102,female,1.55,45
17103,female,1.68,47
17104,male,1.72,58
17105,male,1.75,29
17106,male,1.65,51
17107,female,1.63,67
17108,female,1.72,34
17109,female,1.76,74
17110,female,1.62,68
17111,male,1.7,67
17112,female,1.55,83
17113,female,1.64,73
17114,female,1.68,68
17115,female,1.58,62
17116,female,1.62,77
17117,female,1.6,73
17118,female,1.63,61
17119,male,1.8,58
17120,female,1.64,43
17121,male,1.78,46
17122,male,1.8,34
17123,male,1.85,58
17124,female,1.5,62
17125,male,1.65,83
17126,male,1.85,58
17127,female,1.55,71
17128,female,1.63,36
17129,female,1.64,44
17130,female,1.52,44
17131,female,1.73,68
17132,male,1.76,76
17133,female,1.65,62
17134,male,1.64,63
17135,female,1.65,66
17136,male,1.78,55
17137,male,1.86,50
17138,female,1.73,48
17139,male,1.7,46
17140,male,1.76,61
17141,male,1.6,41
17142,female,1.53,61
17143,male,1.8,66
17144,male,1.7,40
17145,male,1.68,76
17146,male,1.78,44
17147,male,1.86,58
17148,female,1.6,66
17149,female,1.63,68
17150,female,1.65,45
17151,female,1.66,62
17152,female,1.63,73
17153,male,1.72,57
17154,female,1.6,33
17155,female,1.6,84
17156,male,1.8,66
17157,female,1.64,70
17158,female,1.75,59
17159,male,1.76,64
17160,female,1.65,74
17161,male,1.72,29
17162,male,1.78,61
17163,female,1.47,81
17164,female,1.68,31
17165,female,1.62,72
17166,male,1.7,66
17167,female,1.68,47
17168,male,1.7,65
17169,female,1.65,55
17170,female,1.68,74
17171,male,1.76,62
17172,female,1.54,70
17173,male,1.7,57
17174,male,1.62,74
17175,male,1.67,50
17176,male,1.74,49
17177,male,1.88,75
17178,female,1.5,78
17179,male,1.76,78
17180,male,1.75,67
17181,male,1.78,53
17182,male,1.7,67
17183,male,1.75,59
17184,female,1.62,66
17185,female,1.5,72
17186,male,1.8,70
17187,female,1.59,69
17188,female,1.63,61
17189,female,1.65,44
17190,female,1.65,68
17191,female,1.65,39
17192,male,1.88,68
17193,male,1.78,44
17194,male,1.73,78
17195,male,1.88,42
17196,female,1.55,71
17197,female,1.67,62
17198,male,1.74,54
17199,male,1.7,79
17200,male,1.7,57
17201,male,1.82,76
17202,female,1.55,74
17203,male,1.78,45
17204,female,1.51,82
17205,male,1.96,71
17206,female,1.75,54
17207,male,1.7,65
17208,female,1.54,72
17209,female,1.64,82
17210,female,1.65,75
17211,male,1.6,87
17212,male,1.87,64
17213,male,1.72,37
17214,female,1.62,80
17215,female,1.61,62
17216,male,1.84,62
17217,female,1.54,76
17218,male,1.75,69
17219,female,1.67,81
17220,female,1.55,80
17221,female,1.58,62
17222,male,1.7,64
17223,male,1.84,51
17224,female,1.55,81
17225,female,1.55,52
17226,male,1.66,64
17227,female,1.68,31
17228,male,1.87,59
17229,female,1.63,45
17230,male,1.72,71
17231,female,1.72,56
17232,female,1.63,61
17233,female,1.5,72
17234,female,1.72,45
17235,male,1.71,66
17236,male,1.7,38
17237,female,1.56,71
17238,female,1.65,43
17239,female,1.6,83
17240,female,1.65,65
17241,male,1.8,55
17242,female,1.6,52
17243,male,1.72,60
17244,male,1.8,58
17245,male,1.77,64
17246,female,1.61,59
17247,female,1.87,60
17248,male,1.65,71
17249,female,1.64,75
17250,male,1.65,69
17251,female,1.6,54
17252,male,1.72,59
17253,male,1.66,68
17254,female,1.67,72
17255,male,1.73,31
17256,male,1.83,64
17257,female,1.71,51
17258,male,1.8,72
17259,male,1.82,55
17260,male,1.72,46
17261,male,1.75,64
17262,female,1.56,66
17263,female,1.58,61
17264,female,1.62,59
17265,male,1.73,45
17266,female,1.53,50
17267,female,1.58,66
17268,male,1.77,67
17269,female,1.7,62
17270,male,1.78,63
17271,male,1.72,80
17272,male,1.8,22
17273,female,1.63,72
17274,female,1.63,60
17275,male,1.89,45
17276,female,1.56,68
17277,male,1.75,56
17278,female,1.64,69
17279,female,1.86,64
17280,female,1.64,65
17281,female,1.65,72
17282,female,1.67,86
17283,male,1.72,72
17284,male,1.75,56
17285,male,1.69,51
17286,female,1.67,59
17287,female,1.61,82
17288,male,1.78,60
17289,female,1.76,56
17290,male,1.75,47
17291,male,1.87,23
17292,female,1.68,56
17293,female,1.67,90
17294,male,1.65,80
17295,male,1.72,24
17296,male,1.75,69
17297,female,1.72,35
17298,female,1.64,79
17299,male,1.69,48
17300,female,1.58,70
17301,male,1.7,63
17302,male,1.89,42
17303,male,1.8,34
17304,male,1.74,63
17305,male,1.86,37
17306,female,1.6,69
17307,male,1.72,55
17308,female,1.64,47
17309,male,1.76,53
17310,male,1.75,58
17311,male,1.75,56
17312,male,1.83,67
17313,female,1.62,56
17314,male,1.78,76
17315,female,1.58,62
17316,male,1.82,71
17317,female,1.65,45
17318,male,1.75,58
17319,male,1.74,42
17320,male,1.78,65
17321,male,1.7,84
17322,female,1.65,74
17323,male,1.82,20
17324,male,1.84,73
17325,male,1.7,65
17326,female,1.65,89
17327,female,1.68,52
17328,male,1.71,63
17329,female,1.6,50
17330,female,1.63,66
17331,female,1.67,46
17332,female,1.6,72
17333,female,1.58,70
17334,male,1.76,54
17335,male,1.79,63
17336,male,1.72,46
17337,male,1.76,53
17338,male,1.8,38
17339,male,1.6,52
17340,male,1.67,75
17341,female,1.69,28
17342,female,1.52,59
17343,female,1.65,78
17344,male,1.65,71
17345,male,1.9,45
17346,female,1.7,58
17347,female,1.68,82
17348,female,1.58,52
17349,female,1.69,40
17350,female,1.72,40
17351,male,1.7,69
17352,female,1.68,72
17353,male,1.78,70
17354,male,1.7,75
17355,female,1.6,71
17356,female,1.8,58
17357,female,1.72,60
17358,male,1.6,54
17359,female,1.6,67
17360,female,1.65,39
17361,female,1.58,53
17362,male,1.72,70
17363,female,1.65,51
17364,female,1.65,74
17365,female,1.68,55
17366,male,1.65,62
17367,male,1.78,65
17368,female,1.53,75
17369,female,1.55,68
17370,female,1.67,51
17371,male,1.85,35
17372,female,1.56,72
17373,female,1.65,64
17374,female,1.47,65
17375,female,1.58,64
17376,male,1.71,75
17377,male,1.78,76
17378,female,1.58,62
17379,male,1.74,73
17380,male,1.9,54
17381,female,1.6,57
17382,female,1.6,66
17383,male,1.65,77
17384,female,1.62,70
17385,female,1.71,53
17386,female,1.67,47
17387,male,1.7,63
17388,female,1.65,77
17389,male,1.75,37
17390,female,1.59,63
17391,male,1.75,71
17392,female,1.5,38
17393,male,1.72,42
17394,male,1.98,59
17395,male,1.93,48
17396,female,1.64,42
17397,male,1.7,48
17398,male,1.8,41
17399,female,1.67,61
17400,male,1.87,58
17401,female,1.67,55
17402,female,1.67,24
17403,male,1.84,73
17404,female,1.6,66
17405,female,1.57,67
17406,male,1.68,55
17407,female,1.6,64
17408,male,1.72,63
17409,male,1.58,40
17410,male,1.87,58
17411,female,1.65,74
17412,male,1.86,61
17413,male,1.82,56
17414,male,1.76,66
17415,male,1.75,43
17416,male,1.83,72
17417,male,1.85,28
17418,male,1.83,41
17419,male,1.76,73
17420,female,1.5,75
17421,female,1.6,64
17422,female,1.64,43
17423,male,1.68,69
17424,female,1.56,44
17425,male,1.73,61
17426,male,1.77,36
17427,male,1.62,59
17428,female,1.68,70
17429,female,1.76,56
17430,male,1.75,66
17431,female,1.75,43
17432,female,1.5,60
17433,male,1.76,65
17434,male,1.93,33
17435,male,1.98,73
17436,female,1.66,49
17437,female,17.56,49
17438,female,1.6,49
17439,female,1.77,66
17440,female,1.57,35
17441,female,1.56,64
17442,female,1.76,61
17443,male,1.81,44
17444,male,1.85,54
17445,male,1.67,68
17446,female,1.63,82
17447,female,1.65,49
17448,male,1.89,59
17449,female,1.5,73
17450,male,1.79,82
17451,female,1.59,50
17452,male,1.83,64
17453,male,1.62,80
17454,male,1.8,66
17455,male,1.85,49
17456,male,1.68,47
17457,male,1.78,19
17458,male,1.74,69
17459,female,1.65,61
17460,female,1.69,56
17461,male,1.75,66
17462,male,1.7,54
17463,female,1.6,46
17464,male,1.72,64
17465,female,1.76,39
17466,male,1.78,71
17467,male,1.93,23
17468,female,1.68,39
17469,female,1.5,84
17470,male,1.75,67
17471,male,1.8,59
17472,male,1.74,40
17473,male,1.76,64
17474,female,1.57,62
17475,male,1.82,58
17476,female,1.6,68
17477,male,1.7,77
17478,male,1.85,46
17479,female,1.65,30
17480,male,1.68,47
17481,male,1.72,45
17482,male,1.81,71
17483,female,1.67,52
17484,female,1.7,50
17485,female,1.5,72
17486,male,1.78,48
17487,female,1.7,42
17488,female,1.7,35
17489,female,1.7,46
17490,male,1.8,39
17491,male,1.75,77
17492,male,1.9,50
17493,male,1.99,36
17494,female,1.68,42
17495,male,1.7,59
17496,female,1.55,35
17497,female,1.56,37
17498,male,1.65,65
17499,female,1.7,68
17500,male,1.76,43
17501,female,1.68,52
17502,male,1.8,45
17503,female,1.5,64
17504,female,1.69,43
17505,male,1.83,62
17506,female,1.64,62
17507,male,1.68,49
17508,male,1.82,75
17509,male,1.62,48
17510,female,1.6,67
17511,female,1.55,51
17512,male,1.69,48
17513,male,1.74,61
17514,male,1.64,55
17515,female,1.6,44
17516,male,1.73,71
17517,female,1.6,61
17518,female,1.65,66
17519,female,1.6,81
17520,female,1.6,81
17521,male,1.7,67
17522,male,1.75,35
17523,male,1.6,69
17524,male,1.76,78
17525,male,1.73,32
17526,male,1.73,43
17527,male,1.68,77
17528,male,1.7,59
17529,male,1.73,71
17530,male,1.76,29
17531,male,1.78,51
17532,female,1.55,34
17533,female,1.58,33
17534,female,1.5,76
17535,female,1.7,65
17536,male,1.88,42
17537,female,1.64,42
17538,male,1.8,65
17539,female,1.65,72
17540,female,1.6,48
17541,female,1.68,67
17542,male,1.62,68
17543,female,1.65,64
17544,female,1.67,24
17545,female,1.55,70
17546,female,1.54,65
17547,male,1.75,52
17548,female,1.7,67
17549,female,1.68,61
17550,female,1.67,65
17551,female,1.58,54
17552,female,1.7,64
17553,female,1.66,60
17554,male,1.76,44
17555,female,1.6,62
17556,male,1.8,51
17557,male,1.7,61
17558,female,1.6,52
17559,male,1.76,57
17560,male,1.7,57
17561,female,1.56,39
17562,female,1.56,79
17563,female,1.64,71
17564,female,1.65,40
17565,female,1.65,64
17566,female,1.65,40
17567,male,1.68,54
17568,female,1.58,55
17569,male,1.74,83
17570,male,1.85,61
17571,male,1.96,66
17572,female,1.7,42
17573,female,1.7,54
17574,female,1.58,71
17575,female,1.6,91
17576,male,1.74,66
17577,male,1.75,58
17578,female,1.74,42
17579,male,1.76,48
17580,female,1.62,48
17581,female,1.56,65
17582,male,1.8,47
17583,male,1.68,43
17584,female,1.65,37
17585,female,1.44,61
17586,male,1.7,48
17587,male,1.68,64
17588,female,1.6,79
17589,female,1.65,67
17590,male,1.75,78
17591,female,1.68,83
17592,male,1.82,53
17593,female,1.7,65
17594,female,1.72,43
17595,male,1.8,55
17596,male,1.83,26
17597,female,1.56,70
17598,male,1.7,75
17599,male,1.73,65
17600,female,1.65,63
17601,male,1.6,32
17602,female,1.76,36
17603,male,1.67,68
17604,female,1.64,56
17605,female,1.7,69
17606,male,1.8,71
17607,female,1.58,64
17608,female,1.6,78
17609,male,1.75,58
17610,female,1.65,47
17611,male,1.65,71
17612,female,1.6,59
17613,male,1.8,66
17614,male,1.71,79
17615,female,1.74,69
17616,female,1.56,82
17617,male,1.75,71
17618,female,1.67,65
17619,female,1.6,49
17620,male,1.76,32
17621,male,1.78,80
17622,female,1.65,74
17623,male,1.75,41
17624,male,1.68,35
17625,female,1.64,53
17626,male,1.82,56
17627,male,1.76,19
17628,male,1.75,55
17629,male,1.78,55
17630,male,1.72,72
17631,female,1.74,56
17632,male,1.68,51
17633,female,1.68,74
17634,female,1.6,79
17635,male,1.72,87
17636,male,1.68,59
17637,male,1.65,53
17638,female,1.58,65
17639,male,1.73,69
17640,male,1.76,64
17641,female,1.58,52
17642,female,1.6,47
17643,male,1.8,52
17644,male,1.78,39
17645,male,1.87,56
17646,female,1.6,84
17647,female,1.67,48
17648,female,1.61,77
17649,female,1.75,63
17650,male,1.75,76
17651,male,1.89,54
17652,male,1.85,35
17653,female,1.76,34
17654,female,1.6,72
17655,male,1.74,51
17656,male,1.95,43
17657,female,1.55,48
17658,female,1.6,65
17659,male,1.73,69
17660,male,1.93,46
17661,male,1.65,71
17662,female,1.69,40
17663,male,1.7,71
17664,female,1.68,40
17665,female,1.69,63
17666,male,1.75,69
17667,male,1.76,68
17668,female,0.48,75
17669,male,1.78,63
17670,female,1.5,68
17671,male,1.72,56
17672,male,1.98,46
17673,female,1.65,55
17674,male,1.89,60
17675,female,1.58,55
17676,male,1.78,57
17677,male,1.82,56
17678,female,1.58,51
17679,female,1.54,55
17680,female,1.62,52
17681,male,1.8,79
17682,male,1.67,52
17683,female,1.66,49
17684,male,1.82,65
17685,female,1.68,58
17686,male,1.67,36
17687,female,1.77,64
17688,female,1.64,65
17689,female,1.6,52
17690,male,1.78,40
17691,male,1.78,25
17692,female,1.56,70
17693,male,1.7,69
17694,female,1.67,45
17695,female,1.64,62
17696,female,1.69,70
17697,male,1.76,36
17698,female,1.58,60
17699,male,1.78,63
17700,female,1.58,68
17701,male,1.68,74
17702,male,1.82,70
17703,male,1.6,51
17704,female,1.64,63
17705,male,1.85,50
17706,female,1.6,54
17707,female,1.7,49
17708,male,1.8,48
17709,female,1.64,41
17710,female,1.55,77
17711,male,1.7,63
17712,male,1.75,82
17713,female,1.7,51
17714,female,1.7,40
17715,male,1.72,54
17716,female,1.65,49
17717,female,1.56,47
17718,male,1.65,76
17719,female,1.56,87
17720,female,1.5,61
17721,male,1.75,21
17722,male,1.75,69
17723,male,1.78,65
17724,female,1.58,61
17725,female,1.65,73
17726,male,1.81,51
17727,female,1.75,45
17728,male,1.83,54
17729,male,1.8,67
17730,male,1.76,73
17731,male,1.65,66
17732,male,1.7,62
17733,female,1.56,63
17734,male,1.65,75
17735,male,1.72,35
17736,male,1.52,11
17737,female,1.7,58
17738,female,1.58,67
17739,male,1.86,52
17740,female,1.73,42
17741,female,1.67,66
17742,male,1.75,66
17743,female,0.75,71
17744,male,1.7,71
17745,female,1.66,45
17746,male,1.64,15
17747,female,1.6,39
17748,male,1.66,64
17749,female,1.66,79
17750,male,1.83,46
17751,male,1.83,46
17752,male,1.7,68
17753,female,1.63,57
17754,male,1.65,71
17755,male,1.84,51
17756,male,1.8,65
17757,female,1.69,64
17758,female,1.6,65
17759,male,1.75,70
17760,male,1.7,65
17761,female,1.56,76
17762,female,1.61,53
17763,male,1.64,66
17764,female,1.6,65
17765,male,1.7,48
17766,male,1.76,66
17767,male,1.8,58
17768,male,1.75,57
17769,female,1.67,67
17770,male,1.75,67
17771,female,1.64,60
17772,female,1.64,73
17773,male,1.85,63
17774,male,1.9,50
17775,female,1.74,76
17776,male,1.78,66
17777,male,1.78,69
17778,female,1.63,80
17779,female,1.68,69
17780,female,1.62,47
17781,female,1.73,47
17782,female,1.71,52
17783,male,1.8,73
17784,female,1.64,46
17785,female,1.5,86
17786,female,1.7,67
17787,male,1.82,65
17788,male,1.65,64
17789,male,1.73,39
17790,female,1.74,74
17791,male,1.68,59
17792,male,1.78,65
17793,female,1.6,65
17794,female,1.67,79
17795,male,1.56,66
17796,male,1.7,53
17797,female,1.55,82
17798,male,1.75,66
17799,female,1.74,39
17800,female,1.64,62
17801,female,1.58,40
17802,male,1.86,66
17803,female,1.66,53
17804,male,1.7,68
17805,male,1.75,26
17806,male,1.85,68
17807,male,1.83,57
17808,female,1.68,70
17809,male,1.62,66
17810,female,1.63,69
17811,female,1.58,66
17812,male,1.73,74
17813,female,1.58,42
17814,female,1.69,65
17815,female,1.75,42
17816,female,1.57,63
17817,female,1.78,58
17818,male,1.8,55
17819,female,1.66,64
17820,male,1.85,67
17821,male,1.65,78
17822,male,1.8,53
17823,female,1.64,64
17824,female,1.56,76
17825,female,1.55,71
17826,male,1.7,48
17827,male,1.66,55
17828,female,1.54,57
17829,female,1.64,56
17830,female,1.6,47
17831,female,1.67,35
17832,female,1.52,58
17833,male,1.75,55
17834,female,1.57,54
17835,male,1.7,61
17836,female,1.62,36
17837,male,1.85,65
17838,female,1.68,41
17839,female,1.63,77
17840,male,1.77,59
17841,female,1.5,60
17842,male,1.75,66
17843,female,1.6,65
17844,male,1.72,73
17845,female,1.73,68
17846,female,1.56,64
17847,female,1.64,57
17848,male,1.78,78
17849,male,1.85,64
17850,female,1.64,72
17851,female,1.64,72
17852,female,1.62,59
17853,female,1.62,79
17854,female,1.62,65
17855,male,1.7,79
17856,female,1.65,58
17857,female,1.5,78
17858,female,1.65,75
17859,male,1.83,63
17860,male,1.68,65
17861,male,1.76,67
17862,female,1.65,36
17863,male,1.7,61
17864,male,1.9,31
17865,male,1.75,67
17866,male,1.74,64
17867,female,1.72,51
17868,female,1.7,65
17869,female,1.5,55
17870,male,1.75,69
17871,male,1.85,74
17872,male,1.76,48
17873,male,1.8,77
17874,male,1.6,83
17875,female,1.56,39
17876,male,1.85,41
17877,female,1.6,55
17878,female,1.76,32
17879,female,1.58,80
17880,female,1.65,62
17881,male,1.7,77
17882,male,1.7,72
17883,male,1.73,59
17884,female,1.6,62
17885,female,1.55,63
17886,male,1.8,66
17887,male,1.78,46
17888,male,1.78,72
17889,female,1.65,52
17890,female,1.64,43
17891,female,1.66,41
17892,male,1.6,42
17893,male,1.8,55
17894,male,1.72,69
17895,male,1.68,63
17896,male,1.85,53
17897,female,1.65,34
17898,male,1.86,40
17899,female,1.55,66
17900,male,1.78,80
17901,male,1.68,71
17902,male,1.75,79
17903,female,1.57,66
17904,female,1.58,70
17905,male,1.7,51
17906,female,1.7,56
17907,male,1.74,72
17908,male,1.7,81
17909,female,1.6,79
17910,male,1.58,71
17911,male,1.75,32
17912,male,1.78,39
17913,male,1.86,41
17914,male,1.74,34
17915,male,1.75,59
17916,female,1.67,52
17917,male,1.7,78
17918,male,1.86,52
17919,male,1.83,54
17920,male,1.73,65
17921,male,1.84,57
17922,female,1.55,46
17923,male,1.8,62
17924,male,1.7,79
17925,male,1.85,54
17926,male,1.72,72
17927,female,1.67,34
17928,male,1.96,49
17929,male,1.65,73
17930,male,1.72,50
17931,male,1.72,44
17932,female,1.62,70
17933,female,1.63,60
17934,male,1.65,70
17935,female,1.6,53
17936,male,1.68,54
17937,female,1.6,67
17938,female,1.73,56
17939,female,1.65,79
17940,female,1.6,60
17941,male,1.74,23
17942,female,1.48,72
17943,female,1.74,47
17944,male,1.75,65
17945,male,1.72,75
17946,male,1.7,60
17947,male,1.76,66
17948,male,1.75,52
17949,female,1.6,22
17950,male,1.83,66
17951,male,1.87,61
17952,female,1.7,80
17953,female,1.6,74
17954,female,1.67,26
17955,male,1.8,46
17956,female,1.64,22
17957,male,1.75,71
17958,female,1.65,54
17959,male,1.76,49
17960,female,1.48,72
17961,male,1.85,24
17962,male,1.92,68
17963,female,1.73,52
17964,male,1.8,73
17965,female,1.56,54
17966,male,1.64,71
17967,female,1.73,49
17968,female,1.64,59
17969,female,1.67,68
17970,male,1.78,67
17971,female,1.58,66
17972,male,1.87,60
17973,male,1.6,60
17974,male,1.75,73
17975,male,1.67,74
17976,male,1.75,60
17977,female,1.7,58
17978,male,1.75,74
17979,female,1.76,63
17980,female,1.56,66
17981,female,1.76,85
17982,female,1.67,89
17983,male,1.83,45
17984,male,1.69,51
17985,male,1.7,29
17986,female,1.55,80
17987,female,1.53,67
17988,female,1.58,64
17989,male,1.72,42
17990,male,1.87,42
17991,female,1.7,41
17992,female,1.68,51
17993,male,1.74,78
17994,male,1.72,41
17995,male,1.8,40
17996,male,1.74,54
17997,male,1.7,72
17998,male,1.82,39
17999,female,1.72,47
18000,male,1.8,59
18001,female,1.74,40
18002,male,1.76,87
18003,female,1.65,53
18004,female,1.65,67
18005,male,1.72,67
18006,male,1.85,36
18007,male,1.72,66
18008,female,1.58,62
18009,female,1.69,59
18010,female,1.48,74
18011,male,1.65,39
18012,male,1.67,65
18013,male,1.76,57
18014,male,1.8,56
18015,male,1.75,75
18016,male,1.78,38
18017,female,1.72,38
18018,male,1.7,75
18019,female,1.68,62
18020,female,1.55,51
18021,male,1.82,55
18022,male,1.7,52
18023,male,1.8,68
18024,female,1.79,40
18025,female,1.67,67
18026,male,1.76,64
18027,male,1.76,71
18028,female,1.57,63
18029,female,1.6,73
18030,female,1.64,80
18031,male,1.85,59
18032,male,1.6,54
18033,female,1.56,69
18034,male,1.85,53
18035,female,1.72,65
18036,male,1.76,72
18037,female,1.64,74
18038,male,1.7,71
18039,female,1.62,47
18040,male,1.75,70
18041,male,1.72,63
18042,male,1.83,42
18043,male,1.95,33
18044,female,1.65,27
18045,male,1.73,62
18046,male,1.73,73
18047,female,1.65,66
18048,male,1.72,50
18049,female,1.71,20
18050,male,1.65,52
18051,female,1.65,87
18052,female,1.64,42
18053,male,1.64,58
18054,male,1.78,54
18055,male,1.78,61
18056,female,1.65,58
18057,male,1.7,80
18058,female,1.57,47
18059,male,1.9,56
18060,male,1.82,57
18061,female,1.55,59
18062,male,1.76,70
18063,female,1.6,59
18064,male,1.98,48
18065,male,1.7,83
18066,female,1.6,62
18067,female,1.6,82
18068,female,0.7,67
18069,female,1.6,85
18070,male,1.85,52
18071,male,1.87,47
18072,male,1.75,18
18073,female,1.58,81
18074,male,1.7,70
18075,male,1.65,63
18076,male,1.73,72
18077,female,1.68,28
18078,male,1.64,67
18079,female,1.67,54
18080,male,1.79,24
18081,male,1.92,50
18082,female,1.76,63
18083,male,1.75,46
18084,male,1.8,64
18085,male,1.85,45
18086,male,1.78,38
18087,female,1.62,89
18088,female,1.55,83
18089,male,1.76,57
18090,female,1.68,30
18091,male,1.65,46
18092,male,1.75,52
18093,male,1.78,52
18094,female,1.68,61
18095,female,1.6,68
18096,female,1.7,79
18097,male,1.75,33
18098,male,1.9,53
18099,female,1.63,76
18100,female,1.55,67
18101,female,1.54,66
18102,female,1.65,66
18103,female,1.67,50
18104,female,1.6,64
18105,male,1.8,65
18106,female,1.65,72
18107,female,1.65,77
18108,male,1.86,64
18109,female,1.56,85
18110,female,1.5,65
18111,female,1.65,82
18112,male,1.8,68
18113,male,1.7,34
18114,female,1.62,72
18115,female,1.67,67
18116,male,1.7,35
18117,male,1.7,66
18118,male,1.76,69
18119,female,1.68,66
18120,male,1.9,52
18121,female,1.58,65
18122,female,1.64,66
18123,male,1.74,49
18124,male,1.75,72
18125,female,1.74,56
18126,male,1.7,58
18127,male,1.68,75
18128,male,1.8,63
18129,female,1.72,62
18130,male,1.67,73
18131,female,1.58,68
18132,female,1.76,65
18133,male,1.8,67
18134,male,1.74,72
18135,female,1.64,59
18136,female,1.7,66
18137,female,1.69,53
18138,male,1.7,83
18139,female,1.75,72
18140,female,1.48,62
18141,female,1.58,69
18142,female,1.63,74
18143,male,1.7,68
18144,male,1.72,75
18145,male,1.78,69
18146,female,1.65,51
18147,male,1.82,51
18148,male,1.83,62
18149,male,1.87,28
18150,female,1.85,77
18151,male,1.75,69
18152,male,1.75,56
18153,male,1.6,76
18154,male,1.73,67
18155,male,1.72,71
18156,female,1.7,49
18157,female,1.58,65
18158,male,1.85,65
18159,male,1.76,53
18160,male,1.9,40
18161,female,1.64,52
18162,male,1.9,75
18163,male,1.75,48
18164,female,1.58,65
18165,female,1.65,40
18166,female,1.53,75
18167,male,1.7,53
18168,female,1.64,53
18169,male,1.7,70
18170,female,1.48,57
18171,female,1.6,70
18172,female,1.67,75
18173,male,1.7,67
18174,male,1.68,57
18175,female,1.62,38
18176,female,1.67,62
18177,male,1.7,58
18178,male,1.75,71
18179,female,1.6,20
18180,female,1.6,20
18181,male,1.9,60
18182,female,1.65,68
18183,female,1.62,59
18184,male,1.7,79
18185,female,1.68,48
18186,female,1.62,59
18187,female,1.5,75
18188,male,1.75,57
18189,male,1.85,63
18190,female,1.78,49
18191,female,1.7,41
18192,female,1.5,90
18193,male,1.65,62
18194,male,1.76,65
18195,male,1.77,75
18196,female,1.72,66
18197,female,1.67,69
18198,female,1.65,52
18199,male,1.74,61
18200,female,1.76,58
18201,male,1.68,81
18202,female,1.54,59
18203,male,1.85,72
18204,female,1.67,67
18205,male,1.77,64
18206,female,1.65,60
18207,male,1.76,66
18208,female,1.77,71
18209,female,1.67,67
18210,female,1.6,67
18211,male,1.95,45
18212,male,1.79,47
18213,female,1.54,62
18214,male,1.7,50
18215,male,1.75,45
18216,male,1.66,68
18217,male,1.65,35
18218,male,1.74,50
18219,male,1.86,36
18220,female,1.6,50
18221,male,1.89,29
18222,female,1.76,56
18223,female,1.52,77
18224,female,1.69,47
18225,female,1.64,59
18226,male,1.75,56
18227,male,1.63,64
18228,male,1.72,62
18229,male,1.75,65
18230,female,1.65,44
18231,female,1.56,66
18232,female,1.54,65
18233,male,1.68,79
18234,male,1.72,42
18235,male,1.65,69
18236,female,1.5,66
18237,female,1.6,42
18238,female,1.67,38
18239,female,1.56,76
18240,female,1.58,47
18241,male,1.75,45
18242,female,1.54,23
18243,female,1.58,58
18244,male,1.71,29
18245,female,1.62,66
18246,male,1.75,80
18247,female,1.61,68
18248,female,1.58,81
18249,female,1.72,44
18250,female,1.65,44
18251,female,1.75,67
18252,male,1.76,55
18253,female,1.72,65
18254,male,1.75,69
18255,male,1.67,55
18256,male,1.91,25
18257,female,1.6,62
18258,female,1.65,46
18259,female,1.56,46
18260,male,1.95,49
18261,male,1.78,64
18262,male,1.74,87
18263,male,1.76,56
18264,female,1.55,72
18265,female,1.6,56
18266,male,1.77,60
18267,male,1.8,39
18268,male,1.98,48
18269,male,1.76,70
18270,male,1.7,62
18271,male,1.74,45
18272,male,1.76,67
18273,male,1.78,63
18274,male,1.82,25
18275,male,1.75,78
18276,female,1.5,74
18277,male,1.65,81
18278,female,1.68,66
18279,female,1.65,58
18280,male,1.92,64
18281,female,1.64,57
18282,female,1.6,26
18283,female,1.6,66
18284,male,1.7,64
18285,female,1.6,39
18286,female,1.6,68
18287,male,1.71,73
18288,male,1.7,78
18289,male,1.75,69
18290,female,1.65,74
18291,male,1.8,39
18292,male,1.8,53
18293,male,1.73,65
18294,female,1.69,37
18295,female,1.64,77
18296,male,1.74,65
18297,female,1.57,65
18298,male,1.7,62
18299,male,1.65,86
18300,male,1.74,40
18301,male,1.72,71
18302,male,1.76,59
18303,male,1.68,50
18304,female,1.68,47
18305,male,1.86,78
18306,male,1.75,57
18307,female,1.65,38
18308,male,1.78,52
18309,male,1.78,41
18310,female,1.64,71
18311,female,1.55,59
18312,male,1.82,48
18313,female,1.64,73
18314,male,1.76,71
18315,female,1.45,49
18316,female,1.47,33
18317,male,1.76,59
18318,male,1.93,41
18319,female,1.65,73
18320,female,1.6,46
18321,female,1.55,66
18322,male,1.65,53
18323,female,1.53,31
18324,male,1.8,78
18325,female,1.6,74
18326,female,1.64,72
18327,female,1.6,55
18328,female,1.58,74
18329,female,1.65,39
18330,male,1.81,56
18331,male,1.85,71
18332,female,1.65,67
18333,male,1.8,69
18334,male,1.71,65
18335,female,1.7,52
18336,female,1.6,44
18337,female,1.55,87
18338,female,1.65,42
18339,female,1.7,38
18340,male,1.64,62
18341,female,1.47,81
18342,male,1.65,84
18343,male,1.7,65
18344,female,1.57,61
18345,female,1.7,55
18346,male,1.7,68
18347,male,1.76,43
18348,female,1.8,51
18349,male,1.82,62
18350,female,1.55,65
18351,male,1.74,46
18352,female,1.63,59
18353,female,1.64,69
18354,male,1.69,44
18355,male,1.8,72
18356,female,1.65,39
18357,female,1.75,27
18358,male,1.9,56
18359,male,1.79,50
18360,male,1.75,83
18361,female,1.56,75
18362,male,1.78,61
18363,male,1.78,50
18364,female,1.6,70
18365,female,1.64,69
18366,female,1.58,65
18367,female,1.64,76
18368,female,1.53,79
18369,female,1.7,69
18370,male,1.72,50
18371,male,1.7,74
18372,female,1.65,87
18373,male,1.68,69
18374,male,1.72,60
18375,male,1.6,45
18376,female,1.63,61
18377,female,1.55,77
18378,male,1.7,65
18379,female,1.67,48
18380,male,1.67,59
18381,male,1.85,50
18382,female,1.65,58
18383,male,1.72,74
18384,female,1.62,55
18385,female,1.58,34
18386,female,1.65,50
18387,male,1.78,77
18388,male,1.75,41
18389,male,1.78,77
18390,male,1.72,58
18391,male,1.94,49
18392,male,1.68,56
18393,male,1.75,22
18394,female,1.7,78
18395,female,1.68,73
18396,male,1.75,75
18397,male,1.83,60
18398,male,1.75,63
18399,female,1.63,47
18400,female,1.6,76
18401,female,1.65,75
18402,male,1.68,70
18403,female,1.63,53
18404,male,1.78,62
18405,female,1.75,66
18406,female,1.54,38
18407,male,1.72,79
18408,female,1.76,71
18409,female,1.67,72
18410,male,1.7,55
18411,female,1.59,54
18412,male,1.86,52
18413,male,1.65,33
18414,male,1.75,49
18415,female,1.5,53
18416,male,1.76,52
18417,male,1.87,72
18418,female,1.65,73
18419,female,1.5,51
18420,male,1.65,61
18421,female,1.56,85
18422,male,1.82,58
18423,female,1.72,49
18424,male,1.86,44
18425,female,1.6,79
18426,female,1.75,76
18427,male,1.7,60
18428,male,1.78,69
18429,male,1.7,76
18430,male,1.76,41
18431,female,1.66,48
18432,male,1.65,66
18433,female,1.69,44
18434,male,1.78,36
18435,male,1.7,71
18436,female,1.5,58
18437,female,1.74,38
18438,female,1.53,49
18439,female,1.67,58
18440,female,1.68,41
18441,male,1.8,57
18442,female,1.56,46
18443,female,1.63,32
18444,male,1.9,39
18445,male,1.7,70
18446,male,1.75,28
18447,male,1.74,58
18448,male,1.78,47
18449,male,1.7,74
18450,female,1.65,56
18451,female,1.53,55
18452,female,1.5,77
18453,male,1.75,52
18454,male,1.82,69
18455,female,1.67,27
18456,male,1.85,73
18457,female,1.55,70
18458,male,1.8,69
18459,female,1.6,67
18460,female,1.58,68
18461,female,1.58,50
18462,male,1.75,79
18463,male,1.7,73
18464,female,1.67,68
18465,female,1.58,65
18466,female,1.64,50
18467,male,1.87,41
18468,female,1.64,67
18469,male,1.72,65
18470,female,1.63,26
18471,male,1.73,33
18472,male,1.72,52
18473,male,1.75,26
18474,female,1.43,60
18475,female,1.78,34
18476,male,1.65,61
18477,male,1.66,53
18478,female,1.62,59
18479,female,1.64,49
18480,male,1.83,66
18481,male,1.86,56
18482,female,1.53,56
18483,female,1.58,69
18484,female,1.74,74
18485,male,1.86,60
18486,male,1.74,54
18487,male,1.82,63
18488,male,1.78,46
18489,female,1.73,56
18490,male,1.73,66
18491,female,1.5,71
18492,male,1.8,44
18493,female,1.6,60
18494,male,1.89,56
18495,male,1.75,69
18496,female,1.68,39
18497,male,1.75,44
18498,female,1.78,49
18499,female,1.75,60
18500,female,1.65,64
18501,female,1.6,80
18502,male,1.9,33
18503,male,1.8,44
18504,female,1.65,84
18505,male,1.82,30
18506,male,1.72,64
18507,female,1.69,65
18508,male,1.76,70
18509,male,1.78,55
18510,male,1.82,62
18511,female,1.64,64
18512,female,1.64,46
18513,female,1.56,76
18514,female,1.62,53
18515,female,1.65,74
18516,male,1.82,34
18517,female,1.6,85
18518,female,1.5,69
18519,male,1.86,64
18520,male,1.9,52
18521,female,1.56,81
18522,female,1.7,63
18523,male,1.72,49
18524,female,1.65,64
18525,male,1.82,63
18526,female,1.64,52
18527,male,1.75,60
18528,female,1.68,58
18529,female,1.63,72
18530,male,1.9,43
18531,female,1.76,68
18532,male,1.9,42
18533,female,1.78,67
18534,female,1.62,79
18535,female,1.62,59
18536,female,1.58,33
18537,female,1.68,46
18538,female,1.65,43
18539,female,1.63,68
18540,male,1.83,64
18541,female,1.7,67
18542,male,1.76,61
18543,female,1.68,51
18544,female,1.65,62
18545,female,1.52,64
18546,female,1.64,46
18547,male,1.82,52
18548,male,1.65,55
18549,female,1.68,31
18550,male,1.7,65
18551,female,1.78,49
18552,female,1.6,31
18553,female,1.58,75
18554,male,1.74,66
18555,female,1.66,56
18556,female,1.65,62
18557,male,1.72,65
18558,female,1.52,72
18559,male,1.76,41
18560,female,1.8,27
18561,female,1.61,45
18562,female,1.78,51
18563,male,1.7,44
18564,female,1.78,79
18565,male,1.8,20
18566,female,1.6,75
18567,female,1.66,49
18568,male,1.83,65
18569,female,1.55,77
18570,male,1.68,70
18571,female,1.68,63
18572,female,1.75,28
18573,female,1.68,60
18574,male,1.77,48
18575,male,1.75,57
18576,female,1.58,61
18577,male,1.8,41
18578,female,1.58,74
18579,male,1.73,65
18580,female,1.58,57
18581,male,1.8,76
18582,female,1.75,49
18583,male,1.7,70
18584,female,1.72,70
18585,female,1.5,71
18586,female,1.55,67
18587,male,1.82,64
18588,female,1.64,34
18589,male,1.82,57
18590,female,1.56,72
18591,female,1.64,43
18592,male,1.76,45
18593,male,1.8,64
18594,female,1.55,70
18595,male,1.65,58
18596,male,1.76,65
18597,female,1.58,66
18598,female,1.58,62
18599,female,1.72,68
18600,female,1.64,68
18601,female,1.68,56
18602,male,1.82,72
18603,female,1.68,56
18604,female,1.58,65
18605,female,1.65,52
18606,female,1.53,46
18607,female,1.72,66
18608,female,1.7,54
18609,female,1.58,73
18610,male,1.7,63
18611,male,1.72,60
18612,male,1.6,58
18613,female,1.65,66
18614,male,1.67,62
18615,female,1.65,77
18616,male,1.72,51
18617,female,1.58,61
18618,female,1.68,60
18619,male,1.77,41
18620,male,1.9,18
18621,male,1.95,47
18622,male,1.8,73
18623,male,1.8,31
18624,male,1.78,63
18625,male,1.7,69
18626,female,1.52,85
18627,male,1.7,69
18628,male,1.75,57
18629,male,1.7,63
18630,male,1.89,39
18631,female,1.65,69
18632,male,1.8,65
18633,male,1.8,34
18634,male,1.78,80
18635,male,1.82,53
18636,male,1.75,62
18637,male,1.74,61
18638,female,1.65,46
18639,male,1.8,66
18640,female,1.64,65
18641,female,1.55,54
18642,female,1.74,60
18643,male,1.75,64
18644,male,1.78,42
18645,female,1.62,54
18646,male,1.7,74
18647,female,1.62,43
18648,female,1.65,57
18649,male,1.75,45
18650,male,1.85,51
18651,male,1.7,73
18652,male,1.8,72
18653,female,1.5,83
18654,female,1.55,50
18655,male,1.75,67
18656,male,1.75,72
18657,male,1.73,29
18658,female,1.65,57
18659,female,1.67,48
18660,male,1.75,57
18661,male,1.65,59
18662,female,1.67,62
18663,female,1.56,59
18664,male,1.77,54
18665,male,1.82,66
18666,male,1.7,65
18667,male,1.75,54
18668,female,1.58,70
18669,female,1.7,43
18670,male,1.8,53
18671,female,1.54,65
18672,male,1.68,80
18673,female,1.63,65
18674,female,1.56,65
18675,female,1.5,62
18676,female,1.64,68
18677,female,1.68,42
18678,male,1.8,30
18679,female,1.58,71
18680,female,1.6,47
18681,female,1.65,58
18682,female,1.63,77
18683,female,1.64,45
18684,female,1.64,79
18685,female,1.65,78
18686,male,1.72,53
18687,female,1.64,69
18688,male,1.6,11
18689,female,1.72,69
18690,female,1.6,77
18691,female,1.55,57
18692,male,1.79,36
18693,female,1.68,60
18694,female,1.6,67
18695,female,1.7,63
18696,female,1.53,74
18697,female,1.78,46
18698,male,1.69,48
18699,female,1.55,42
18700,male,1.86,60
18701,female,1.68,61
18702,male,1.8,63
18703,male,1.87,53
18704,female,1.67,41
18705,female,1.68,75
18706,male,1.78,69
18707,male,1.84,56
18708,male,1.81,77
18709,male,1.7,59
18710,male,1.8,67
18711,female,1.63,69
18712,female,1.6,51
18713,female,1.63,60
18714,female,1.56,62
18715,female,1.65,42
18716,female,1.53,79
18717,male,1.5,81
18718,female,1.62,66
18719,male,1.75,75
18720,female,1.65,57
18721,male,1.82,50
18722,female,1.49,70
18723,male,1.8,51
18724,male,1.88,63
18725,male,1.75,71
18726,male,1.78,57
18727,female,1.76,43
18728,male,1.78,87
18729,female,1.78,55
18730,female,1.6,74
18731,male,1.83,51
18732,male,1.83,52
18733,female,1.76,53
18734,female,1.63,37
18735,male,1.94,58
18736,female,1.58,82
18737,female,1.64,83
18738,female,1.7,56
18739,female,1.6,46
18740,female,1.64,66
18741,male,1.85,72
18742,male,1.76,43
18743,female,1.56,81
18744,female,1.71,35
18745,male,1.81,64
18746,male,1.7,58
18747,male,1.7,59
18748,female,1.48,70
18749,male,1.72,46
18750,female,1.58,76
18751,male,1.68,37
18752,male,1.69,57
18753,female,1.76,30
18754,female,1.67,57
18755,male,1.64,74
18756,female,1.56,52
18757,female,1.67,39
18758,female,1.7,54
18759,male,1.68,56
18760,male,1.78,72
18761,male,1.7,65
18762,male,1.8,54
18763,female,1.6,62
18764,male,1.75,68
18765,male,1.67,75
18766,female,1.62,72
18767,female,1.66,39
18768,male,1.85,60
18769,male,1.84,62
18770,female,1.6,67
18771,female,1.65,84
18772,female,1.56,66
18773,female,1.7,75
18774,female,1.64,52
18775,female,1.62,59
18776,male,1.91,47
18777,female,1.62,65
18778,female,1.58,57
18779,female,1.64,45
18780,male,1.8,46
18781,female,1.65,86
18782,male,1.68,66
18783,male,1.73,80
18784,female,1.67,69
18785,female,1.64,64
18786,female,1.59,50
18787,male,1.78,67
18788,female,1.56,69
18789,female,1.63,82
18790,male,1.74,29
18791,male,1.76,76
18792,female,1.62,81
18793,female,1.56,40
18794,female,1.61,62
18795,male,1.82,29
18796,female,1.63,64
18797,male,1.76,81
18798,male,1.8,41
18799,female,1.64,73
18800,male,1.76,56
18801,female,1.52,87
18802,female,1.68,77
18803,female,1.64,56
18804,male,1.83,35
18805,female,1.6,77
18806,female,1.64,60
18807,female,1.75,73
18808,female,1.67,70
18809,female,1.46,56
18810,female,1.65,74
18811,male,1.7,33
18812,female,1.68,50
18813,female,1.67,63
18814,female,1.68,41
18815,female,1.5,42
18816,male,1.75,47
18817,male,1.78,70
18818,female,1.67,59
18819,male,1.78,65
18820,male,1.73,59
18821,female,1.62,64
18822,male,1.71,62
18823,male,1.68,44
18824,male,1.6,48
18825,female,1.64,72
18826,female,1.54,68
18827,female,1.67,66
18828,male,1.76,36
18829,female,1.69,63
18830,female,1.64,50
18831,male,1.8,48
18832,male,1.84,42
18833,female,1.65,66
18834,male,1.75,77
18835,male,1.83,57
18836,female,1.64,69
18837,female,1.64,63
18838,female,1.65,30
18839,male,1.84,66
18840,male,1.7,45
18841,female,1.6,71
18842,male,1.88,68
18843,female,1.56,60
18844,male,1.7,48
18845,female,1.7,47
18846,male,1.78,56
18847,female,1.65,73
18848,male,1.65,66
18849,male,1.9,42
18850,female,1.76,70
18851,male,1.76,54
18852,male,1.92,41
18853,female,1.58,70
18854,female,1.64,60
18855,male,1.65,84
18856,male,1.8,60
18857,female,1.5,77
18858,female,1.72,35
18859,female,1.7,70
18860,male,1.82,74
18861,male,1.82,58
18862,female,1.65,70
18863,female,1.6,74
18864,male,1.93,50
18865,female,1.64,63
18866,female,1.5,65
18867,female,1.5,60
18868,male,1.74,64
18869,male,1.86,76
18870,male,1.76,61
18871,female,1.68,76
18872,female,1.75,41
18873,female,1.5,69
18874,female,1.72,59
18875,male,1.73,67
18876,male,1.76,61
18877,male,1.56,54
18878,female,1.74,76
18879,female,1.67,61
18880,female,1.7,48
18881,male,1.78,30
18882,male,1.71,35
18883,male,1.76,58
18884,male,1.74,58
18885,female,1.68,64
18886,female,1.63,46
18887,male,1.7,45
18888,male,1.78,72
18889,female,1.65,65
18890,male,1.8,33
18891,female,1.63,68
18892,female,1.62,55
18893,female,1.62,69
18894,male,1.15,66
18895,male,1.9,49
18896,female,1.75,58
18897,female,1.56,65
18898,female,1.6,65
18899,female,1.62,70
18900,female,1.73,70
18901,female,1.68,69
18902,female,1.53,67
18903,male,1.8,81
18904,male,1.84,42
18905,female,1.67,42
18906,male,1.8,29
18907,female,1.58,78
18908,male,1.72,34
18909,female,1.56,73
18910,male,1.78,21
18911,female,1.62,64
18912,male,1.71,64
18913,male,1.67,70
18914,male,1.78,71
18915,male,1.65,80
18916,male,1.72,63
18917,male,1.68,48
18918,female,1.65,34
18919,female,1.65,48
18920,male,1.76,45
18921,female,1.58,64
18922,male,1.72,80
18923,female,1.68,64
18924,female,1.65,75
18925,male,1.95,20
18926,male,1.78,64
18927,male,1.83,51
18928,male,1.8,67
18929,female,1.63,56
18930,male,1.72,65
18931,male,1.75,49
18932,male,1.7,24
18933,female,1.64,83
18934,male,1.85,58
18935,male,1.72,68
18936,female,1.6,79
18937,male,1.78,43
18938,male,1.82,72
18939,male,1.84,45
18940,female,1.63,64
18941,female,1.67,90
18942,female,1.6,73
18943,female,1.65,69
18944,female,1.65,55
18945,male,1.8,66
18946,female,1.63,76
18947,male,1.72,57
18948,female,1.64,68
18949,female,1.8,83
18950,female,1.7,76
18951,male,1.72,73
18952,female,1.64,46
18953,male,1.78,69
18954,male,1.78,50
18955,male,1.64,72
18956,female,1.56,76
18957,female,1.56,58
18958,female,1.5,78
18959,female,1.67,82
18960,female,1.56,34
18961,female,1.78,34
18962,male,1.73,73
18963,male,1.72,70
18964,female,1.61,30
18965,male,1.76,57
18966,male,1.74,57
18967,female,1.58,46
18968,female,1.55,66
18969,male,1.69,45
18970,female,1.58,21
18971,male,1.73,59
18972,female,1.75,41
18973,male,1.84,72
18974,female,1.71,53
18975,female,1.58,66
18976,male,1.75,51
18977,female,1.65,52
18978,male,1.76,75
18979,female,1.58,57
18980,male,1.79,63
18981,male,1.8,67
18982,male,1.86,55
18983,male,1.7,80
18984,female,1.75,45
18985,female,1.6,63
18986,male,1.78,76
18987,male,1.78,46
18988,male,1.7,78
18989,male,1.77,74
18990,female,1.65,79
18991,male,1.82,70
18992,male,1.67,72
18993,female,1.65,76
18994,female,1.58,60
18995,male,1.78,69
18996,male,1.8,42
18997,female,1.75,48
18998,female,1.63,70
18999,male,1.96,69
19000,female,1.56,43
19001,female,1.62,71
19002,female,1.65,55
19003,male,1.9,18
19004,male,1.7,59
19005,male,1.73,60
19006,male,1.78,55
19007,female,1.6,51
19008,male,1.7,55
19009,male,1.7,70
19010,male,1.8,61
19011,male,1.83,60
19012,female,1.68,51
19013,female,1.6,87
19014,female,1.5,76
19015,female,1.6,94
19016,male,1.73,76
19017,male,1.7,21
19018,female,1.7,65
19019,female,1.55,58
19020,female,1.7,81
19021,male,1.65,58
19022,female,1.56,56
19023,male,1.82,68
19024,male,1.65,61
19025,male,1.68,69
19026,male,1.8,58
19027,male,1.82,48
19028,female,1.68,74
19029,male,1.83,36
19030,male,1.74,59
19031,female,1.55,60
19032,male,1.77,43
19033,female,1.64,54
19034,female,1.56,67
19035,female,1.72,64
19036,female,1.65,80
19037,female,1.6,71
19038,male,1.88,29
19039,female,1.64,52
19040,male,1.6,78
19041,male,1.72,70
19042,male,1.68,71
19043,male,1.7,59
19044,male,1.78,42
19045,male,1.8,71
19046,female,1.7,83
19047,male,1.76,73
19048,female,1.58,61
19049,male,1.78,50
19050,male,1.76,45
19051,male,1.8,53
19052,female,1.56,61
19053,male,1.79,66
19054,female,1.58,55
19055,male,1.7,70
19056,female,1.64,68
19057,female,1.52,49
19058,female,1.6,52
19059,male,1.8,60
19060,female,1.62,66
19061,female,1.56,64
19062,male,1.82,58
19063,male,1.81,53
19064,female,1.68,71
19065,male,1.74,69
19066,female,1.58,55
19067,male,1.91,64
19068,male,1.78,39
19069,female,1.63,57
19070,male,1.83,50
19071,female,1.65,74
19072,male,1.7,55
19073,male,1.9,39
19074,female,1.74,45
19075,male,1.8,66
19076,male,1.15,7
19077,male,1.74,56
19078,female,1.5,66
19079,male,1.78,48
19080,female,1.65,76
19081,female,1.7,71
19082,male,1.83,74
19083,male,1.71,65
19084,male,1.7,67
19085,male,1.76,68
19086,male,1.8,76
19087,male,1.72,70
19088,female,1.54,71
19089,male,1.76,57
19090,male,1.78,70
19091,male,1.75,42
19092,female,1.55,68
19093,female,1.55,80
19094,female,1.68,86
19095,female,1.52,71
19096,female,1.7,57
19097,female,1.55,72
19098,male,1.78,71
19099,female,1.76,50
19100,female,1.68,48
19101,female,1.68,31
19102,female,1.67,64
19103,male,1.65,68
19104,male,1.78,45
19105,male,1.68,56
19106,male,1.7,71
19107,female,1.64,72
19108,male,1.72,78
19109,male,1.72,57
19110,female,1.64,77
19111,male,1.72,81
19112,female,1.76,72
19113,female,1.73,44
19114,female,1.67,38
19115,male,1.7,82
19116,female,1.62,18
19117,male,1.76,69
19118,male,1.7,84
19119,male,1.86,68
19120,female,1.68,54
19121,female,1.63,50
19122,male,1.8,61
19123,female,1.69,67
19124,male,1.75,72
19125,male,1.8,59
19126,female,1.7,65
19127,female,1.59,57
19128,female,1.63,69
19129,female,1.6,63
19130,male,1.7,69
19131,female,1.58,61
19132,female,1.63,64
19133,female,1.6,28
19134,male,1.74,74
19135,female,1.6,68
19136,male,1.7,32
19137,female,1.76,31
19138,female,1.75,63
19139,female,1.6,37
19140,female,1.55,71
19141,male,1.78,44
19142,female,1.68,53
19143,male,1.75,65
19144,male,1.71,66
19145,female,1.55,72
19146,male,1.75,21
19147,male,1.76,51
19148,male,1.82,62
19149,female,1.65,55
19150,female,1.62,73
19151,female,1.63,49
19152,female,1.54,84
19153,male,1.8,39
19154,female,1.6,43
19155,male,1.77,67
19156,male,1.72,71
19157,male,1.73,61
19158,female,1.59,70
19159,female,1.6,66
19160,female,1.66,59
19161,male,1.7,64
19162,female,1.68,66
19163,female,1.65,72
19164,male,1.8,76
19165,male,1.07,54
19166,female,1.6,58
19167,male,1.72,66
19168,female,1.54,62
19169,male,1.94,45
19170,male,1.77,63
19171,male,1.79,53
19172,female,1.5,78
19173,female,1.64,33
19174,female,1.56,66
19175,female,1.68,51
19176,male,1.6,82
19177,female,1.72,65
19178,female,1.6,67
19179,female,1.5,70
19180,male,1.7,60
19181,female,1.7,35
19182,male,1.68,47
19183,male,1.85,63
19184,female,1.6,62
19185,male,1.7,52
19186,male,1.78,68
19187,male,1.8,54
19188,female,1.66,43
19189,male,1.91,43
19190,male,1.8,53
19191,female,1.74,59
19192,female,1.57,44
19193,female,1.62,59
19194,female,1.65,59
19195,male,1.85,49
19196,female,1.63,56
19197,male,1.75,64
19198,female,1.66,59
19199,male,1.82,51
19200,male,1.84,42
19201,male,1.7,41
19202,male,1.65,30
19203,male,1.8,44
19204,female,1.65,66
19205,female,1.65,70
19206,male,1.74,72
19207,female,1.74,51
19208,female,1.76,71
19209,male,1.65,65
19210,male,1.65,47
19211,female,1.6,58
19212,female,1.6,85
19213,male,1.78,64
19214,female,1.65,68
19215,male,1.89,47
19216,male,1.78,50
19217,female,1.58,50
19218,female,1.76,43
19219,male,1.79,44
19220,male,1.76,69
19221,female,1.77,31
19222,female,1.73,64
19223,male,1.82,69
19224,male,1.75,40
19225,male,1.68,25
19226,male,1.7,58
19227,male,1.87,44
19228,female,1.67,70
19229,female,1.67,47
19230,female,1.65,57
19231,male,1.4,9
19232,male,1.7,63
19233,male,1.87,66
19234,male,1.8,79
19235,male,1.82,53
19236,female,1.62,48
19237,female,1.7,46
19238,female,1.6,67
19239,female,1.72,53
19240,male,1.78,61
19241,male,1.88,54
19242,female,1.65,48
19243,female,1.6,76
19244,female,1.63,72
19245,female,1.76,54
19246,female,1.7,76
19247,female,1.68,49
19248,female,1.7,63
19249,male,1.75,61
19250,female,1.62,64
19251,female,1.6,33
19252,male,1.76,49
19253,female,1.65,86
19254,male,1.8,45
19255,female,1.65,66
19256,male,1.82,51
19257,female,1.54,48
19258,male,1.79,30
19259,male,1.86,48
19260,male,1.73,58
19261,male,1.86,43
19262,male,1.88,49
19263,female,1.65,73
19264,male,1.83,61
19265,female,1.65,80
19266,male,1.73,56
19267,male,1.7,41
19268,male,1.74,58
19269,female,1.55,82
19270,male,1.8,60
19271,female,0.57,72
19272,female,1.56,56
19273,female,1.7,59
19274,male,1.91,33
19275,female,1.55,58
19276,female,1.67,50
19277,male,1.75,32
19278,male,1.67,67
19279,female,1.7,47
19280,female,1.62,51
19281,female,1.5,64
19282,female,1.57,63
19283,female,1.56,43
19284,female,1.5,55
19285,male,1.8,65
19286,male,1.9,48
19287,female,1.58,59
19288,female,1.6,53
19289,male,1.73,57
19290,male,1.67,74
19291,female,1.64,64
19292,female,1.58,79
19293,female,1.5,71
19294,male,1.8,71
19295,female,1.6,43
19296,female,1.6,67
19297,male,1.78,67
19298,female,1.67,63
19299,male,1.76,33
19300,male,1.7,66
19301,female,1.58,69
19302,male,1.76,69
19303,female,1.6,41
19304,male,1.72,56
19305,male,1.77,48
19306,male,1.68,80
19307,male,1.74,45
19308,female,1.49,50
19309,male,1.93,38
19310,female,1.6,71
19311,female,1.52,65
19312,male,1.83,57
19313,male,1.7,71
19314,male,1.8,47
19315,female,1.5,83
19316,female,1.59,48
19317,male,1.75,52
19318,female,1.7,46
19319,male,1.79,55
19320,female,1.7,74
19321,female,1.7,70
19322,female,1.62,68
19323,male,1.78,54
19324,male,1.75,66
19325,female,1.6,79
19326,male,1.7,82
19327,female,1.65,39
19328,male,1.8,47
19329,male,1.7,54
19330,female,1.65,47
19331,female,1.58,80
19332,female,1.63,70
19333,female,1.58,77
19334,female,1.67,67
19335,female,1.67,37
19336,male,1.85,61
19337,male,1.77,74
19338,female,1.64,54
19339,male,1.8,64
19340,male,1.85,38
19341,male,1.6,58
19342,female,1.68,43
19343,female,1.58,18
19344,female,1.65,75
19345,female,1.5,72
19346,male,1.8,75
19347,male,1.76,47
19348,female,1.6,78
19349,male,1.7,58
19350,female,1.6,76
19351,female,1.72,54
19352,male,1.68,72
19353,female,1.68,59
19354,male,1.95,64
19355,female,1.67,67
19356,male,1.76,51
19357,female,1.7,76
19358,female,1.63,70
19359,male,1.8,52
19360,male,1.72,75
19361,female,1.6,78
19362,female,1.65,78
19363,female,1.62,51
19364,female,1.68,65
19365,female,1.58,73
19366,female,1.67,42
19367,male,1.75,80
19368,female,1.55,80
19369,male,1.8,55
19370,male,1.78,57
19371,male,1.83,53
19372,male,1.72,39
19373,male,1.65,60
19374,male,1.7,80
19375,female,1.58,25
19376,female,1.62,49
19377,male,1.85,58
19378,female,1.65,38
19379,female,1.65,37
19380,female,1.58,58
19381,female,1.55,56
19382,female,1.6,54
19383,male,1.69,67
19384,female,1.68,70
19385,male,1.73,84
19386,female,1.62,84
19387,male,1.86,61
19388,male,1.7,83
19389,male,1.65,54
19390,female,1.65,48
19391,female,1.68,66
19392,female,1.6,66
19393,female,1.54,67
19394,female,1.6,74
19395,female,1.58,33
19396,female,1.62,71
19397,male,1.73,22
19398,male,1.65,50
19399,female,1.63,52
19400,female,1.74,49
19401,male,1.75,62
19402,female,1.56,50
19403,male,1.64,79
19404,male,1.72,53
19405,female,1.6,68
19406,male,1.63,62
19407,female,1.65,76
19408,female,1.65,33
19409,female,1.8,65
19410,female,1.68,50
19411,female,1.6,32
19412,female,1.6,47
19413,female,1.75,31
19414,female,1.6,61
19415,female,1.54,68
19416,male,1.82,33
19417,male,1.72,51
19418,male,1.83,58
19419,male,1.75,61
19420,male,1.8,61
19421,male,1.78,65
19422,female,1.72,73
19423,female,1.56,82
19424,female,1.56,71
19425,female,1.6,61
19426,male,1.86,45
19427,female,1.68,58
19428,male,1.82,71
19429,female,1.58,81
19430,female,1.7,49
19431,male,1.79,43
19432,male,1.7,68
19433,female,1.63,54
19434,female,1.65,70
19435,male,1.75,72
19436,male,1.8,62
19437,male,1.75,43
19438,male,1.6,40
19439,male,1.8,58
19440,male,1.75,46
19441,male,1.78,32
19442,female,1.65,52
19443,male,1.85,47
19444,female,1.52,66
19445,male,1.87,78
19446,male,1.86,43
19447,female,1.67,46
19448,male,1.78,73
19449,female,1.51,63
19450,male,1.82,77
19451,male,1.78,65
19452,female,1.5,83
19453,male,1.76,75
19454,male,1.75,82
19455,male,1.67,67
19456,male,1.65,83
19457,female,1.61,65
19458,female,1.64,72
19459,female,1.56,72
19460,female,1.6,65
19461,female,1.6,69
19462,female,1.58,75
19463,female,1.58,56
19464,male,1.96,54
19465,male,1.84,70
19466,female,1.56,49
19467,male,2.0,39
19468,male,1.75,57
19469,male,1.91,38
19470,female,1.56,62
19471,female,1.64,67
19472,female,1.75,59
19473,male,1.7,63
19474,male,1.67,30
19475,male,1.76,69
19476,male,1.8,55
19477,female,1.51,81
19478,male,1.63,88
19479,female,1.58,58
19480,male,1.69,38
19481,male,1.72,75
19482,male,1.65,65
19483,male,1.75,57
19484,male,1.65,65
19485,female,1.64,48
19486,female,1.69,28
19487,male,1.78,74
19488,female,1.62,74
19489,female,1.67,66
19490,male,1.78,32
19491,male,1.72,59
19492,female,1.68,38
19493,female,1.6,73
19494,male,1.9,77
19495,male,1.63,49
19496,male,1.77,45
19497,male,1.73,72
19498,female,1.58,55
19499,female,1.58,33
19500,female,1.6,73
19501,male,1.73,63
19502,male,1.8,15
19503,female,1.6,44
19504,female,1.56,73
19505,female,1.73,72
19506,male,1.73,64
19507,female,1.6,37
19508,female,1.67,79
19509,male,1.76,67
19510,female,1.55,65
19511,female,1.65,55
19512,male,1.75,71
19513,female,1.6,68
19514,male,1.67,72
19515,female,1.45,64
19516,female,1.65,55
19517,male,1.7,67
19518,female,1.75,51
19519,female,1.55,74
19520,female,1.6,70
19521,female,1.5,34
19522,male,1.7,74
19523,male,1.74,68
19524,male,1.75,68
19525,male,1.76,50
19526,female,1.56,62
19527,male,1.67,55
19528,male,1.8,48
19529,male,1.9,61
19530,female,1.5,72
19531,female,1.6,78
19532,female,1.64,37
19533,male,1.6,75
19534,male,1.73,77
19535,female,1.65,68
19536,male,1.8,74
19537,female,1.6,70
19538,female,1.65,66
19539,male,1.9,46
19540,female,1.68,64
19541,male,1.38,53
19542,female,1.56,76
19543,male,1.82,66
19544,male,1.68,33
19545,female,1.67,76
19546,male,1.63,71
19547,male,1.76,78
19548,male,1.82,57
19549,male,1.75,63
19550,female,1.63,80
19551,female,1.68,51
19552,female,1.58,75
19553,female,1.65,52
19554,male,1.82,74
19555,male,1.69,66
19556,female,1.58,74
19557,male,1.85,19
19558,female,1.6,68
19559,female,1.85,54
19560,male,1.8,54
19561,male,1.53,67
19562,male,1.75,82
19563,female,1.6,65
19564,male,1.75,71
19565,female,1.64,60
19566,female,1.7,50
19567,male,1.6,65
19568,male,1.72,71
19569,female,1.62,72
19570,female,1.58,49
19571,male,1.7,52
19572,female,1.6,61
19573,female,1.58,46
19574,female,1.73,55
19575,male,1.9,46
19576,female,1.65,76
19577,male,1.69,75
19578,male,1.76,61
19579,male,1.69,61
19580,female,1.52,70
19581,female,1.65,45
19582,female,1.78,70
19583,male,1.86,46
19584,male,1.65,56
19585,male,1.75,54
19586,female,1.7,27
19587,male,1.88,27
19588,female,1.72,67
19589,female,1.75,91
19590,male,1.75,77
19591,male,1.7,68
19592,male,1.76,57
19593,male,1.68,75
19594,female,1.69,69
19595,male,1.83,39
19596,female,1.55,62
19597,male,1.7,68
19598,female,1.7,36
19599,female,1.68,40
19600,male,1.69,69
19601,female,1.68,75
19602,female,1.68,67
19603,female,1.55,89
19604,male,1.76,58
19605,male,1.72,65
19606,male,1.9,51
19607,male,1.81,68
19608,female,1.65,50
19609,female,1.62,62
19610,male,1.27,27
19611,female,1.64,61
19612,female,1.63,25
19613,female,1.64,71
19614,female,1.58,76
19615,male,1.73,77
19616,male,1.78,40
19617,female,1.68,66
19618,female,1.62,60
19619,female,1.5,64
19620,female,1.7,45
19621,male,1.89,51
19622,female,1.64,50
19623,male,1.75,79
19624,male,1.85,62
19625,female,1.6,63
19626,female,1.62,79
19627,female,1.6,61
19628,female,1.78,42
19629,male,1.8,62
19630,female,1.58,61
19631,female,1.49,78
19632,male,1.78,85
19633,female,1.58,54
19634,female,1.16,5
19635,male,1.65,80
19636,male,1.7,73
19637,female,1.68,80
19638,male,1.82,69
19639,male,1.87,51
19640,female,1.6,48
19641,female,1.59,42
19642,male,1.74,39
19643,male,1.7,87
19644,female,1.63,68
19645,female,1.6,61
19646,female,1.63,29
19647,female,1.63,67
19648,female,1.58,64
19649,female,1.64,58
19650,male,1.7,43
19651,male,1.73,72
19652,male,1.95,52
19653,female,1.67,62
19654,male,1.8,38
19655,female,1.65,68
19656,male,1.76,72
19657,female,1.66,35
19658,female,1.69,35
19659,female,1.64,56
19660,male,1.9,48
19661,male,1.74,54
19662,male,1.8,64
19663,male,1.56,63
19664,male,1.67,69
19665,male,1.82,41
19666,female,1.58,44
19667,male,1.94,51
19668,male,1.72,65
19669,female,1.61,58
19670,male,1.7,71
19671,female,1.66,59
19672,male,1.72,58
19673,male,1.67,66
19674,male,1.72,45
19675,male,1.95,35
19676,female,1.63,55
19677,female,1.75,62
19678,male,1.67,59
19679,male,1.62,47
19680,female,1.6,71
19681,male,1.79,35
19682,male,1.8,50
19683,female,1.65,66
19684,male,1.71,65
19685,female,1.6,70
19686,female,1.65,60
19687,male,1.73,37
19688,male,1.72,61
19689,male,1.7,87
19690,female,1.6,63
19691,male,1.67,67
19692,male,1.8,47
19693,female,1.74,53
19694,female,1.52,76
19695,male,1.75,83
19696,male,1.72,63
19697,male,1.79,22
19698,male,1.65,72
19699,male,1.84,57
19700,female,1.68,21
19701,male,1.7,61
19702,male,1.7,64
19703,male,1.75,50
19704,female,1.63,40
19705,male,1.77,85
19706,male,1.87,71
19707,male,1.6,54
19708,female,1.68,78
19709,male,1.78,64
19710,male,1.87,42
19711,male,1.72,27
19712,female,1.76,30
19713,male,1.65,54
19714,male,1.8,78
19715,female,1.65,55
19716,female,1.65,49
19717,female,1.76,38
19718,female,1.6,76
19719,female,1.74,37
19720,male,1.65,53
19721,male,1.78,71
19722,female,1.6,59
19723,male,1.75,64
19724,female,1.7,69
19725,male,1.68,75
19726,male,1.67,53
19727,male,1.9,48
19728,female,1.55,64
19729,female,1.65,35
19730,male,1.75,63
19731,female,1.54,63
19732,female,1.55,60
19733,male,1.72,63
19734,male,1.64,62
19735,female,1.56,68
19736,female,1.62,49
19737,male,1.83,76
19738,female,1.58,65
19739,female,1.75,42
19740,female,1.76,57
19741,male,1.65,53
19742,male,1.7,78
19743,female,1.65,60
19744,female,1.55,76
19745,female,1.76,44
19746,female,1.64,61
19747,female,1.58,65
19748,female,1.62,50
19749,male,1.7,21
19750,male,1.65,52
19751,male,1.88,50
19752,male,1.73,37
19753,female,1.76,44
19754,female,1.73,31
19755,female,1.62,73
19756,female,1.65,41
19757,male,1.87,41
19758,female,1.7,46
19759,female,1.65,78
19760,female,1.59,35
19761,male,1.76,60
19762,female,1.65,72
19763,male,1.86,45
19764,male,1.8,80
19765,male,1.75,40
19766,male,1.81,65
19767,female,1.7,47
19768,female,1.71,33
19769,female,1.78,46
19770,female,1.55,77
19771,female,1.74,61
19772,male,1.9,26
19773,female,1.51,70
19774,male,1.8,72
19775,female,1.6,63
19776,male,1.82,44
19777,male,1.73,72
19778,female,1.68,25
19779,male,1.65,59
19780,female,1.56,56
19781,male,1.8,57
19782,male,1.86,45
19783,male,1.72,72
19784,male,1.71,42
19785,male,1.65,62
19786,male,1.77,67
19787,female,1.69,39
19788,female,1.55,63
19789,male,1.82,50
19790,female,1.63,47
19791,male,1.75,78
19792,male,1.78,68
19793,male,1.86,25
19794,male,1.68,64
19795,female,1.65,41
19796,female,1.58,84
19797,female,1.6,74
19798,female,1.65,68
19799,male,1.74,57
19800,female,1.62,71
19801,female,1.73,51
19802,female,1.68,52
19803,male,1.7,52
19804,male,1.7,43
19805,male,1.78,68
19806,male,17.78,59
19807,female,1.5,70
19808,female,1.6,39
19809,male,1.6,61
19810,male,1.82,69
19811,female,1.73,44
19812,female,1.73,14
19813,female,1.6,92
19814,female,1.65,64
19815,female,1.56,74
19816,female,1.5,65
19817,female,1.63,64
19818,male,1.83,45
19819,male,1.75,75
19820,male,1.8,57
19821,female,1.62,47
19822,female,1.5,76
19823,male,1.68,88
19824,female,1.63,60
19825,male,1.78,64
19826,female,1.57,65
19827,female,1.6,81
19828,female,1.6,54
19829,male,1.85,36
19830,female,1.64,64
19831,female,1.7,81
19832,male,1.78,66
19833,male,1.8,62
19834,male,1.82,38
19835,male,1.85,60
19836,male,1.87,64
19837,male,1.04,71
19838,male,1.65,77
19839,male,1.72,62
19840,male,1.72,72
19841,female,1.61,36
19842,male,1.69,40
19843,female,1.7,63
19844,female,1.58,63
19845,male,2.0,59
19846,male,1.75,65
19847,female,1.64,69
19848,female,1.56,12
19849,female,1.63,50
19850,male,1.74,80
19851,female,1.6,68
19852,female,1.58,52
19853,male,1.74,72
19854,female,1.78,57
19855,male,1.65,67
19856,female,1.55,66
19857,male,1.68,51
19858,female,1.58,52
19859,female,1.7,45
19860,male,1.7,57
19861,female,1.55,48
19862,female,1.7,43
19863,male,1.74,64
19864,male,1.7,68
19865,female,1.68,70
19866,male,1.67,71
19867,female,1.73,60
19868,female,1.65,49
19869,female,1.6,75
19870,female,1.58,62
19871,female,1.6,64
19872,female,1.6,45
19873,male,1.75,35
19874,male,1.83,69
19875,female,1.58,68
19876,male,1.82,53
19877,male,1.8,32
19878,female,1.6,70
19879,male,1.75,56
19880,male,1.6,50
19881,female,1.7,50
19882,male,1.74,72
19883,male,1.7,67
19884,female,1.6,53
19885,male,1.85,60
19886,female,1.64,40
19887,female,1.67,82
19888,male,1.75,71
19889,male,1.75,61
19890,female,1.74,43
19891,female,1.64,60
19892,female,1.6,63
19893,female,1.76,36
19894,female,1.65,47
19895,male,1.8,42
19896,male,1.75,62
19897,male,1.76,53
19898,male,1.73,48
19899,male,1.8,57
19900,female,1.65,64
19901,female,1.55,67
19902,female,1.66,62
19903,female,1.64,46
19904,female,1.62,32
19905,male,1.79,68
19906,female,1.6,62
19907,male,1.62,60
19908,female,1.5,86
19909,female,1.75,67
19910,female,1.62,79
19911,male,1.7,74
19912,male,1.74,65
19913,male,1.78,78
19914,male,1.8,74
19915,male,1.78,61
19916,female,1.56,24
19917,female,1.58,63
19918,female,1.65,69
19919,female,1.56,69
19920,male,1.72,70
19921,male,1.1,31
19922,female,1.75,46
19923,female,1.64,63
19924,female,1.58,80
19925,female,1.64,67
19926,male,1.79,66
19927,female,1.6,39
19928,male,1.73,63
19929,male,1.7,52
19930,female,1.67,34
19931,female,1.52,66
19932,female,1.67,60
19933,female,1.55,60
19934,male,1.65,35
19935,male,1.82,64
19936,male,1.7,65
19937,male,1.79,60
19938,female,1.65,59
19939,female,1.5,64
19940,male,1.76,72
19941,female,1.6,63
19942,female,1.62,58
19943,female,1.64,63
19944,female,1.6,59
19945,female,1.62,55
19946,female,1.7,45
19947,male,1.6,42
19948,male,1.7,49
19949,male,1.82,64
19950,male,1.7,58
19951,male,1.7,45
19952,female,1.62,74
19953,female,1.55,63
19954,male,1.74,61
19955,female,1.45,52
19956,female,1.65,79
19957,female,1.65,60
19958,female,1.57,79
19959,male,1.7,46
19960,female,1.65,77
19961,female,1.68,43
19962,female,1.68,71
19963,female,1.64,61
19964,female,1.5,87
19965,female,1.6,78
19966,male,1.7,62
19967,male,1.8,74
19968,female,1.78,49
19969,female,1.5,86
19970,female,1.64,66
19971,female,1.58,66
19972,female,1.53,82
19973,male,1.73,68
19974,female,1.72,48
19975,male,1.78,69
19976,male,1.7,74
19977,female,1.7,51
19978,male,1.7,74
19979,female,1.5,84
19980,male,1.76,69
19981,female,1.7,59
19982,female,1.68,68
19983,male,1.83,56
19984,female,1.75,63
19985,male,1.68,64
19986,female,1.53,79
19987,male,1.8,58
19988,male,1.8,76
19989,male,1.85,74
19990,male,1.7,66
19991,male,1.7,77
19992,female,1.64,63
19993,male,1.81,37
19994,female,1.65,62
19995,male,1.75,63
19996,male,1.72,72
19997,male,1.72,73
19998,female,1.62,31
19999,female,1.57,63
20000,male,1.65,65
20001,female,1.55,39
20002,male,1.82,56
20003,female,1.65,66
20004,male,1.84,48
20005,male,1.8,56
20006,female,1.63,60
20007,female,1.52,58
20008,male,1.8,79
20009,male,1.81,42
20010,female,1.7,44
20011,male,1.88,63
20012,male,1.6,43
20013,male,1.72,77
20014,female,1.58,47
20015,male,1.9,61
20016,female,1.76,93
20017,male,1.7,57
20018,male,1.67,57
20019,male,1.87,50
20020,male,1.76,67
20021,female,1.7,43
20022,female,1.68,76
20023,female,1.62,77
20024,female,1.54,78
20025,male,1.7,70
20026,male,1.83,65
20027,male,1.87,56
20028,female,1.7,43
20029,male,1.67,42
20030,male,1.7,74
20031,male,1.62,83
20032,female,1.7,73
20033,male,1.95,56
20034,female,1.6,53
20035,male,1.82,62
20036,male,1.8,71
20037,male,1.87,39
20038,male,1.76,61
20039,female,1.58,77
20040,male,1.79,57
20041,female,1.64,20
20042,female,1.68,66
20043,female,1.7,72
20044,female,1.5,70
20045,male,1.83,67
20046,male,1.72,71
20047,male,1.74,62
20048,female,1.56,77
20049,male,1.98,22
20050,female,1.67,66
20051,male,1.75,70
20052,female,1.62,62
20053,female,1.52,13
20054,male,1.7,63
20055,female,1.62,53
20056,female,1.52,62
20057,female,1.62,70
20058,female,1.67,68
20059,male,1.77,66
20060,female,1.67,66
20061,male,1.8,83
20062,male,1.75,57
20063,female,1.6,75
20064,female,1.55,62
20065,female,1.58,63
20066,female,1.62,54
20067,female,1.52,66
20068,male,1.7,57
20069,female,1.6,91
20070,female,1.6,53
20071,female,1.6,69
20072,male,1.78,72
20073,male,1.75,71
20074,male,1.73,80
20075,female,1.7,55
20076,male,1.75,78
20077,female,1.5,63
20078,male,1.73,53
20079,female,1.65,47
20080,male,1.68,68
20081,male,1.84,72
20082,male,1.96,35
20083,female,1.58,76
20084,female,1.63,75
20085,male,1.65,59
20086,female,1.65,65
20087,male,1.73,75
20088,female,1.64,60
20089,female,1.58,62
20090,female,1.64,47
20091,male,1.79,76
20092,female,1.7,59
20093,male,1.68,61
20094,female,1.62,79
20095,male,1.56,78
20096,female,1.62,64
20097,female,1.67,59
20098,female,1.5,72
20099,female,1.65,76
20100,male,1.76,73
20101,male,1.7,83
20102,male,1.7,54
20103,female,1.54,35
20104,female,1.65,35
20105,male,1.66,84
20106,female,1.66,73
20107,female,1.5,80
20108,female,1.65,68
20109,female,1.68,63
20110,female,1.56,67
20111,male,1.76,56
20112,male,1.83,82
20113,male,1.5,78
20114,female,1.69,68
20115,female,1.55,63
20116,female,1.63,78
20117,male,1.68,44
20118,male,1.8,77
20119,female,1.7,49
20120,female,1.63,25
20121,male,1.65,74
20122,female,1.56,94
20123,male,1.8,28
20124,female,1.72,44
20125,male,1.65,40
20126,female,1.6,50
20127,female,1.52,65
20128,male,1.68,70
20129,male,1.68,72
20130,male,1.83,64
20131,male,1.75,67
20132,male,1.93,37
20133,male,1.75,31
20134,male,1.65,55
20135,female,1.69,20
20136,female,1.7,43
20137,female,1.5,66
20138,female,1.64,61
20139,female,1.64,69
20140,female,1.62,81
20141,male,1.82,46
20142,male,1.85,68
20143,female,1.65,36
20144,female,1.54,72
20145,male,1.7,70
20146,female,1.65,55
20147,female,1.53,73
20148,female,1.74,40
20149,female,1.55,69
20150,female,1.68,78
20151,male,1.75,61
20152,male,1.83,20
20153,male,1.6,67
20154,male,1.72,43
20155,male,1.73,68
20156,female,1.7,47
20157,male,1.82,87
20158,female,1.76,79
20159,female,1.53,62
20160,female,1.65,89
20161,male,1.74,60
20162,male,1.83,37
20163,female,1.6,81
20164,male,1.7,56
20165,female,1.7,60
20166,male,1.83,21
20167,male,1.77,52
20168,female,1.62,71
20169,male,1.75,45
20170,female,1.65,83
20171,female,1.6,45
20172,male,1.68,62
20173,female,1.6,54
20174,male,1.58,64
20175,female,1.83,33
20176,female,1.67,45
20177,male,1.68,64
20178,female,1.7,49
20179,male,1.67,72
20180,male,1.69,72
20181,male,1.8,64
20182,female,1.74,71
20183,female,1.73,58
20184,female,1.65,56
20185,male,1.89,18
20186,female,1.65,45
20187,female,1.7,61
20188,female,1.65,33
20189,male,1.7,65
20190,female,1.75,59
20191,female,1.62,66
20192,male,1.82,30
20193,male,1.86,53
20194,male,1.73,55
20195,female,1.64,66
20196,female,1.72,73
20197,male,1.82,34
20198,female,1.52,63
20199,female,1.56,64
20200,female,1.56,41
20201,female,1.6,66
20202,male,1.75,65
20203,male,1.8,69
20204,male,1.76,52
20205,male,1.73,46
20206,female,1.72,65
20207,male,1.72,54
20208,male,1.72,46
20209,female,1.65,77
20210,female,1.65,68
20211,male,1.81,55
20212,female,1.65,61
20213,female,1.6,68
20214,female,1.53,73
20215,female,1.65,64
20216,female,1.5,72
20217,female,1.55,53
20218,male,1.8,79
20219,female,1.6,71
20220,male,1.75,52
20221,female,1.75,58
20222,male,1.76,71
20223,female,1.6,67
20224,male,1.77,63
20225,male,1.75,65
20226,male,1.76,49
20227,female,1.64,67
20228,male,1.79,56
20229,male,1.7,68
20230,male,1.67,57
20231,male,1.65,62
20232,female,1.64,41
20233,male,1.7,83
20234,female,1.53,73
20235,male,1.8,55
20236,male,1.7,54
20237,female,1.5,70
20238,female,1.63,76
20239,female,1.75,55
20240,female,1.6,60
20241,female,1.65,70
20242,male,1.79,52
20243,male,1.65,19
20244,male,1.71,71
20245,male,1.81,59
20246,female,1.55,84
20247,female,1.64,66
20248,male,1.76,46
20249,female,1.6,73
20250,female,1.65,41
20251,male,1.66,70
20252,female,1.65,46
20253,female,1.58,31
20254,female,1.5,75
20255,female,1.51,71
20256,male,1.73,86
20257,male,1.72,77
20258,female,1.58,83
20259,male,1.8,74
20260,female,1.68,60
20261,male,1.78,66
20262,female,1.75,43
20263,female,1.67,65
20264,male,1.8,73
20265,female,1.58,63
20266,female,1.62,62
20267,male,1.76,65
20268,female,1.58,58
20269,female,1.55,76
20270,male,1.83,47
20271,male,1.81,65
20272,female,1.75,67
20273,male,1.95,56
20274,female,1.45,47
20275,female,1.6,73
20276,male,1.71,75
20277,male,1.72,75
20278,male,1.85,53
20279,male,1.72,66
20280,female,1.59,87
20281,female,1.7,61
20282,female,1.55,64
20283,female,1.69,38
20284,female,1.69,67
20285,female,1.65,61
20286,female,1.58,69
20287,male,1.93,59
20288,male,1.78,52
20289,male,1.91,65
20290,female,1.6,69
20291,male,1.75,72
20292,female,1.67,40
20293,female,1.52,66
20294,female,1.67,75
20295,male,1.66,72
20296,male,1.84,38
20297,male,1.67,76
20298,female,1.68,45
20299,male,1.75,65
20300,male,1.78,73
20301,female,1.6,82
20302,female,1.68,72
20303,female,1.7,72
20304,male,1.74,68
20305,male,1.66,67
20306,male,1.63,45
20307,male,1.77,41
20308,female,1.68,60
20309,female,1.67,68
20310,female,1.63,61
20311,male,1.64,78
20312,male,1.57,58
20313,male,1.7,46
20314,female,1.62,44
20315,female,1.79,43
20316,female,1.58,62
20317,female,1.6,90
20318,female,1.5,46
20319,female,1.64,64
20320,male,1.86,50
20321,female,1.62,68
20322,male,1.7,65
20323,male,1.68,76
20324,female,1.6,25
20325,female,1.65,69
20326,female,1.53,65
20327,male,1.69,77
20328,female,1.44,68
20329,female,1.7,70
20330,female,1.67,45
20331,female,1.62,68
20332,male,1.66,68
20333,female,1.45,62
20334,male,1.8,71
20335,male,1.83,55
20336,female,1.66,48
20337,female,1.64,62
20338,female,1.56,67
20339,female,1.56,79
20340,female,1.74,69
20341,female,1.68,34
20342,female,1.67,48
20343,male,1.78,45
20344,female,1.64,50
20345,female,1.75,48
20346,female,1.6,40
20347,female,1.75,43
20348,female,1.7,68
20349,female,1.63,41
20350,male,1.72,65
20351,male,1.86,45
20352,male,1.72,54
20353,female,1.62,59
20354,female,1.67,65
20355,female,1.65,58
20356,male,1.73,75
20357,male,1.68,85
20358,female,1.52,85
20359,female,1.65,68
20360,female,1.69,78
20361,male,1.74,72
20362,male,1.6,75
20363,female,1.5,81
20364,female,1.74,53
20365,male,1.65,86
20366,male,1.84,87
20367,male,1.7,73
20368,male,1.89,37
20369,male,1.85,32
20370,male,1.7,43
20371,female,1.7,82
20372,female,1.5,65
20373,female,1.67,65
20374,female,1.5,72
20375,male,1.78,49
20376,male,1.92,39
20377,male,1.72,69
20378,female,1.58,72
20379,female,1.63,72
20380,male,1.73,68
20381,female,1.72,76
20382,male,1.81,65
20383,female,1.7,66
20384,female,1.58,43
20385,female,1.63,73
20386,male,1.75,61
20387,female,1.69,67
20388,female,1.52,69
20389,male,1.7,78
20390,female,1.56,54
20391,female,1.55,54
20392,male,1.65,84
20393,female,1.57,71
20394,male,1.75,65
20395,male,1.63,80
20396,female,1.6,76
20397,male,1.65,63
20398,male,1.8,83
20399,female,1.6,72
20400,male,1.75,67
20401,female,1.65,72
20402,female,1.67,83
20403,female,1.64,68
20404,female,1.55,56
20405,male,1.78,46
20406,male,1.87,60
20407,female,1.7,71
20408,male,1.7,87
20409,male,1.78,61
20410,male,1.67,67
20411,female,1.67,50
20412,male,1.71,72
20413,female,1.65,57
20414,male,1.8,63
20415,female,1.56,61
20416,male,1.75,63
20417,male,1.75,60
20418,male,1.76,66
20419,male,1.75,63
20420,female,1.54,44
20421,female,1.52,83
20422,female,1.7,54
20423,female,1.56,54
20424,male,1.76,73
20425,female,1.67,48
20426,male,1.65,84
20427,male,1.83,74
20428,female,1.71,66
20429,female,1.64,71
20430,female,1.56,47
20431,female,1.6,80
20432,female,1.6,73
20433,male,1.75,65
20434,male,1.75,46
20435,female,1.72,59
20436,male,1.76,55
20437,female,1.6,64
20438,female,1.62,49
20439,female,1.58,54
20440,female,1.63,69
20441,female,1.65,42
20442,male,1.64,57
20443,female,1.55,54
20444,female,1.55,41
20445,male,1.75,81
20446,male,1.8,44
20447,male,1.92,56
20448,female,1.56,86
20449,male,1.85,57
20450,female,1.64,66
20451,female,1.78,45
20452,male,1.75,49
20453,male,1.78,52
20454,male,1.72,72
20455,female,1.54,90
20456,female,1.65,89
20457,male,1.68,72
20458,male,1.68,68
20459,male,1.74,58
20460,male,1.7,66
20461,female,1.63,80
20462,female,1.64,67
20463,male,1.75,70
20464,male,1.75,26
20465,female,1.5,61
20466,male,1.65,64
20467,female,1.65,67
20468,male,1.8,24
20469,male,1.78,51
20470,female,1.56,36
20471,female,1.76,28
20472,female,1.58,73
20473,female,1.69,77
20474,female,1.7,71
20475,female,1.65,70
20476,male,1.76,55
20477,female,1.64,66
20478,male,1.7,54
20479,female,1.7,65
20480,male,1.65,51
20481,male,1.76,63
20482,male,1.9,42
20483,female,1.6,48
20484,female,1.58,61
20485,female,1.68,53
20486,male,1.76,34
20487,female,1.56,67
20488,male,1.78,66
20489,female,1.75,85
20490,female,1.5,61
20491,male,1.65,68
20492,male,1.65,65
20493,male,1.75,24
20494,female,1.6,91
20495,male,1.65,66
20496,female,1.62,61
20497,female,1.62,70
20498,male,1.74,47
20499,male,1.73,58
20500,male,1.72,65
20501,male,1.8,78
20502,female,1.5,71
20503,female,1.57,81
20504,male,1.85,79
20505,male,1.72,73
20506,female,1.56,75
20507,female,1.68,68
20508,female,1.67,21
20509,female,1.72,71
20510,male,1.7,66
20511,female,1.62,83
20512,female,1.6,66
20513,female,1.59,68
20514,male,1.86,75
20515,male,1.77,64
20516,female,1.66,48
20517,female,1.52,72
20518,male,1.56,84
20519,male,1.68,83
20520,male,1.8,62
20521,female,1.58,62
20522,male,1.85,71
20523,female,1.55,77
20524,female,1.63,73
20525,male,1.75,71
20526,male,1.78,67
20527,male,1.78,44
20528,female,1.7,55
20529,female,1.61,62
20530,female,1.62,44
20531,female,1.6,35
20532,female,1.65,85
20533,male,1.78,50
20534,female,1.68,70
20535,male,1.68,72
20536,female,1.81,14
20537,female,1.67,45
20538,female,1.52,85
20539,male,1.76,66
20540,female,1.57,69
20541,male,1.72,14
20542,female,1.6,80
20543,male,1.85,62
20544,male,1.83,44
20545,male,1.75,45
20546,male,1.66,65
20547,male,1.84,51
20548,male,1.73,45
20549,female,1.63,67
20550,male,1.85,54
20551,female,1.68,49
20552,male,1.73,79
20553,female,1.64,57
20554,male,1.85,68
20555,male,1.83,51
20556,female,1.6,51
20557,male,1.86,50
20558,female,1.58,56
20559,female,1.58,58
20560,female,1.5,83
20561,male,1.72,70
20562,male,1.79,53
20563,male,1.68,72
20564,male,1.75,50
20565,female,1.6,91
20566,male,1.65,63
20567,female,1.65,80
20568,male,1.67,69
20569,female,1.58,60
20570,male,1.8,40
20571,female,1.55,88
20572,female,1.58,65
20573,male,1.6,58
20574,female,1.58,61
20575,male,1.8,54
20576,male,1.82,62
20577,female,1.63,84
20578,male,1.8,83
20579,male,1.83,67
20580,male,1.88,43
20581,female,1.55,77
20582,female,1.75,80
20583,male,1.7,55
20584,female,1.64,69
20585,male,1.8,19
20586,female,1.6,75
20587,male,1.88,59
20588,female,1.45,67
20589,female,1.66,67
20590,female,1.5,70
20591,male,1.64,62
20592,female,1.62,72
20593,female,1.54,57
20594,female,1.6,43
20595,male,1.73,64
20596,male,1.7,79
20597,male,1.65,84
20598,female,1.68,29
20599,male,1.75,68
20600,female,1.67,55
20601,female,1.6,62
20602,female,1.58,72
20603,male,1.8,77
20604,female,1.67,54
20605,female,1.65,51
20606,female,1.61,55
20607,male,1.73,65
20608,male,1.75,50
20609,female,1.62,39
20610,female,1.72,70
20611,female,1.66,46
20612,female,1.6,66
20613,female,1.64,63
20614,male,1.73,65
20615,female,1.72,58
20616,female,1.6,53
20617,male,1.9,59
20618,male,1.68,74
20619,female,1.55,82
20620,female,1.7,59
20621,male,1.73,64
20622,female,1.7,21
20623,female,1.54,75
20624,male,1.75,61
20625,male,1.73,71
20626,male,1.72,54
20627,male,1.7,59
20628,female,1.64,72
20629,male,1.65,53
20630,female,1.65,73
20631,female,1.56,59
20632,male,1.68,68
20633,female,1.65,55
20634,male,1.71,65
20635,female,1.76,53
20636,male,1.75,39
20637,male,1.8,67
20638,male,1.75,77
20639,male,1.74,83
20640,male,1.73,62
20641,male,1.75,77
20642,female,1.68,69
20643,male,1.7,57
20644,female,1.55,63
20645,female,1.6,70
20646,female,1.68,69
20647,female,1.67,61
20648,female,1.6,33
20649,female,1.52,50
20650,male,1.8,62
20651,female,1.6,71
20652,female,1.52,41
20653,male,1.75,67
20654,male,1.65,71
20655,male,1.75,71
20656,female,1.68,66
20657,female,1.68,75
20658,female,1.58,38
20659,female,1.63,60
20660,female,1.67,59
20661,female,1.67,50
20662,female,1.57,68
20663,male,1.7,73
20664,male,1.68,35
20665,female,1.68,49
20666,female,1.54,75
20667,female,1.55,71
20668,male,1.76,35
20669,female,1.64,67
20670,female,1.63,82
20671,female,1.56,65
20672,male,1.86,56
20673,male,1.7,46
20674,male,1.72,63
20675,male,1.74,47
20676,female,1.5,74
20677,female,1.63,76
20678,male,1.65,71
20679,female,1.68,48
20680,male,1.82,48
20681,male,1.82,48
20682,female,1.64,76
20683,female,1.6,70
20684,male,1.88,56
20685,male,1.76,66
20686,female,1.56,64
20687,female,1.72,59
20688,female,1.62,74
20689,male,1.6,65
20690,female,1.63,68
20691,male,1.75,75
20692,male,1.72,42
20693,female,1.68,57
20694,female,1.64,79
20695,male,1.83,20
20696,female,1.67,55
20697,female,1.68,76
20698,female,1.72,39
20699,male,1.68,38
20700,female,1.5,77
20701,female,1.68,69
20702,female,1.6,44
20703,female,1.7,54
20704,male,1.74,76
20705,female,1.5,77
20706,male,1.76,39
20707,male,1.76,63
20708,female,1.76,51
20709,female,1.52,55
20710,male,1.75,64
20711,female,1.58,71
20712,male,1.6,65
20713,female,1.64,61
20714,male,1.65,72
20715,male,1.83,60
20716,male,1.8,56
20717,male,1.7,81
20718,female,1.68,65
20719,male,1.72,55
20720,female,1.5,57
20721,male,1.75,61
20722,female,1.57,61
20723,male,1.78,74
20724,male,1.64,52
20725,female,1.65,66
20726,female,1.6,64
20727,female,1.55,67
20728,female,1.55,71
20729,female,1.6,73
20730,female,1.58,66
20731,male,1.7,75
20732,female,1.65,67
20733,female,1.67,63
20734,female,1.75,44
20735,female,1.7,66
20736,male,1.74,82
20737,male,1.65,54
20738,female,1.64,45
20739,female,1.65,78
20740,male,1.82,65
20741,male,1.4,68
20742,male,1.82,58
20743,female,1.6,47
20744,female,1.62,69
20745,female,1.54,67
20746,female,1.6,58
20747,female,1.53,71
20748,female,1.65,55
20749,male,1.83,71
20750,male,1.83,59
20751,female,1.64,83
20752,female,1.7,34
20753,male,1.67,72
20754,female,1.6,65
20755,female,1.68,71
20756,female,1.7,65
20757,female,1.67,33
20758,female,1.65,58
20759,female,1.74,74
20760,female,1.72,39
20761,male,1.67,60
20762,female,1.68,54
20763,male,1.71,60
20764,male,1.75,93
20765,female,1.65,71
20766,male,1.72,73
20767,male,1.8,63
20768,male,1.8,63
20769,female,1.68,44
20770,male,1.78,64
20771,female,1.6,60
20772,male,1.72,65
20773,male,1.84,58
20774,male,1.73,82
20775,male,1.75,28
20776,female,1.6,35
20777,female,1.55,68
20778,female,1.6,59
20779,female,1.6,56
20780,male,1.7,87
20781,male,1.88,59
20782,male,1.5,37
20783,female,1.55,60
20784,male,1.65,72
20785,female,1.7,63
20786,male,1.73,71
20787,female,1.5,73
20788,female,1.7,65
20789,male,1.8,61
20790,male,1.72,67
20791,male,1.66,54
20792,female,1.66,62
20793,male,1.63,52
20794,male,1.78,57
20795,female,1.7,38
20796,female,1.6,52
20797,female,1.57,61
20798,male,1.8,46
20799,male,1.78,23
20800,male,1.7,58
20801,male,1.85,19
20802,female,1.6,69
20803,female,1.58,65
20804,female,1.6,72
20805,female,1.59,67
20806,female,1.6,89
20807,male,1.76,44
20808,male,1.73,65
20809,female,1.58,64
20810,female,1.66,26
20811,female,1.67,66
20812,female,1.6,56
20813,female,1.63,61
20814,male,1.75,68
20815,male,1.8,53
20816,male,1.65,70
20817,female,1.63,48
20818,female,1.6,65
20819,female,1.75,64
20820,male,1.72,77
20821,female,1.7,60
20822,female,1.6,55
20823,female,1.6,82
20824,female,1.66,72
20825,male,1.7,76
20826,male,1.76,83
20827,female,1.5,84
20828,male,1.55,81
20829,male,1.92,34
20830,female,1.6,54
20831,female,1.75,46
20832,male,1.84,68
20833,female,1.7,66
20834,female,1.64,71
20835,male,1.81,52
20836,female,1.65,63
20837,female,1.64,79
20838,female,1.7,50
20839,male,1.85,47
20840,female,1.65,87
20841,female,1.62,63
20842,female,1.6,87
20843,female,1.62,81
20844,female,1.54,56
20845,female,1.7,61
20846,female,1.54,69
20847,male,1.73,36
20848,female,1.64,56
20849,female,1.58,72
20850,male,1.82,57
20851,male,1.63,64
20852,male,1.83,54
20853,female,1.6,65
20854,female,1.66,50
20855,female,1.6,84
20856,female,1.7,68
20857,female,1.64,70
20858,female,1.5,86
20859,male,1.84,66
20860,female,1.64,56
20861,male,1.8,61
20862,female,1.52,77
20863,male,1.73,69
20864,female,1.64,43
20865,female,1.68,63
20866,male,1.62,58
20867,female,1.67,73
20868,male,1.7,79
20869,female,1.65,45
20870,male,1.74,35
20871,male,1.7,25
20872,female,1.75,51
20873,male,1.81,71
20874,male,1.83,62
20875,male,1.9,22
20876,female,1.53,64
20877,female,1.72,47
20878,female,1.68,49
20879,male,1.81,43
20880,male,1.83,41
20881,female,1.6,55
20882,male,1.83,41
20883,male,1.75,76
20884,male,1.7,74
20885,male,1.87,57
20886,male,1.75,47
20887,female,1.78,27
20888,female,1.58,19
20889,male,1.73,67
20890,female,1.62,63
20891,female,1.65,57
20892,female,1.6,61
20893,male,1.93,26
20894,female,1.56,58
20895,female,1.62,68
20896,female,1.73,45
20897,male,1.69,61
20898,male,1.84,53
20899,male,1.83,63
20900,male,1.65,80
20901,female,1.69,70
20902,male,1.78,52
20903,male,1.67,58
20904,male,1.8,51
20905,male,1.73,62
20906,male,1.72,51
20907,female,1.68,63
20908,female,1.64,81
20909,female,1.54,43
20910,male,1.65,52
20911,female,1.62,66
20912,male,1.64,71
20913,female,1.7,50
20914,male,1.86,39
20915,female,1.7,31
20916,male,1.7,68
20917,male,1.78,53
20918,female,1.65,32
20919,male,1.68,59
20920,male,1.75,67
20921,female,1.63,81
20922,male,1.65,82
20923,male,1.68,69
20924,male,1.7,52
20925,female,1.64,53
20926,female,1.56,64
20927,female,1.55,71
20928,male,1.85,58
20929,female,1.64,56
20930,female,1.68,56
20931,male,1.76,61
20932,female,1.7,72
20933,female,1.56,70
20934,male,1.78,54
20935,female,1.62,52
20936,male,1.75,70
20937,female,1.6,60
20938,male,1.7,67
20939,male,1.7,66
20940,male,1.72,57
20941,female,1.54,77
20942,female,1.67,46
20943,female,1.7,49
20944,female,1.68,44
20945,female,1.55,83
20946,female,1.64,70
20947,male,1.71,46
20948,female,1.66,42
20949,female,1.58,62
20950,female,1.79,45
20951,male,1.78,60
20952,male,1.73,70
20953,male,1.78,82
20954,male,1.7,61
20955,female,1.58,70
20956,female,1.52,75
20957,male,1.77,56
20958,female,1.57,53
20959,female,1.66,65
20960,male,1.75,44
20961,male,1.78,87
20962,female,1.63,62
20963,female,1.6,61
20964,male,1.67,78
20965,male,1.65,66
20966,male,1.16,6
20967,female,1.7,58
20968,female,1.6,91
20969,male,1.7,52
20970,male,1.65,64
20971,female,1.65,83
20972,male,1.72,65
20973,male,1.8,72
20974,male,1.75,46
20975,male,1.74,66
20976,male,1.82,60
20977,female,1.65,72
20978,female,1.63,56
20979,female,1.72,67
20980,male,1.8,24
20981,male,1.64,67
20982,female,1.68,38
20983,male,1.68,27
20984,male,1.8,78
20985,female,1.6,69
20986,male,1.78,30
20987,male,1.84,42
20988,male,1.83,42
20989,female,1.65,66
20990,female,1.62,55
20991,male,1.78,43
20992,male,1.76,67
20993,male,1.78,70
20994,female,1.55,66
20995,female,1.53,72
20996,male,1.67,71
20997,female,1.56,57
20998,female,1.62,57
20999,male,1.8,76
21000,female,1.58,45
21001,female,1.65,60
21002,male,1.8,73
21003,male,1.6,47
21004,female,1.5,35
21005,female,1.65,49
21006,male,1.8,59
21007,male,1.65,73
21008,female,1.61,57
21009,female,1.6,40
21010,male,1.78,47
21011,female,1.48,66
21012,female,1.6,64
21013,male,1.77,67
21014,female,1.7,41
21015,female,1.68,54
21016,male,1.78,48
21017,female,1.7,29
21018,female,1.65,62
21019,female,1.7,61
21020,female,1.62,39
21021,male,1.7,62
21022,male,1.68,77
21023,female,1.6,73
21024,male,1.65,70
21025,male,1.78,53
21026,male,1.8,27
21027,female,1.7,50
21028,male,1.86,77
21029,male,1.76,40
21030,female,1.5,80
21031,female,1.65,61
21032,female,1.5,65
21033,female,1.5,67
21034,male,1.81,57
21035,male,1.8,51
21036,male,1.76,48
21037,female,1.7,57
21038,female,1.64,59
21039,female,1.68,74
21040,female,1.6,45
21041,female,1.57,23
21042,female,1.59,74
21043,female,1.65,38
21044,male,1.75,34
21045,female,1.65,64
21046,female,1.6,72
21047,male,1.68,68
21048,female,1.6,64
21049,female,1.58,67
21050,male,1.7,60
21051,male,1.82,56
21052,female,1.65,68
21053,female,1.6,66
21054,female,1.64,34
21055,female,1.63,70
21056,male,1.68,66
21057,male,1.71,60
21058,male,1.86,66
21059,male,1.76,73
21060,female,1.76,42
21061,male,1.73,38
21062,male,1.73,65
21063,male,1.79,62
21064,male,1.94,49
21065,male,1.84,50
21066,female,1.6,61
21067,male,1.82,73
21068,female,1.53,79
21069,female,1.68,40
21070,male,1.77,82
21071,female,1.55,74
21072,female,1.77,70
21073,female,1.55,85
21074,male,1.8,77
21075,female,1.6,69
21076,female,0.6,81
21077,male,1.73,77
21078,female,1.49,61
21079,female,1.74,80
21080,male,1.75,63
21081,male,1.7,77
21082,female,1.58,27
21083,female,1.64,70
21084,male,1.76,61
21085,male,1.75,70
21086,female,1.68,72
21087,female,1.73,28
21088,female,1.78,40
21089,male,1.68,65
21090,male,1.84,44
21091,male,1.72,58
21092,female,1.7,68
21093,male,1.85,71
21094,male,1.72,63
21095,male,1.7,56
21096,female,1.67,34
21097,male,1.72,64
21098,male,1.65,69
21099,male,1.95,51
21100,female,1.58,71
21101,male,1.81,70
21102,female,1.58,58
21103,female,1.64,27
21104,female,1.5,79
21105,male,1.67,63
21106,female,1.64,77
21107,female,1.6,59
21108,male,1.75,88
21109,male,1.72,43
21110,female,1.62,47
21111,female,1.75,43
21112,male,1.67,77
21113,female,1.6,62
21114,male,1.75,68
21115,male,1.76,69
21116,female,1.58,58
21117,male,1.72,65
21118,female,1.62,60
21119,male,1.72,64
21120,male,1.6,84
21121,male,1.7,65
21122,female,1.64,76
21123,female,1.65,63
21124,male,1.83,67
21125,male,1.88,51
21126,male,1.7,73
21127,female,1.67,74
21128,female,1.65,50
21129,female,1.68,64
21130,female,1.62,63
21131,male,1.87,65
21132,male,1.82,46
21133,male,1.74,65
21134,female,1.6,67
21135,male,1.7,40
21136,female,1.53,77
21137,female,1.49,48
21138,female,1.6,59
21139,female,1.67,28
21140,female,1.65,48
21141,female,1.6,70
21142,male,1.7,69
21143,female,1.65,66
21144,female,1.68,54
21145,male,1.71,63
21146,male,1.63,70
21147,female,1.6,42
21148,male,1.76,50
21149,female,1.58,40
21150,female,1.56,42
21151,female,1.5,69
21152,male,1.69,66
21153,female,1.7,81
21154,female,1.62,73
21155,female,1.57,64
21156,male,1.96,46
21157,female,1.53,77
21158,male,1.71,60
21159,female,1.6,53
21160,male,1.68,78
21161,female,1.55,79
21162,female,1.67,46
21163,female,1.55,43
21164,male,1.74,72
21165,female,1.5,70
21166,male,1.78,82
21167,female,1.68,71
21168,female,1.76,43
21169,female,1.62,74
21170,male,1.73,46
21171,female,1.8,30
21172,male,1.9,60
21173,female,1.6,34
21174,female,1.65,52
21175,female,1.78,58
21176,male,1.65,45
21177,male,1.74,64
21178,male,1.81,68
21179,female,1.5,78
21180,male,1.52,83
21181,male,1.96,38
21182,female,1.52,46
21183,male,1.72,35
21184,female,1.58,46
21185,male,1.78,40
21186,male,1.86,61
21187,male,1.73,76
21188,male,1.78,84
21189,male,1.75,72
21190,female,1.67,62
21191,male,1.7,76
21192,female,1.76,81
21193,male,1.8,72
21194,female,1.65,54
21195,male,1.76,71
21196,female,1.65,62
21197,female,1.55,77
21198,male,1.78,43
21199,male,1.64,74
21200,female,1.6,38
21201,male,1.8,56
21202,male,1.7,70
21203,male,1.7,65
21204,female,1.63,37
21205,male,1.76,50
21206,female,1.6,40
21207,female,1.48,80
21208,female,1.58,67
21209,female,1.6,57
21210,female,1.65,26
21211,male,1.72,39
21212,male,1.7,72
21213,female,1.64,57
21214,male,1.73,64
21215,female,1.64,31
21216,male,1.82,63
21217,male,1.65,78
21218,male,1.64,69
21219,female,1.73,47
21220,female,1.68,53
21221,female,1.64,60
21222,female,1.72,58
21223,female,1.65,84
21224,male,1.84,72
21225,female,1.7,54
21226,female,1.64,66
21227,female,1.62,59
21228,female,1.5,66
21229,female,1.62,62
21230,female,1.7,56
21231,female,1.7,48
21232,female,1.65,74
21233,female,1.65,71
21234,male,1.78,67
21235,female,1.73,47
21236,male,1.74,63
21237,female,1.65,43
21238,male,1.9,64
21239,male,1.7,76
21240,female,1.6,66
21241,female,1.6,80
21242,female,1.67,47
21243,female,1.7,69
21244,female,1.64,70
21245,female,1.63,68
21246,male,1.74,69
21247,female,1.65,62
21248,male,1.72,70
21249,male,1.76,75
21250,female,1.65,72
21251,female,1.54,71
21252,male,1.76,55
21253,female,1.73,68
21254,male,1.8,57
21255,female,1.6,74
21256,female,1.74,59
21257,female,1.65,66
21258,female,1.5,64
21259,female,1.55,79
21260,female,1.64,57
21261,male,1.7,65
21262,female,1.7,65
21263,female,1.6,71
21264,female,1.4,9
21265,male,1.77,65
21266,male,1.89,46
21267,female,1.65,60
21268,male,1.77,76
21269,female,1.65,53
21270,male,1.62,59
21271,male,1.8,73
21272,male,1.78,48
21273,male,1.76,74
21274,male,1.69,56
21275,male,1.9,31
21276,female,1.8,62
21277,male,1.78,49
21278,female,1.7,14
21279,male,1.75,71
21280,male,1.63,77
21281,male,1.7,81
21282,male,1.75,41
21283,female,1.65,66
21284,female,1.6,51
21285,male,1.72,67
21286,male,1.73,55
21287,male,1.75,80
21288,male,1.9,72
21289,male,1.7,73
21290,female,1.65,43
21291,female,1.65,80
21292,male,1.75,70
21293,female,1.65,71
21294,female,1.6,63
21295,female,1.54,44
21296,male,1.67,69
21297,female,1.58,26
21298,female,1.57,54
21299,female,1.7,51
21300,female,1.55,56
21301,male,1.76,62
21302,female,1.75,50
21303,male,1.73,49
21304,male,1.76,58
21305,female,1.55,63
21306,female,1.75,58
21307,female,1.65,56
21308,male,1.76,49
21309,male,1.7,68
21310,male,1.76,67
21311,male,1.6,67
21312,female,1.65,70
21313,male,1.78,82
21314,male,1.64,71
21315,female,1.58,54
21316,male,1.62,71
21317,female,1.66,80
21318,female,1.69,36
21319,male,1.8,68
21320,male,1.68,81
21321,male,1.76,67
21322,male,1.8,29
21323,male,1.75,70
21324,male,1.75,74
21325,female,1.58,67
21326,female,1.54,69
21327,female,1.56,62
21328,female,1.58,56
21329,female,1.5,54
21330,female,1.52,74
21331,female,1.67,55
21332,female,1.76,64
21333,male,1.86,38
21334,female,1.65,82
21335,female,1.6,77
21336,female,1.62,39
21337,male,1.75,63
21338,male,1.7,28
21339,female,1.65,91
21340,female,1.75,58
21341,female,1.58,74
21342,female,1.5,34
21343,male,1.8,82
21344,male,1.85,38
21345,male,1.72,71
21346,female,1.69,27
21347,female,1.65,35
21348,female,1.65,48
21349,female,1.6,37
21350,male,1.1,65
21351,male,1.76,48
21352,female,1.6,59
21353,male,1.68,83
21354,female,1.55,59
21355,male,1.7,46
21356,female,1.78,19
21357,male,1.8,83
21358,female,1.6,77
21359,female,1.6,45
21360,female,1.62,59
21361,male,1.85,70
21362,female,1.58,70
21363,male,1.65,57
21364,female,1.62,73
21365,male,1.71,77
21366,male,1.66,71
21367,female,1.64,51
21368,female,1.65,76
21369,female,1.58,70
21370,female,1.56,57
21371,male,1.89,53
21372,female,1.6,77
21373,female,1.67,77
21374,female,1.62,82
21375,female,1.74,45
21376,male,1.6,70
21377,female,1.64,28
21378,female,1.63,18
21379,male,1.7,62
21380,female,1.56,80
21381,female,1.6,64
21382,male,1.83,53
21383,female,1.64,42
21384,female,1.68,48
21385,female,1.65,51
21386,female,0.76,68
21387,male,1.8,51
21388,female,1.57,67
21389,female,1.68,63
21390,male,1.73,70
21391,male,1.7,67
21392,male,1.95,53
21393,male,1.83,72
21394,female,1.68,71
21395,male,1.72,82
21396,male,1.74,67
21397,male,1.82,69
21398,female,1.65,46
21399,female,1.52,45
21400,female,1.64,49
21401,female,1.6,44
21402,female,1.65,72
21403,male,1.76,77
21404,male,1.76,61
21405,female,1.68,54
21406,male,1.6,55
21407,female,1.6,76
21408,female,1.6,80
21409,male,1.65,49
21410,male,1.74,57
21411,female,1.7,66
21412,female,1.64,72
21413,female,1.76,42
21414,female,1.62,82
21415,female,1.65,59
21416,male,1.76,90
21417,female,1.62,53
21418,female,1.6,55
21419,male,1.76,66
21420,female,1.69,41
21421,male,1.72,59
21422,female,1.58,62
21423,female,1.7,51
21424,male,1.86,50
21425,male,1.72,65
21426,male,1.76,56
21427,male,1.72,60
21428,female,1.65,65
21429,female,1.64,29
21430,female,1.52,84
21431,female,1.66,69
21432,male,1.76,57
21433,female,1.64,71
21434,female,1.65,57
21435,male,1.7,70
21436,female,1.65,58
21437,female,1.67,53
21438,male,1.8,68
21439,male,1.76,65
21440,female,1.6,87
21441,female,1.65,70
21442,male,1.83,67
21443,female,0.8,62
21444,female,1.65,60
21445,male,1.64,67
21446,female,1.65,76
21447,female,1.62,67
21448,male,1.9,62
21449,female,1.66,69
21450,female,1.78,43
21451,female,1.54,71
21452,female,1.65,72
21453,female,1.6,47
21454,female,1.67,46
21455,male,1.77,34
21456,female,1.68,46
21457,female,1.64,61
21458,female,1.55,83
21459,female,1.75,51
21460,male,1.73,70
21461,female,1.62,60
21462,male,1.79,37
21463,female,1.67,59
21464,female,1.6,47
21465,male,1.65,83
21466,female,1.65,62
21467,male,1.77,74
21468,female,1.73,62
21469,male,1.78,41
21470,male,1.83,56
21471,female,1.62,63
21472,male,1.73,79
21473,male,1.68,54
21474,male,11.8,67
21475,male,1.83,65
21476,female,1.65,63
21477,female,1.6,68
21478,male,1.86,57
21479,female,1.6,71
21480,female,1.0,2
21481,male,1.75,49
21482,female,1.7,85
21483,female,1.57,38
21484,male,1.65,80
21485,female,1.56,68
21486,female,1.6,72
21487,female,1.7,52
21488,male,1.82,26
21489,female,1.54,52
21490,female,1.56,54
21491,female,1.55,76
21492,male,1.81,45
21493,female,1.75,43
21494,female,1.58,54
21495,male,1.75,53
21496,female,1.68,57
21497,male,1.82,71
21498,male,1.82,54
21499,male,1.75,53
21500,male,1.82,69
21501,male,1.73,78
21502,female,1.6,51
21503,female,1.57,53
21504,female,1.58,68
21505,male,1.78,70
21506,female,1.55,59
21507,male,1.83,51
21508,male,1.75,46
21509,female,1.5,71
21510,female,1.65,45
21511,male,1.72,70
21512,male,1.64,75
21513,female,1.72,43
21514,male,1.65,60
21515,female,1.45,62
21516,male,1.76,52
21517,female,1.7,48
21518,female,1.7,46
21519,female,1.71,44
21520,male,1.84,76
21521,female,1.65,70
21522,female,1.65,31
21523,female,1.65,62
21524,male,1.72,72
21525,male,1.78,64
21526,female,1.7,58
21527,male,1.86,59
21528,female,1.6,19
21529,female,1.65,85
21530,male,1.6,74
21531,female,1.61,42
21532,male,1.83,55
21533,female,1.64,68
21534,female,1.64,37
21535,female,1.78,46
21536,male,1.7,54
21537,male,1.73,48
21538,female,1.64,64
21539,male,1.82,67
21540,female,1.67,57
21541,female,1.6,81
21542,female,1.62,51
21543,male,1.68,58
21544,female,1.6,62
21545,male,1.65,66
21546,female,1.56,82
21547,male,1.73,60
21548,female,1.55,71
21549,male,1.7,79
21550,male,1.75,66
21551,male,1.68,65
21552,male,1.67,67
21553,female,1.65,65
21554,male,1.67,69
21555,female,1.65,35
21556,female,1.65,59
21557,male,1.73,77
21558,male,1.65,58
21559,female,1.7,80
21560,female,1.68,72
21561,male,1.72,87
21562,female,1.64,64
21563,female,1.68,42
21564,male,1.6,50
21565,female,1.58,68
21566,female,1.63,69
21567,male,1.7,87
21568,female,1.64,40
21569,male,1.9,55
21570,male,1.86,35
21571,female,1.59,66
21572,female,1.6,57
21573,female,1.65,69
21574,male,1.72,61
21575,female,1.63,64
21576,female,1.76,55
21577,female,1.64,63
21578,female,1.71,50
21579,male,1.7,55
21580,female,1.56,68
21581,male,1.58,53
21582,female,1.58,82
21583,female,1.62,62
21584,female,1.5,80
21585,female,1.68,66
21586,male,1.76,64
21587,female,1.72,55
21588,male,1.73,73
21589,female,1.52,69
21590,male,1.6,66
21591,female,1.83,37
21592,female,1.6,67
21593,female,1.6,67
21594,female,1.5,66
21595,female,1.6,82
21596,male,1.73,64
21597,male,1.64,68
21598,male,1.76,76
21599,female,1.66,72
21600,male,1.7,62
21601,male,1.69,54
21602,male,1.75,38
21603,female,1.57,79
21604,male,1.7,73
21605,male,1.73,42
21606,male,1.75,68
21607,female,1.5,63
21608,female,1.7,76
21609,female,1.6,77
21610,male,1.76,69
21611,male,1.68,64
21612,female,1.63,50
21613,male,1.87,80
21614,male,1.89,47
21615,female,1.54,37
21616,male,1.6,47
21617,male,1.75,62
21618,male,1.8,68
21619,male,1.68,75
21620,male,1.72,62
21621,male,1.8,33
21622,female,1.68,70
21623,male,1.75,61
21624,male,1.82,75
21625,male,1.82,64
21626,male,1.86,26
21627,female,1.7,63
21628,male,1.83,23
21629,female,1.66,46
21630,male,1.7,50
21631,female,1.6,47
21632,male,1.65,78
21633,female,1.62,52
21634,male,1.68,48
21635,female,1.67,50
21636,male,1.64,63
21637,female,1.65,79
21638,female,1.68,50
21639,male,1.82,78
21640,male,1.76,65
21641,male,1.81,68
21642,male,1.78,60
21643,female,1.63,77
21644,female,1.55,74
21645,male,1.65,71
21646,female,1.71,39
21647,male,1.87,48
21648,male,1.74,65
21649,female,1.67,45
21650,female,1.63,28
21651,male,1.67,73
21652,male,1.71,70
21653,male,1.82,69
21654,female,1.62,82
21655,male,1.79,22
21656,male,1.8,61
21657,male,1.75,67
21658,female,1.7,70
21659,male,1.77,78
21660,male,1.66,70
21661,female,1.76,55
21662,male,1.82,55
21663,female,1.65,75
21664,female,1.67,46
21665,female,1.7,48
21666,female,1.56,65
21667,female,1.66,28
21668,male,1.67,50
21669,female,1.65,39
21670,female,1.6,78
21671,female,1.62,72
21672,male,1.81,47
21673,female,1.64,44
21674,male,1.7,68
21675,female,1.7,58
21676,female,1.5,55
21677,female,1.5,74
21678,male,1.76,73
21679,male,1.75,57
21680,male,1.74,67
21681,male,1.67,48
21682,female,1.64,72
21683,male,1.72,56
21684,male,1.75,58
21685,female,1.68,76
21686,female,1.68,81
21687,male,1.8,44
21688,male,1.72,69
21689,male,1.68,74
21690,male,1.85,74
21691,male,1.7,70
21692,male,1.78,78
21693,female,1.55,66
21694,female,1.5,68
21695,male,1.78,45
21696,male,1.7,69
21697,female,1.63,54
21698,male,1.86,54
21699,female,1.7,60
21700,female,1.62,62
21701,female,1.64,61
21702,female,1.6,65
21703,male,1.76,69
21704,female,1.68,51
21705,male,1.76,65
21706,male,1.67,49
21707,female,1.53,54
21708,female,1.75,73
21709,female,1.6,81
21710,female,1.69,74
21711,female,1.58,65
21712,female,1.58,70
21713,male,1.7,64
21714,female,1.64,53
21715,male,1.76,84
21716,female,1.68,53
21717,female,1.67,53
21718,male,1.64,71
21719,female,1.61,28
21720,male,1.78,28
21721,female,1.59,55
21722,female,1.52,80
21723,female,1.56,54
21724,female,1.72,39
21725,female,1.65,76
21726,male,1.7,54
21727,female,1.64,65
21728,male,1.7,63
21729,female,1.58,59
21730,male,1.72,78
21731,male,1.9,50
21732,male,1.7,77
21733,female,1.5,76
21734,female,1.55,86
21735,female,1.52,79
21736,male,1.8,48
21737,male,1.6,55
21738,female,1.7,69
21739,female,1.58,60
21740,female,1.65,79
21741,female,1.85,54
21742,female,1.6,56
21743,male,1.76,51
21744,male,1.87,84
21745,female,1.73,50
21746,female,1.54,67
21747,female,1.71,57
21748,male,1.75,25
21749,female,1.58,83
21750,female,1.6,61
21751,female,1.53,77
21752,male,1.72,64
21753,male,1.5,74
21754,male,1.79,65
21755,male,1.78,68
21756,female,1.58,66
21757,male,1.7,78
21758,male,1.78,64
21759,female,1.7,32
21760,male,1.75,67
21761,male,1.75,57
21762,female,1.54,51
21763,female,1.64,42
21764,male,1.76,63
21765,male,1.74,74
21766,female,1.65,79
21767,male,1.6,44
21768,female,1.74,44
21769,male,1.7,41
21770,female,1.69,61
21771,female,1.71,73
21772,male,1.74,68
21773,male,1.8,35
21774,female,1.7,65
21775,male,1.82,66
21776,male,1.75,49
21777,male,1.77,42
21778,female,1.56,62
21779,male,1.85,41
21780,female,1.65,70
21781,female,1.6,81
21782,female,1.6,54
21783,male,1.8,80
21784,male,1.77,77
21785,female,1.7,45
21786,male,1.84,37
21787,female,1.67,77
21788,female,1.58,78
21789,male,1.85,67
21790,female,1.56,72
21791,male,1.75,56
21792,male,1.82,74
21793,male,1.7,65
21794,female,1.65,79
21795,male,1.87,77
21796,male,1.77,62
21797,female,1.65,71
21798,male,1.7,40
21799,female,1.65,71
21800,male,1.68,64
21801,male,1.72,71
21802,female,1.68,67
21803,male,1.75,51
21804,male,1.75,50
21805,male,1.75,73
21806,male,1.82,69
21807,female,1.5,67
21808,female,1.65,57
21809,female,1.68,23
21810,male,1.8,57
21811,female,1.6,70
21812,female,1.7,20
21813,male,1.87,29
21814,female,1.65,44
21815,male,1.83,69
21816,female,1.5,65
21817,male,1.78,61
21818,female,1.65,79
21819,female,1.65,40
21820,male,1.68,68
21821,female,1.7,65
21822,male,1.72,65
21823,male,1.89,67
21824,female,1.6,72
21825,female,1.56,76
21826,female,1.65,83
21827,female,1.65,51
21828,female,1.99,50
21829,female,1.5,53
21830,female,1.58,61
21831,female,1.54,78
21832,female,1.64,51
21833,female,1.68,39
21834,male,1.89,70
21835,male,1.67,57
21836,male,1.92,72
21837,female,1.6,78
21838,male,1.7,76
21839,male,1.78,47
21840,female,1.68,68
21841,female,1.5,72
21842,female,1.65,76
21843,male,1.7,62
21844,female,1.6,68
21845,male,1.9,66
21846,male,1.96,58
21847,female,1.73,51
21848,female,1.51,81
21849,male,1.72,46
21850,male,1.8,73
21851,female,1.65,45
21852,female,1.63,71
21853,male,1.7,37
21854,male,1.65,72
21855,female,1.66,83
21856,female,1.79,65
21857,female,1.56,52
21858,male,1.7,79
21859,female,1.56,41
21860,male,1.78,44
21861,female,1.72,44
21862,female,1.86,70
21863,female,1.7,83
21864,female,1.68,42
21865,female,1.6,64
21866,female,1.65,61
21867,female,1.65,60
21868,female,1.67,65
21869,female,1.65,84
21870,male,1.88,59
21871,male,1.8,68
21872,female,1.65,67
21873,male,1.7,78
21874,male,1.85,56
21875,female,1.65,66
21876,female,1.64,71
21877,male,1.77,52
21878,female,1.6,74
21879,female,1.6,69
21880,male,1.75,69
21881,male,1.78,40
21882,female,1.66,69
21883,female,1.58,82
21884,male,1.7,34
21885,male,1.95,53
21886,female,1.6,62
21887,male,1.78,22
21888,male,1.72,73
21889,male,1.78,65
21890,female,1.64,41
21891,male,1.75,71
21892,female,1.65,63
21893,male,1.76,52
21894,male,1.76,45
21895,female,1.65,72
21896,male,1.7,67
21897,female,1.65,68
21898,male,1.52,74
21899,male,1.72,77
21900,male,1.82,41
21901,male,1.64,63
21902,male,1.7,53
21903,male,1.7,23
21904,female,1.69,57
21905,male,1.75,41
21906,male,1.72,57
21907,female,1.61,60
21908,female,1.65,41
21909,male,1.7,78
21910,male,1.7,70
21911,male,1.67,75
21912,male,1.88,33
21913,male,1.71,70
21914,female,1.56,72
21915,female,1.68,67
21916,female,1.63,77
21917,female,1.6,71
21918,male,1.7,70
21919,female,1.67,69
21920,female,1.68,41
21921,female,1.69,17
21922,female,1.62,86
21923,male,1.44,26
21924,female,1.56,65
21925,male,1.84,27
21926,female,1.92,74
21927,female,1.62,25
21928,male,1.68,62
21929,male,1.72,53
21930,male,1.85,50
21931,male,1.72,55
21932,male,1.7,76
21933,female,1.64,57
21934,male,1.75,58
21935,female,1.6,82
21936,female,1.7,71
21937,male,1.86,50
21938,female,1.64,70
21939,female,1.66,60
21940,female,1.76,43
21941,female,1.58,68
21942,female,1.65,42
21943,female,1.65,54
21944,male,1.73,61
21945,male,1.85,66
21946,male,1.75,39
21947,male,1.8,52
21948,male,1.7,59
21949,female,1.62,68
21950,female,1.63,56
21951,female,1.74,47
21952,female,1.7,61
21953,male,1.87,72
21954,female,1.64,50
21955,female,1.68,43
21956,female,1.5,96
21957,female,1.6,67
21958,male,1.75,60
21959,female,1.66,65
21960,male,1.85,72
21961,male,1.9,70
21962,female,1.59,38
21963,female,1.5,73
21964,male,1.7,81
21965,female,1.6,77
21966,male,1.74,40
21967,female,1.64,56
21968,female,1.63,32
21969,female,1.52,69
21970,female,1.68,64
21971,male,1.62,59
21972,female,1.63,47
21973,male,1.8,80
21974,female,1.74,63
21975,female,1.5,92
21976,female,1.5,74
21977,male,1.9,77
21978,male,1.72,40
21979,male,1.78,72
21980,male,1.7,61
21981,male,1.8,46
21982,female,1.72,62
21983,female,1.63,59
21984,male,1.68,58
21985,female,1.67,81
21986,female,1.65,62
21987,male,1.79,54
21988,female,1.7,27
21989,female,1.7,51
21990,female,1.63,63
21991,female,1.63,72
21992,female,1.58,69
21993,female,1.65,62
21994,male,1.76,65
21995,female,1.67,74
21996,female,1.58,75
21997,female,1.6,53
21998,female,1.65,56
21999,female,1.64,68
22000,male,1.8,51
22001,male,1.78,67
22002,female,1.62,75
22003,male,1.72,72
22004,male,1.8,85
22005,male,1.75,68
22006,male,1.9,53
22007,female,1.52,80
22008,male,1.6,73
22009,female,1.6,70
22010,male,1.72,73
22011,female,1.58,66
22012,female,1.6,66
22013,male,1.76,69
22014,female,1.65,82
22015,male,1.83,42
22016,female,1.58,52
22017,female,1.54,49
22018,female,1.58,76
22019,male,1.8,66
22020,female,1.6,49
22021,female,1.63,67
22022,male,1.77,59
22023,male,1.65,74
22024,female,1.58,64
22025,male,1.83,47
22026,female,1.64,51
22027,female,1.56,71
22028,female,1.67,61
22029,female,1.54,64
22030,male,1.75,92
22031,female,1.55,64
22032,female,1.52,62
22033,female,1.68,35
22034,female,1.6,81
22035,female,1.62,68
22036,male,1.74,42
22037,male,1.8,75
22038,female,1.59,85
22039,female,1.58,66
22040,female,1.63,70
22041,male,1.78,58
22042,female,1.55,87
22043,female,1.6,77
22044,male,1.78,22
22045,male,1.76,49
22046,female,1.57,58
22047,male,1.75,27
22048,male,1.83,73
22049,male,1.7,70
22050,female,1.67,78
22051,female,1.61,61
22052,female,1.5,79
22053,male,1.68,64
22054,male,1.67,61
22055,male,1.7,82
22056,male,1.67,84
22057,male,1.69,50
22058,male,1.8,84
22059,male,1.67,80
22060,male,1.77,55
22061,male,1.87,80
22062,male,1.7,72
22063,female,1.64,53
22064,female,1.69,56
22065,male,1.7,51
22066,male,1.7,78
22067,male,1.76,70
22068,male,1.82,49
22069,male,1.83,61
22070,male,1.78,35
22071,female,1.66,57
22072,male,1.65,61
22073,female,1.43,67
22074,female,1.68,66
22075,female,1.5,66
22076,female,1.62,72
22077,female,1.6,92
22078,female,1.65,60
22079,male,1.66,72
22080,female,1.5,59
22081,female,1.5,63
22082,male,1.7,72
22083,male,1.75,61
22084,male,1.83,60
22085,female,1.73,54
22086,female,1.65,60
22087,male,1.7,77
22088,male,1.64,77
22089,female,1.63,84
22090,female,1.72,41
22091,female,1.65,86
22092,female,1.58,60
22093,female,1.74,49
22094,male,1.56,67
22095,male,1.74,70
22096,female,1.68,76
22097,female,1.68,44
22098,female,1.63,34
22099,male,1.6,64
22100,female,1.7,79
22101,male,1.84,74
22102,male,1.76,75
22103,female,1.68,65
22104,female,1.7,60
22105,male,1.69,71
22106,female,1.55,79
22107,female,1.65,59
22108,female,1.65,48
22109,female,1.73,73
22110,female,1.64,49
22111,male,1.75,58
22112,male,1.7,72
22113,female,1.56,74
22114,male,1.72,73
22115,male,1.77,80
22116,female,1.65,79
22117,male,1.72,68
22118,male,1.78,70
22119,male,1.76,47
22120,female,1.55,53
22121,female,1.61,60
22122,male,1.81,61
22123,female,1.58,83
22124,male,1.75,31
22125,female,1.6,88
22126,female,1.62,49
22127,female,1.65,61
22128,female,1.75,55
22129,male,1.63,57
22130,male,1.78,52
22131,male,1.94,48
22132,female,1.63,65
22133,female,1.45,56
22134,female,1.68,45
22135,male,1.7,71
22136,male,1.7,72
22137,female,1.7,66
22138,male,1.76,66
22139,female,1.56,70
22140,male,1.8,71
22141,female,1.64,74
22142,male,1.83,57
22143,female,1.6,41
22144,male,11.75,66
22145,female,1.58,63
22146,female,1.66,71
22147,female,1.83,68
22148,female,1.65,36
22149,female,1.58,61
22150,female,1.58,52
22151,female,1.56,71
22152,female,1.58,71
22153,female,1.58,65
22154,male,1.7,83
22155,female,1.56,74
22156,male,1.8,52
22157,female,1.65,45
22158,female,1.57,66
22159,female,1.6,94
22160,female,1.68,69
22161,male,1.7,83
22162,female,1.7,43
22163,male,1.77,29
22164,female,1.65,71
22165,male,1.7,61
22166,male,1.7,87
22167,male,1.7,49
22168,male,1.68,72
22169,female,1.65,46
22170,female,1.55,72
22171,female,1.82,79
22172,male,1.67,51
22173,female,1.72,51
22174,female,1.6,78
22175,male,1.84,56
22176,female,1.54,34
22177,female,1.56,51
22178,female,1.67,66
22179,male,1.72,67
22180,male,1.85,51
22181,male,0.84,24
22182,female,1.64,49
22183,female,1.6,56
22184,male,1.83,57
22185,male,1.8,78
22186,female,1.65,74
22187,male,1.8,50
22188,male,1.97,35
22189,male,1.7,65
22190,male,1.82,74
22191,female,1.6,59
22192,male,1.7,74
22193,female,1.65,65
22194,female,1.65,40
22195,male,1.68,75
22196,female,1.7,63
22197,female,1.56,72
22198,male,1.71,84
22199,female,1.68,66
22200,female,1.56,68
22201,male,1.65,80
22202,male,1.8,68
22203,male,1.6,61
22204,female,1.68,80
22205,female,1.58,43
22206,male,1.72,76
22207,female,1.57,57
22208,male,1.73,71
22209,female,1.6,43
22210,male,1.82,55
22211,male,1.6,63
22212,male,1.75,79
22213,male,1.78,58
22214,female,1.57,66
22215,male,1.76,44
22216,male,1.8,72
22217,female,1.64,40
22218,male,1.93,32
22219,male,1.8,65
22220,female,1.68,53
22221,female,1.67,80
22222,female,1.62,75
22223,male,1.74,75
22224,female,1.65,67
22225,female,1.67,72
22226,female,1.67,54
22227,female,1.57,64
22228,female,1.6,55
22229,female,1.5,41
22230,female,1.55,83
22231,male,1.8,73
22232,male,1.6,69
22233,female,1.7,81
22234,female,1.65,46
22235,male,1.7,71
22236,female,1.58,62
22237,male,1.75,50
22238,male,1.82,39
22239,female,1.65,44
22240,female,1.65,60
22241,male,1.83,44
22242,male,1.78,74
22243,female,1.67,84
22244,female,1.6,63
22245,male,1.77,68
22246,female,1.6,71
22247,male,1.6,77
22248,female,1.68,81
22249,female,1.54,71
22250,female,1.67,66
22251,male,1.9,60
22252,female,1.65,64
22253,female,1.47,70
22254,female,1.56,64
22255,female,1.6,83
22256,female,1.65,55
22257,female,1.56,63
22258,female,1.68,61
22259,female,1.55,81
22260,female,1.5,79
22261,female,1.68,65
22262,male,1.72,72
22263,female,1.7,76
22264,female,1.68,30
22265,male,1.7,84
22266,male,1.82,62
22267,female,1.62,50
22268,female,1.9,38
22269,female,1.71,57
22270,male,1.9,47
22271,female,1.65,68
22272,male,1.75,20
22273,male,1.85,56
22274,female,1.67,54
22275,male,1.65,58
22276,female,1.63,63
22277,female,1.6,72
22278,male,1.66,71
22279,female,1.65,60
22280,male,1.75,65
22281,female,1.67,65
22282,female,1.6,64
22283,female,1.98,62
22284,female,1.66,30
22285,female,1.6,46
22286,female,1.67,65
22287,male,1.72,74
22288,male,1.75,65
22289,female,1.68,56
22290,male,1.8,50
22291,male,1.76,79
22292,female,1.47,72
22293,female,1.56,55
22294,female,1.63,72
22295,male,1.74,67
22296,male,1.78,72
22297,male,1.72,78
22298,female,1.5,66
22299,female,1.58,74
22300,female,1.65,42
22301,male,1.76,67
22302,female,1.63,24
22303,male,1.9,76
22304,female,1.77,26
22305,female,1.51,79
22306,female,1.58,41
22307,female,1.7,49
22308,male,1.8,76
22309,female,1.74,69
22310,female,1.64,58
22311,female,1.65,51
22312,male,1.8,60
22313,female,1.56,80
22314,female,1.72,70
22315,male,1.72,76
22316,female,1.5,86
22317,male,1.82,85
22318,female,1.65,70
22319,male,1.78,67
22320,male,1.76,54
22321,female,1.68,62
22322,male,1.8,65
22323,female,1.6,70
22324,female,1.64,67
22325,female,1.54,57
22326,male,1.73,66
22327,female,1.7,44
22328,male,1.67,65
22329,female,1.67,66
22330,male,1.78,65
22331,male,1.72,68
22332,male,1.64,71
22333,male,1.83,73
22334,male,1.73,68
22335,male,1.8,41
22336,female,1.67,54
22337,male,1.85,21
22338,female,1.7,65
22339,female,1.68,40
22340,male,1.72,68
22341,male,1.68,75
22342,male,1.9,68
22343,female,1.62,71
22344,female,1.52,74
22345,female,1.63,26
22346,female,1.64,41
22347,male,1.72,78
22348,female,1.6,81
22349,female,1.63,51
22350,female,1.73,68
22351,female,1.51,64
22352,female,1.67,69
22353,female,1.52,56
22354,male,1.65,65
22355,male,1.68,60
22356,female,1.64,63
22357,male,1.7,68
22358,male,1.8,45
22359,male,1.75,42
22360,male,1.8,30
22361,male,1.8,80
22362,female,1.65,68
22363,female,1.56,69
22364,female,1.68,58
22365,female,1.7,38
22366,male,1.9,68
22367,female,1.67,41
22368,female,1.7,64
22369,male,1.87,44
22370,female,1.72,68
22371,male,1.75,63
22372,male,1.72,55
22373,female,1.66,55
22374,male,1.78,41
22375,female,1.65,57
22376,female,1.74,73
22377,male,1.86,54
22378,male,1.7,20
22379,male,1.78,67
22380,male,1.73,67
22381,female,1.6,56
22382,male,1.65,74
22383,male,1.68,66
22384,female,1.72,45
22385,male,1.68,76
22386,female,1.65,46
22387,male,1.67,67
22388,male,1.75,41
22389,female,1.5,74
22390,female,1.66,53
22391,male,1.68,74
22392,female,1.64,16
22393,male,1.75,58
22394,male,1.9,62
22395,female,1.6,78
22396,male,1.62,69
22397,male,1.75,72
22398,male,1.72,54
22399,female,1.56,67
22400,male,1.84,54
22401,female,1.58,74
22402,male,1.73,63
22403,female,1.65,55
22404,female,1.6,45
22405,female,1.6,83
22406,male,1.6,39
22407,female,1.75,69
22408,male,1.7,76
22409,female,1.58,67
22410,female,1.76,78
22411,male,1.73,62
22412,male,1.72,63
22413,female,1.56,91
22414,female,1.6,67
22415,female,1.62,38
22416,female,1.6,66
22417,female,1.55,58
22418,male,1.73,72
22419,female,1.5,75
22420,male,1.76,61
22421,male,1.75,47
22422,female,1.67,36
22423,male,1.75,65
22424,female,1.65,82
22425,male,1.75,59
22426,female,1.58,80
22427,male,1.06,77
22428,female,1.65,61
22429,male,1.68,39
22430,female,1.56,61
22431,female,1.7,23
22432,female,1.57,75
22433,male,1.75,88
22434,male,1.78,46
22435,male,1.8,51
22436,female,1.6,80
22437,male,1.76,68
22438,female,1.65,55
22439,male,1.7,74
22440,female,1.65,59
22441,female,1.5,72
22442,male,1.72,71
22443,female,1.73,56
22444,male,1.72,61
22445,male,1.68,55
22446,male,1.76,74
22447,female,1.58,61
22448,female,1.75,57
22449,female,1.58,60
22450,male,1.78,55
22451,female,1.58,85
22452,female,1.55,86
22453,male,1.86,59
22454,female,1.6,49
22455,female,1.54,67
22456,female,1.68,50
22457,male,1.78,77
22458,male,1.72,63
22459,female,1.65,64
22460,female,1.6,27
22461,female,1.66,69
22462,male,1.79,60
22463,male,1.8,64
22464,male,1.7,51
22465,male,1.7,30
22466,female,1.62,64
22467,female,1.62,62
22468,male,1.6,60
22469,female,1.7,66
22470,male,1.68,64
22471,female,1.63,83
22472,female,1.7,42
22473,male,1.85,55
22474,female,1.6,60
22475,female,1.69,39
22476,male,1.88,65
22477,male,1.85,44
22478,male,1.6,70
22479,female,1.68,73
22480,female,1.75,17
22481,male,1.8,69
22482,female,1.73,41
22483,male,1.75,50
22484,male,1.75,71
22485,male,1.8,73
22486,female,1.5,73
22487,male,1.75,78
22488,male,1.7,54
22489,female,1.55,84
22490,female,1.6,62
22491,female,1.55,59
22492,male,1.86,35
22493,female,1.54,69
22494,male,1.85,29
22495,female,1.6,71
22496,female,1.66,61
22497,female,1.7,52
22498,male,1.78,63
22499,male,1.71,13
22500,female,1.6,51
22501,female,1.57,59
22502,male,1.76,49
22503,male,1.76,76
22504,male,1.78,39
22505,female,1.76,67
22506,male,1.72,57
22507,female,1.56,47
22508,female,1.68,57
22509,female,1.56,88
22510,male,1.72,79
22511,male,1.7,78
22512,male,1.83,48
22513,female,1.7,45
22514,male,1.8,40
22515,male,1.76,62
22516,female,1.65,72
22517,female,1.74,56
22518,female,1.56,58
22519,female,1.64,63
22520,female,1.55,80
22521,female,1.5,56
22522,female,1.6,72
22523,male,1.65,14
22524,male,1.8,55
22525,female,1.56,67
22526,female,1.68,65
22527,female,1.52,82
22528,male,1.75,40
22529,female,1.74,45
22530,male,1.85,55
22531,female,1.57,40
22532,female,1.65,50
22533,female,1.6,68
22534,male,1.69,61
22535,female,1.53,64
22536,female,1.6,76
22537,female,1.56,47
22538,female,1.67,23
22539,female,1.62,57
22540,male,1.8,58
22541,male,1.72,60
22542,female,1.74,53
22543,female,1.6,68
22544,female,1.65,74
22545,female,1.6,84
22546,male,1.76,62
22547,female,1.7,28
22548,male,1.76,63
22549,male,1.63,84
22550,female,1.65,46
22551,male,1.6,51
22552,male,1.73,58
22553,female,1.62,77
22554,female,1.67,63
22555,female,1.78,64
22556,female,1.76,50
22557,female,1.64,67
22558,female,1.59,77
22559,female,1.58,57
22560,female,1.64,61
22561,female,1.6,56
22562,female,1.67,43
22563,female,1.51,62
22564,male,1.7,82
22565,male,1.78,68
22566,male,1.57,79
22567,male,1.8,57
22568,male,1.6,75
22569,male,1.72,63
22570,male,1.72,45
22571,male,1.73,78
22572,female,1.52,49
22573,female,1.58,60
22574,male,1.77,76
22575,male,1.72,28
22576,female,1.73,68
22577,female,1.6,59
22578,female,1.5,65
22579,female,1.52,59
22580,male,1.82,61
22581,female,1.62,41
22582,male,1.76,45
22583,male,1.78,42
22584,male,1.72,70
22585,male,1.8,69
22586,female,1.6,62
22587,female,1.66,32
22588,female,1.62,69
22589,male,1.65,60
22590,male,1.73,74
22591,male,1.92,40
22592,male,1.65,51
22593,female,1.64,47
22594,female,1.54,69
22595,male,1.8,51
22596,female,1.65,50
22597,female,1.75,65
22598,female,1.63,29
22599,male,1.7,65
22600,male,1.73,58
22601,male,1.78,53
22602,female,1.68,50
22603,male,1.7,62
22604,female,1.56,22
22605,male,1.68,30
22606,male,1.72,72
22607,female,1.5,59
22608,male,1.67,65
22609,male,1.65,81
22610,male,1.74,79
22611,female,1.55,59
22612,female,1.5,58
22613,male,1.7,68
22614,female,1.6,70
22615,female,1.6,63
22616,male,1.73,70
22617,female,1.62,73
22618,female,1.6,73
22619,female,1.6,61
22620,female,1.72,35
22621,male,1.76,39
22622,male,1.7,50
22623,male,1.92,59
22624,female,1.69,45
22625,female,1.67,67
22626,female,1.64,68
22627,female,1.7,72
22628,female,1.62,67
22629,male,1.61,44
22630,female,1.7,62
22631,female,1.58,68
22632,male,1.7,63
22633,female,1.63,51
22634,female,1.65,68
22635,male,1.76,45
22636,female,1.6,89
22637,male,1.75,60
22638,male,1.76,69
22639,male,1.83,68
22640,male,1.7,65
22641,female,1.7,68
22642,female,1.53,59
22643,female,1.5,73
22644,male,1.8,67
22645,female,1.65,75
22646,male,1.72,59
22647,male,1.67,46
22648,male,1.8,59
22649,female,1.73,29
22650,male,1.72,76
22651,male,1.65,64
22652,male,1.81,30
22653,male,1.72,76
22654,male,1.7,54
22655,female,1.73,64
22656,male,1.87,37
22657,female,1.67,63
22658,female,1.65,45
22659,female,1.6,31
22660,male,1.76,64
22661,female,1.58,71
22662,male,1.7,84
22663,female,1.68,63
22664,female,1.7,66
22665,female,1.7,85
22666,male,1.85,53
22667,male,1.71,61
22668,male,1.87,42
22669,male,1.65,84
22670,male,1.8,77
22671,female,1.67,51
22672,male,1.83,70
22673,male,1.74,49
22674,female,1.7,78
22675,female,1.59,58
22676,male,1.76,66
22677,male,1.68,67
22678,male,1.86,64
22679,female,1.67,63
22680,female,1.57,74
22681,male,1.7,58
22682,male,1.75,55
22683,female,1.67,43
22684,male,1.8,40
22685,female,1.63,75
22686,male,1.74,26
22687,female,1.6,79
22688,female,1.62,69
22689,female,1.6,88
22690,female,1.58,69
22691,male,1.66,69
22692,female,1.72,77
22693,female,1.57,64
22694,male,1.76,47
22695,male,1.74,69
22696,female,1.7,71
22697,male,1.7,69
22698,female,1.65,67
22699,male,1.8,69
22700,male,1.8,63
22701,male,1.65,70
22702,male,1.74,74
22703,male,1.76,54
22704,male,1.75,82
22705,female,1.62,46
22706,male,1.77,23
22707,female,1.75,49
22708,female,1.68,21
22709,female,1.66,20
22710,male,1.65,77
22711,female,1.5,78
22712,male,1.9,46
22713,female,1.65,40
22714,male,1.85,56
22715,male,1.72,54
22716,female,1.65,65
22717,male,1.8,77
22718,female,1.7,56
22719,female,1.65,71
22720,female,1.7,74
22721,female,1.56,29
22722,male,1.78,68
22723,male,1.77,72
22724,female,1.65,49
22725,male,1.85,53
22726,female,1.6,77
22727,male,1.74,61
22728,female,1.76,37
22729,male,1.73,66
22730,female,1.5,89
22731,female,1.68,76
22732,female,1.6,80
22733,female,1.55,76
22734,female,1.7,82
22735,male,1.71,70
22736,female,1.54,64
22737,female,1.65,41
22738,male,1.72,73
22739,male,1.72,70
22740,female,0.72,71
22741,female,1.72,48
22742,male,1.83,72
22743,male,1.7,71
22744,female,1.63,74
22745,male,1.82,50
22746,female,1.5,84
22747,female,1.6,82
22748,male,1.75,63
22749,female,1.52,70
22750,female,1.5,73
22751,female,1.64,64
22752,female,1.65,78
22753,female,1.58,49
22754,male,1.7,73
22755,female,1.58,70
22756,male,1.72,62
22757,male,1.9,43
22758,male,1.74,66
22759,female,1.72,39
22760,female,1.75,40
22761,male,1.8,65
22762,female,1.65,65
22763,female,1.67,56
22764,female,1.7,68
22765,male,1.78,75
22766,male,1.68,77
22767,female,1.5,84
22768,female,1.55,75
22769,male,1.83,64
22770,female,1.62,78
22771,female,1.58,60
22772,female,1.57,61
22773,male,1.77,63
22774,female,1.65,70
22775,female,1.67,53
22776,female,1.6,76
22777,male,1.78,59
22778,male,1.8,59
22779,female,1.6,42
22780,female,1.66,66
22781,female,1.75,52
22782,male,1.74,47
22783,male,1.65,57
22784,female,1.7,46
22785,female,1.64,54
22786,female,1.6,60
22787,male,1.74,76
22788,female,1.73,69
22789,female,1.6,62
22790,female,1.54,63
22791,female,1.6,66
22792,female,1.78,34
22793,female,1.65,71
22794,female,1.55,59
22795,male,1.88,33
22796,male,1.63,67
22797,male,1.74,64
22798,male,1.7,67
22799,male,1.7,59
22800,male,1.65,62
22801,female,1.73,67
22802,male,1.72,82
22803,female,1.65,63
22804,female,1.54,69
22805,female,1.68,61
22806,male,1.7,70
22807,male,1.82,67
22808,female,1.74,47
22809,male,1.68,73
22810,female,1.55,86
22811,female,1.65,56
22812,male,1.82,66
22813,male,1.65,56
22814,female,1.76,52
22815,female,1.57,70
22816,female,1.75,23
22817,female,1.7,30
22818,male,1.72,87
22819,male,1.7,86
22820,female,1.62,63
22821,female,1.62,31
22822,male,1.72,79
22823,female,1.7,33
22824,female,1.68,66
22825,female,1.73,25
22826,male,1.83,37
22827,female,1.68,68
22828,male,1.85,48
22829,male,1.65,83
22830,male,1.75,55
22831,male,1.65,86
22832,female,1.53,51
22833,female,1.56,52
22834,female,1.68,50
22835,female,1.65,71
22836,female,1.64,73
22837,female,1.6,80
22838,male,1.89,66
22839,female,1.72,58
22840,female,1.65,61
22841,male,1.76,76
22842,female,1.63,76
22843,female,1.6,67
22844,male,1.67,67
22845,male,1.67,82
22846,female,1.68,73
22847,male,1.73,44
22848,male,1.83,17
22849,female,1.58,69
22850,male,1.79,72
22851,male,1.78,46
22852,female,1.75,72
22853,male,1.84,58
22854,female,1.56,40
22855,female,1.64,62
22856,male,1.64,73
22857,female,1.75,73
22858,male,1.75,70
22859,female,1.64,74
22860,female,1.53,58
22861,male,1.75,31
22862,female,1.82,47
22863,female,1.64,45
22864,female,1.63,60
22865,female,1.51,90
22866,male,1.7,65
22867,female,1.58,51
22868,female,1.68,67
22869,female,1.67,40
22870,male,1.65,73
22871,female,1.6,80
22872,female,1.54,64
22873,male,1.84,67
22874,female,1.6,72
22875,female,1.7,68
22876,female,1.6,85
22877,male,1.77,49
22878,female,1.62,58
22879,male,1.75,67
22880,male,1.7,64
22881,male,1.83,66
22882,male,1.8,49
22883,male,1.65,66
22884,female,1.68,78
22885,female,1.68,66
22886,male,1.75,38
22887,female,1.58,62
22888,male,1.75,69
22889,male,1.7,71
22890,female,1.67,54
22891,female,1.58,48
22892,male,1.8,45
22893,female,1.65,65
22894,male,1.7,63
22895,female,1.78,69
22896,male,1.65,37
22897,female,1.48,54
22898,female,1.65,77
22899,female,1.58,68
22900,female,1.65,50
22901,male,1.84,63
22902,female,1.69,66
22903,male,1.75,65
22904,male,1.93,55
22905,male,1.65,77
22906,female,1.6,49
22907,male,1.83,48
22908,male,1.7,54
22909,female,1.67,69
22910,male,1.82,47
22911,female,1.7,55
22912,female,1.65,46
22913,female,1.68,46
22914,male,1.72,73
22915,male,1.8,47
22916,male,1.71,67
22917,male,1.86,42
22918,male,1.83,52
22919,female,1.62,51
22920,male,1.75,57
22921,male,1.75,83
22922,male,1.78,65
22923,female,1.65,26
22924,female,1.65,74
22925,female,1.62,60
22926,female,1.72,45
22927,male,1.88,61
22928,female,1.65,59
22929,male,1.74,65
22930,male,1.76,52
22931,female,1.58,67
22932,female,1.67,57
22933,female,1.58,58
22934,male,1.85,64
22935,female,1.65,81
22936,male,1.74,61
22937,female,1.75,47
22938,female,1.64,81
22939,female,1.7,73
22940,female,1.72,35
22941,male,1.7,69
22942,female,1.55,79
22943,male,1.84,64
22944,male,1.75,48
22945,female,1.65,73
22946,female,1.5,64
22947,male,1.87,61
22948,female,1.6,91
22949,female,1.75,53
22950,female,1.65,45
22951,female,1.6,88
22952,female,1.65,47
22953,female,1.55,77
22954,male,1.73,67
22955,female,1.62,27
22956,male,1.78,66
22957,female,1.64,77
22958,male,1.7,65
22959,female,1.56,86
22960,female,1.65,60
22961,male,1.65,80
22962,male,1.75,43
22963,male,1.7,68
22964,female,1.64,64
22965,female,1.7,54
22966,female,1.64,49
22967,male,1.75,47
22968,female,1.67,81
22969,female,1.65,64
22970,female,1.67,62
22971,male,1.68,59
22972,female,1.62,31
22973,female,1.67,77
22974,male,1.76,75
22975,female,1.67,74
22976,male,1.78,60
22977,female,1.6,56
22978,male,1.56,65
22979,female,1.6,82
22980,male,1.7,85
22981,female,1.58,63
22982,female,1.55,70
22983,female,1.74,82
22984,female,1.7,54
22985,female,1.63,67
22986,male,1.83,66
22987,female,1.6,73
22988,male,1.85,65
22989,female,1.58,68
22990,female,1.62,68
22991,male,1.73,49
22992,female,1.6,75
22993,female,1.63,68
22994,male,1.85,71
22995,male,1.68,60
22996,female,1.52,76
22997,female,1.65,26
22998,male,1.84,79
22999,female,1.58,69
23000,female,1.55,75
23001,male,1.82,74
23002,female,1.6,80
23003,male,1.7,75
23004,female,1.7,53
23005,male,1.75,54
23006,female,1.54,15
23007,male,1.8,51
23008,female,1.66,74
23009,male,1.73,76
23010,male,1.73,60
23011,female,1.64,60
23012,female,1.6,73
23013,male,1.82,72
23014,male,1.65,57
23015,female,1.53,69
23016,female,1.64,67
23017,female,1.58,41
23018,male,1.78,45
23019,male,1.8,45
23020,male,1.78,41
23021,male,1.68,87
23022,female,1.63,58
23023,male,1.6,74
23024,male,1.85,66
23025,female,1.68,47
23026,female,1.64,49
23027,male,1.7,64
23028,male,1.7,66
23029,male,1.76,58
23030,male,1.68,68
23031,female,1.74,44
23032,female,1.6,74
23033,female,1.65,48
23034,male,1.78,67
23035,female,1.65,64
23036,female,1.62,68
23037,female,1.66,47
23038,female,1.65,66
23039,male,1.6,66
23040,male,1.82,73
23041,female,1.55,80
23042,male,1.6,71
23043,female,1.66,46
23044,male,1.75,74
23045,female,1.68,40
23046,female,1.66,64
23047,female,1.7,57
23048,male,1.72,62
23049,female,1.65,69
23050,female,1.68,68
23051,female,1.75,43
23052,male,1.8,56
23053,male,1.73,68
23054,female,1.58,77
23055,female,1.56,51
23056,male,1.73,56
23057,female,1.57,64
23058,female,1.58,53
23059,male,1.68,85
23060,female,1.65,66
23061,female,1.6,72
23062,male,1.4,63
23063,female,1.6,71
23064,male,1.74,76
23065,male,1.8,73
23066,male,1.82,80
23067,female,1.63,74
23068,female,1.7,70
23069,female,1.64,42
23070,male,1.85,52
23071,female,1.65,75
23072,female,1.55,81
23073,female,1.62,68
23074,male,1.61,48
23075,male,1.85,58
23076,female,1.63,52
23077,female,1.65,55
23078,female,1.62,76
23079,male,1.79,62
23080,female,1.6,56
23081,female,1.64,46
23082,male,1.8,51
23083,female,1.7,58
23084,female,1.6,81
23085,female,1.48,73
23086,female,1.66,45
23087,male,1.72,69
23088,male,1.76,28
23089,female,1.7,60
23090,female,1.7,67
23091,male,1.9,73
23092,female,1.6,65
23093,female,1.56,84
23094,female,1.62,63
23095,female,1.73,28
23096,female,1.61,39
23097,female,1.62,44
23098,male,1.69,42
23099,female,1.76,75
23100,female,1.6,78
23101,male,1.6,49
23102,male,1.68,78
23103,female,1.67,61
23104,female,1.65,46
23105,male,1.8,70
23106,male,1.7,79
23107,female,1.67,44
23108,female,1.55,91
23109,female,1.56,44
23110,male,1.8,45
23111,male,1.72,62
23112,female,1.58,45
23113,male,1.87,73
23114,male,1.7,71
23115,male,1.58,76
23116,female,1.54,63
23117,male,1.76,60
23118,female,1.74,69
23119,male,1.55,60
23120,male,1.65,78
23121,male,1.6,82
23122,male,1.82,46
23123,female,1.7,72
23124,female,1.7,34
23125,female,1.7,79
23126,male,1.8,22
23127,female,1.6,69
23128,male,1.73,57
23129,female,1.5,72
23130,male,1.75,59
23131,female,1.63,38
23132,male,1.7,76
23133,female,1.58,58
23134,female,1.5,76
23135,female,1.67,58
23136,female,1.64,67
23137,male,1.84,29
23138,female,1.68,57
23139,female,1.6,71
23140,male,1.8,50
23141,female,1.75,35
23142,male,1.7,49
23143,male,1.82,74
23144,female,1.7,70
23145,male,1.79,75
23146,female,1.72,64
23147,male,1.7,71
23148,female,1.76,40
23149,male,1.8,72
23150,female,1.65,57
23151,male,1.8,69
23152,female,1.56,77
23153,female,1.55,70
23154,female,1.5,84
23155,female,1.65,68
23156,male,1.61,59
23157,female,1.58,72
23158,female,1.64,75
23159,female,1.64,57
23160,male,1.6,77
23161,male,1.78,36
23162,female,1.75,27
23163,female,1.62,65
23164,female,1.53,62
23165,female,1.6,63
23166,female,1.63,68
23167,female,1.56,64
23168,female,1.61,53
23169,female,1.75,70
23170,male,1.87,66
23171,female,1.71,47
23172,male,1.8,60
23173,male,1.76,45
23174,female,1.6,71
23175,female,1.61,59
23176,male,1.7,51
23177,female,1.63,52
23178,male,1.8,40
23179,female,1.45,76
23180,male,1.76,67
23181,male,1.75,66
23182,female,1.48,53
23183,male,1.78,67
23184,male,1.79,41
23185,female,1.62,51
23186,male,1.69,32
23187,male,1.78,49
23188,female,1.7,40
23189,male,1.64,57
23190,female,1.52,68
23191,female,1.72,74
23192,male,1.79,44
23193,male,1.72,71
23194,male,1.89,65
23195,female,1.65,30
23196,male,1.77,47
23197,male,1.93,76
23198,female,1.65,82
23199,female,1.55,74
23200,male,1.65,50
23201,female,1.62,55
23202,female,1.65,72
23203,female,1.81,43
23204,male,1.35,11
23205,female,1.75,59
23206,female,1.71,41
23207,male,1.9,73
23208,male,1.66,68
23209,female,1.64,67
23210,female,1.58,65
23211,female,1.65,68
23212,female,1.75,57
23213,female,1.6,62
23214,female,1.7,36
23215,male,1.8,82
23216,male,1.82,62
23217,male,1.77,60
23218,female,1.63,43
23219,female,1.7,45
23220,female,1.6,67
23221,female,1.51,94
23222,female,1.69,24
23223,male,1.78,62
23224,male,1.76,51
23225,female,1.72,64
23226,female,1.62,67
23227,female,1.56,45
23228,male,1.73,70
23229,female,1.68,56
23230,male,1.74,56
23231,female,1.65,69
23232,female,1.65,76
23233,female,1.7,84
23234,male,1.68,70
23235,female,1.64,47
23236,male,1.72,40
23237,male,1.66,52
23238,male,1.75,59
23239,female,1.73,29
23240,female,1.64,73
23241,female,1.7,32
23242,female,1.68,73
23243,female,1.6,66
23244,male,1.7,81
23245,female,1.64,67
23246,female,1.63,46
23247,female,1.6,41
23248,female,1.7,62
23249,male,1.73,46
23250,female,1.67,69
23251,female,1.65,72
23252,female,1.72,59
23253,female,1.74,69
23254,female,1.62,47
23255,male,1.75,46
23256,male,1.67,56
23257,male,1.76,44
23258,female,1.7,73
23259,female,1.65,64
23260,male,1.76,77
23261,male,1.72,65
23262,male,1.64,79
23263,female,1.7,41
23264,female,1.64,60
23265,male,1.75,72
23266,male,1.7,61
23267,female,1.67,84
23268,female,1.8,61
23269,male,1.65,49
23270,female,1.68,64
23271,female,1.79,47
23272,male,1.86,66
23273,male,1.73,73
23274,male,2.03,46
23275,female,1.65,36
23276,female,1.67,59
23277,male,1.78,49
23278,male,1.78,57
23279,female,1.6,54
23280,male,1.75,57
23281,female,1.75,34
23282,female,1.59,81
23283,male,1.8,65
23284,female,1.7,37
23285,female,1.58,76
23286,female,1.57,58
23287,female,1.65,51
23288,female,1.58,72
23289,male,1.76,65
23290,female,1.62,55
23291,male,1.85,52
23292,female,1.62,64
23293,male,1.67,60
23294,male,1.76,45
23295,male,1.7,70
23296,male,1.7,59
23297,female,1.75,52
23298,female,1.65,80
23299,male,1.76,49
23300,male,1.85,56
23301,female,1.59,66
23302,male,1.65,77
23303,male,1.75,66
23304,male,1.68,77
23305,female,1.64,67
23306,female,1.76,44
23307,male,1.34,8
23308,male,1.72,54
23309,female,1.63,73
23310,male,1.7,47
23311,male,1.69,65
23312,male,1.7,69
23313,female,1.63,44
23314,female,1.58,63
23315,female,1.68,40
23316,male,1.8,71
23317,male,1.76,76
23318,male,1.77,81
23319,male,1.72,58
23320,female,1.78,47
23321,female,1.73,41
23322,female,1.62,63
23323,female,1.65,74
23324,female,1.53,82
23325,female,1.7,57
23326,male,1.6,71
23327,male,1.98,27
23328,male,1.75,56
23329,male,1.65,75
23330,male,2.0,22
23331,male,1.72,61
23332,male,1.75,56
23333,female,1.68,71
23334,female,1.67,37
23335,male,1.78,83
23336,female,1.6,29
23337,male,1.84,21
23338,female,1.6,70
23339,female,1.65,69
23340,female,1.66,59
23341,female,1.5,31
23342,female,1.55,74
23343,female,1.54,62
23344,male,1.73,69
23345,female,1.7,70
23346,female,1.67,76
23347,female,1.65,45
23348,female,1.65,53
23349,male,1.7,71
23350,female,1.64,66
23351,female,1.5,62
23352,female,1.57,40
23353,male,1.7,41
23354,female,1.64,70
23355,female,1.58,67
23356,male,1.67,20
23357,female,1.75,60
23358,female,1.77,60
23359,female,1.52,73
23360,male,1.65,83
23361,male,1.72,71
23362,female,1.65,53
23363,male,1.8,66
23364,male,1.79,51
23365,male,1.78,55
23366,female,1.7,68
23367,female,1.6,68
23368,male,1.7,56
23369,female,1.56,79
23370,male,1.8,70
23371,female,1.65,80
23372,female,1.68,51
23373,female,1.58,69
23374,female,1.7,56
23375,male,1.62,71
23376,female,1.76,45
23377,female,1.6,52
23378,male,1.73,55
23379,female,1.71,67
23380,female,1.7,63
23381,male,1.75,75
23382,female,1.58,88
23383,female,1.65,66
23384,female,1.6,56
23385,male,1.78,52
23386,female,1.6,52
23387,female,1.6,65
23388,female,1.63,65
23389,male,1.82,56
23390,male,1.74,63
23391,female,1.53,72
23392,female,1.65,44
23393,female,1.62,76
23394,male,1.65,61
23395,female,1.75,42
23396,female,1.58,64
23397,female,1.6,77
23398,female,1.54,51
23399,female,1.67,65
23400,female,1.55,66
23401,female,1.65,14
23402,female,1.69,76
23403,male,1.81,44
23404,female,1.7,38
23405,female,1.61,83
23406,male,1.75,51
23407,male,1.83,38
23408,male,1.8,60
23409,male,1.8,71
23410,female,1.6,72
23411,male,1.7,37
23412,female,1.5,71
23413,female,1.73,50
23414,female,1.64,58
23415,male,1.73,53
23416,male,1.7,71
23417,male,1.7,60
23418,male,1.68,44
23419,male,1.62,79
23420,female,1.63,60
23421,male,1.8,64
23422,female,1.58,66
23423,female,1.7,52
23424,male,1.72,63
23425,male,1.77,48
23426,female,1.52,71
23427,female,1.62,55
23428,male,1.8,80
23429,male,1.79,61
23430,male,1.76,33
23431,male,1.85,68
23432,male,1.7,58
23433,female,1.67,54
23434,female,1.67,81
23435,female,1.72,62
23436,female,1.88,30
23437,female,1.56,65
23438,male,1.84,66
23439,female,1.57,61
23440,male,1.82,67
23441,female,1.65,66
23442,male,1.7,64
23443,female,1.6,81
23444,female,1.68,66
23445,male,1.8,45
23446,male,1.86,58
23447,male,1.68,87
23448,male,1.72,52
23449,male,1.75,61
23450,male,1.75,72
23451,female,1.65,78
23452,female,1.58,39
23453,male,1.8,78
23454,male,1.72,60
23455,male,1.77,58
23456,female,1.63,38
23457,male,1.75,69
23458,male,1.55,64
23459,female,1.52,67
23460,male,1.8,45
23461,male,1.8,73
23462,female,1.72,42
23463,male,1.75,70
23464,female,1.6,75
23465,female,1.7,51
23466,male,1.6,58
23467,female,1.6,25
23468,female,1.8,76
23469,female,1.78,62
23470,male,1.77,56
23471,female,1.64,76
23472,male,1.69,78
23473,female,1.6,56
23474,male,1.82,49
23475,male,1.82,69
23476,male,1.82,67
23477,female,1.52,67
23478,male,1.74,43
23479,male,1.82,53
23480,female,1.7,47
23481,male,1.79,75
23482,male,1.7,27
23483,male,1.82,50
23484,male,1.73,81
23485,male,1.85,67
23486,male,1.72,59
23487,male,1.72,60
23488,female,1.65,38
23489,female,1.58,75
23490,male,1.75,59
23491,male,2.1,33
23492,male,1.68,78
23493,female,1.63,67
23494,female,1.5,54
23495,female,1.6,81
23496,male,1.72,58
23497,female,1.72,65
23498,male,1.62,72
23499,female,1.62,56
23500,female,1.68,52
23501,male,1.76,44
23502,female,1.68,56
23503,male,1.62,85
23504,male,1.8,75
23505,female,1.62,66
23506,male,1.7,71
23507,female,1.58,64
23508,male,1.65,74
23509,male,1.7,63
23510,female,1.8,31
23511,male,1.74,21
23512,male,1.86,37
23513,female,1.63,52
23514,female,1.75,62
23515,female,1.78,62
23516,male,1.68,42
23517,male,1.8,41
23518,male,1.72,58
23519,female,1.6,80
23520,male,1.7,53
23521,female,1.73,65
23522,male,1.75,50
23523,female,1.58,73
23524,male,1.7,68
23525,male,1.87,48
23526,female,1.6,41
23527,female,1.65,43
23528,female,1.6,57
23529,female,1.65,47
23530,female,1.56,64
23531,female,1.58,67
23532,female,1.63,79
23533,female,1.72,40
23534,female,1.65,68
23535,female,1.63,63
23536,female,1.7,60
23537,female,1.6,76
23538,female,1.56,74
23539,male,1.7,78
23540,female,1.6,61
23541,female,1.67,64
23542,male,1.64,70
23543,male,1.67,69
23544,male,1.63,84
23545,male,1.88,50
23546,male,1.78,47
23547,male,1.82,49
23548,female,1.65,61
23549,male,1.42,12
23550,female,1.68,68
23551,male,1.8,68
23552,female,1.68,71
23553,male,1.68,69
23554,male,1.9,44
23555,male,1.78,54
23556,female,1.62,61
23557,male,1.7,71
23558,male,1.78,36
23559,male,1.85,75
23560,female,1.62,60
23561,female,1.59,70
23562,male,1.72,76
23563,female,1.59,50
23564,male,1.87,38
23565,female,1.75,75
23566,male,1.75,69
23567,female,1.58,72
23568,female,1.72,43
23569,female,1.64,49
23570,female,1.62,76
23571,female,1.64,72
23572,male,1.82,61
23573,female,1.71,60
23574,male,1.82,58
23575,female,1.58,73
23576,female,1.6,69
23577,male,1.73,60
23578,female,1.54,66
23579,female,1.7,48
23580,female,1.72,67
23581,male,1.62,63
23582,male,1.76,74
23583,female,1.6,73
23584,female,1.6,43
23585,male,1.68,72
23586,female,1.75,52
23587,male,1.78,67
23588,female,1.64,70
23589,female,1.55,66
23590,female,1.56,64
23591,female,1.65,68
23592,female,1.55,77
23593,male,1.73,79
23594,male,1.65,82
23595,female,1.61,30
23596,male,1.55,69
23597,female,1.8,20
23598,female,1.55,69
23599,female,1.76,55
23600,female,1.6,71
23601,female,1.56,46
23602,female,1.6,82
23603,female,1.65,34
23604,female,1.68,70
23605,female,1.54,43
23606,female,1.58,71
23607,female,1.75,46
23608,female,1.64,67
23609,male,1.85,48
23610,female,1.55,80
23611,female,1.7,51
23612,female,1.72,57
23613,male,1.72,74
23614,female,1.78,40
23615,female,1.5,68
23616,female,1.64,71
23617,male,1.68,64
23618,male,1.8,63
23619,female,1.6,65
23620,female,1.6,63
23621,female,1.7,88
23622,male,1.68,74
23623,female,1.75,79
23624,female,1.64,44
23625,female,1.65,70
23626,male,1.67,55
23627,female,1.64,65
23628,male,1.86,58
23629,male,1.75,71
23630,female,1.64,61
23631,male,1.68,60
23632,female,1.64,55
23633,female,1.52,46
23634,male,1.83,71
23635,female,1.58,68
23636,male,1.85,67
23637,male,1.63,61
23638,female,1.67,45
23639,male,1.9,43
23640,male,1.7,65
23641,male,1.8,69
23642,female,1.65,81
23643,female,1.72,61
23644,female,1.77,44
23645,female,1.64,63
23646,male,1.78,33
23647,male,1.8,45
23648,male,1.8,70
23649,female,1.58,67
23650,female,1.65,79
23651,male,1.7,71
23652,female,1.64,48
23653,male,1.67,71
23654,female,1.63,51
23655,female,1.7,67
23656,male,1.7,63
23657,female,1.65,72
23658,female,1.65,67
23659,male,1.8,55
23660,male,1.78,65
23661,female,1.74,65
23662,male,1.65,62
23663,female,1.53,58
23664,female,1.6,70
23665,female,1.68,31
23666,female,1.65,61
23667,male,1.83,66
23668,female,1.72,43
23669,female,1.58,72
23670,male,1.86,44
23671,male,1.72,55
23672,female,1.48,76
23673,female,1.75,62
23674,male,1.7,61
23675,female,1.68,44
23676,male,1.85,61
23677,female,1.63,71
23678,male,1.75,66
23679,female,1.58,68
23680,female,1.68,65
23681,male,1.6,67
23682,male,1.72,78
23683,female,1.74,73
23684,male,1.86,53
23685,male,1.8,67
23686,female,1.6,76
23687,female,1.52,65
23688,male,1.82,64
23689,male,1.75,71
23690,male,1.64,72
23691,male,1.78,42
23692,male,1.78,61
23693,female,1.68,77
23694,male,1.76,20
23695,female,1.65,80
23696,male,1.78,42
23697,male,1.74,70
23698,male,1.74,63
23699,female,1.63,44
23700,male,1.7,40
23701,female,1.58,55
23702,female,1.68,69
23703,female,1.78,39
23704,female,1.68,70
23705,female,1.64,39
23706,female,1.68,46
23707,male,1.7,50
23708,female,1.72,60
23709,male,1.81,66
23710,male,1.79,66
23711,female,1.7,70
23712,female,1.5,59
23713,male,1.87,64
23714,female,1.72,30
23715,male,1.68,63
23716,male,1.75,50
23717,male,1.74,60
23718,female,1.58,43
23719,female,1.53,68
23720,male,1.72,58
23721,male,1.8,67
23722,female,1.64,79
23723,female,1.63,70
23724,female,1.68,53
23725,female,1.67,50
23726,male,1.83,47
23727,female,1.51,70
23728,female,1.55,57
23729,male,1.8,48
23730,male,1.7,79
23731,female,1.6,45
23732,female,1.57,65
23733,female,1.6,64
23734,female,1.55,79
23735,female,1.6,82
23736,male,1.78,63
23737,female,1.72,55
23738,male,1.72,64
23739,female,1.55,71
23740,male,1.78,55
23741,female,1.6,69
23742,female,1.68,63
23743,male,1.78,46
23744,female,1.76,50
23745,male,1.78,47
23746,male,1.78,60
23747,female,1.64,52
23748,female,1.7,28
23749,male,1.74,65
23750,female,1.68,61
23751,female,1.62,48
23752,male,1.78,56
23753,male,1.65,53
23754,male,1.82,44
23755,female,1.58,53
23756,male,1.75,62
23757,male,1.8,33
23758,female,1.65,53
23759,female,1.7,49
23760,female,1.64,63
23761,female,1.6,79
23762,female,1.5,69
23763,male,1.65,51
23764,female,1.64,62
23765,female,1.7,62
23766,female,1.67,58
23767,female,1.65,52
23768,male,1.83,75
23769,male,1.8,79
23770,male,1.8,67
23771,male,1.7,55
23772,female,1.64,57
23773,male,1.75,61
23774,female,1.67,79
23775,male,1.8,67
23776,female,1.58,69
23777,female,1.74,35
23778,male,1.65,60
23779,male,1.68,78
23780,female,1.69,28
23781,male,1.77,52
23782,male,1.56,82
23783,female,1.59,78
23784,female,1.72,43
23785,female,1.7,77
23786,female,1.65,68
23787,female,1.5,74
23788,male,1.74,65
23789,male,1.8,60
23790,male,1.8,77
23791,female,1.65,73
23792,male,1.75,62
23793,male,1.72,51
23794,female,1.6,65
23795,female,1.64,70
23796,female,1.6,80
23797,male,1.6,73
23798,female,1.64,36
23799,female,1.52,75
23800,male,1.7,85
23801,male,1.3,7
23802,male,1.78,58
23803,female,1.6,37
23804,female,1.52,69
23805,female,1.6,24
23806,female,1.64,53
23807,female,1.6,66
23808,male,1.65,70
23809,male,1.82,45
23810,female,1.7,44
23811,female,1.58,81
23812,female,1.66,60
23813,female,1.52,45
23814,male,1.89,60
23815,male,1.8,58
23816,female,1.8,44
23817,male,1.7,71
23818,male,1.78,67
23819,female,1.57,70
23820,male,1.7,67
23821,male,1.76,70
23822,female,1.6,51
23823,male,1.7,69
23824,male,1.88,51
23825,male,1.75,71
23826,male,1.67,69
23827,female,1.72,46
23828,female,1.55,69
23829,male,1.68,73
23830,female,1.66,47
23831,male,1.76,36
23832,male,1.76,60
23833,male,1.83,37
23834,male,1.7,82
23835,male,1.75,80
23836,female,1.55,80
23837,female,1.65,40
23838,female,1.58,83
23839,female,1.7,51
23840,female,1.7,53
23841,female,1.62,37
23842,female,1.68,62
23843,male,1.67,66
23844,male,1.74,56
23845,female,1.62,48
23846,male,1.9,51
23847,male,1.91,41
23848,female,1.68,54
23849,female,1.56,69
23850,male,1.73,70
23851,male,1.78,76
23852,male,1.6,63
23853,male,1.77,45
23854,female,1.65,77
23855,female,1.64,74
23856,male,1.39,10
23857,female,1.67,43
23858,male,1.6,85
23859,male,1.81,62
23860,female,1.65,66
23861,female,1.64,66
23862,male,1.76,49
23863,male,1.82,89
23864,female,1.6,79
23865,female,1.7,63
23866,male,1.63,68
23867,female,1.68,55
23868,male,1.7,62
23869,male,1.64,56
23870,female,1.69,47
23871,female,1.68,45
23872,female,1.68,73
23873,male,1.79,67
23874,male,1.65,80
23875,female,1.6,43
23876,male,1.8,80
23877,female,1.58,69
23878,female,1.66,60
23879,male,1.72,45
23880,male,1.8,64
23881,male,1.8,58
23882,male,1.6,75
23883,male,1.8,66
23884,male,1.84,60
23885,female,1.6,78
23886,female,1.74,67
23887,male,1.68,53
23888,female,1.76,31
23889,male,1.78,67
23890,female,1.69,52
23891,male,1.75,62
23892,female,1.65,33
23893,male,1.77,54
23894,female,1.6,86
23895,female,1.6,61
23896,male,1.74,52
23897,female,1.68,68
23898,female,1.78,50
23899,female,1.72,80
23900,female,1.7,77
23901,female,1.65,65
23902,male,1.88,52
23903,male,1.73,67
23904,male,1.89,52
23905,female,1.75,48
23906,male,1.8,62
23907,female,1.62,71
23908,female,1.6,78
23909,male,1.89,56
23910,male,1.76,59
23911,female,1.6,73
23912,male,1.85,41
23913,female,1.48,66
23914,male,1.65,77
23915,male,1.75,61
23916,male,1.96,44
23917,male,1.75,39
23918,male,1.65,65
23919,female,1.7,62
23920,female,1.62,49
23921,male,1.8,39
23922,female,1.64,55
23923,male,1.76,68
23924,female,1.6,47
23925,female,1.65,47
23926,female,1.66,45
23927,female,1.64,55
23928,female,1.7,66
23929,female,1.58,54
23930,male,1.87,59
23931,male,1.76,76
23932,male,1.68,60
23933,male,1.75,72
23934,male,1.72,68
23935,male,1.75,53
23936,female,1.61,73
23937,female,1.66,60
23938,male,1.7,68
23939,female,1.65,73
23940,female,1.65,63
23941,male,2.0,26
23942,female,1.75,43
23943,female,1.6,71
23944,female,1.55,83
23945,female,1.68,73
23946,male,1.75,42
23947,female,1.56,74
23948,male,1.73,56
23949,female,1.56,70
23950,male,1.78,29
23951,male,1.7,82
23952,male,1.8,34
23953,female,1.67,73
23954,male,1.76,75
23955,female,1.65,67
23956,female,1.67,69
23957,female,1.66,68
23958,female,1.54,69
23959,female,1.58,75
23960,male,1.78,69
23961,male,1.7,63
23962,female,1.67,87
23963,male,1.6,80
23964,female,1.6,44
23965,male,1.7,60
23966,female,1.58,56
23967,male,1.85,63
23968,female,1.75,41
23969,female,1.64,54
23970,male,1.75,78
23971,female,1.68,66
23972,male,1.82,47
23973,female,1.59,62
23974,male,1.8,64
23975,female,1.6,60
23976,female,1.7,60
23977,female,1.6,61
23978,male,1.76,52
23979,male,1.8,54
23980,female,1.6,58
23981,male,1.78,56
23982,male,1.84,45
23983,male,1.72,72
23984,male,1.89,43
23985,female,1.5,69
23986,male,1.8,66
23987,male,1.8,29
23988,female,1.58,68
23989,female,1.67,25
23990,male,1.72,29
23991,female,1.64,77
23992,female,1.64,47
23993,male,1.8,59
23994,female,1.6,78
23995,male,1.9,76
23996,female,1.63,75
23997,female,1.7,53
23998,female,1.58,22
23999,female,1.56,65
24000,male,1.8,34
24001,male,1.8,48
24002,female,1.52,73
24003,male,1.93,38
24004,male,1.79,35
24005,male,1.7,70
24006,male,1.85,56
24007,male,1.73,63
24008,male,1.72,74
24009,female,1.6,57
24010,female,1.65,48
24011,female,1.61,77
24012,female,1.73,68
24013,male,1.79,76
24014,female,1.6,62
24015,male,1.68,65
24016,male,1.57,78
24017,male,1.72,63
24018,female,1.68,60
24019,female,1.63,32
24020,male,1.76,59
24021,male,1.82,42
24022,male,1.85,66
24023,female,1.75,66
24024,female,1.63,44
24025,male,1.7,68
24026,female,1.64,58
24027,female,1.68,76
24028,male,1.76,45
24029,male,1.8,65
24030,male,1.78,67
24031,male,1.78,75
24032,male,1.7,68
24033,male,1.78,43
24034,male,1.71,65
24035,female,1.6,78
24036,male,1.7,66
24037,male,1.7,76
24038,female,1.72,56
24039,female,1.61,68
24040,female,1.7,51
24041,male,1.73,19
24042,female,1.55,71
24043,male,1.8,50
24044,male,1.7,39
24045,female,1.6,86
24046,male,1.92,57
24047,female,1.58,80
24048,female,1.6,67
24049,female,1.54,39
24050,male,1.75,39
24051,female,1.75,31
24052,female,1.72,78
24053,female,1.67,66
24054,male,1.81,59
24055,female,1.6,75
24056,female,1.7,74
24057,male,1.6,72
24058,male,1.76,42
24059,male,1.78,34
24060,female,1.64,71
24061,female,1.52,61
24062,male,1.75,80
24063,female,1.63,74
24064,female,1.55,57
24065,male,1.68,69
24066,male,1.82,54
24067,female,1.56,52
24068,male,1.75,42
24069,male,1.7,44
24070,male,1.83,35
24071,male,1.75,62
24072,male,1.74,67
24073,female,1.56,44
24074,female,1.62,55
24075,male,1.73,60
24076,male,1.8,49
24077,male,1.83,48
24078,female,1.64,47
24079,female,1.68,71
24080,female,1.64,59
24081,female,1.58,82
24082,female,1.66,67
24083,male,1.73,68
24084,male,1.69,74
24085,male,1.7,63
24086,female,1.6,76
24087,female,1.65,44
24088,female,1.64,72
24089,male,1.82,56
24090,male,1.7,51
24091,male,1.65,42
24092,female,1.78,43
24093,male,1.72,72
24094,male,1.6,73
24095,female,1.66,19
24096,male,1.75,46
24097,female,1.5,81
24098,male,1.7,68
24099,female,1.65,45
24100,male,1.68,60
24101,female,1.6,48
24102,male,1.82,70
24103,male,1.65,56
24104,female,1.56,57
24105,female,1.6,47
24106,male,1.68,75
24107,female,1.5,70
24108,female,1.54,68
24109,male,1.83,65
24110,male,1.8,64
24111,female,0.62,67
24112,female,1.6,61
24113,female,1.78,28
24114,male,1.7,71
24115,male,1.92,20
24116,female,1.64,68
24117,male,1.72,72
24118,male,1.95,56
24119,male,1.8,71
24120,male,1.7,70
24121,female,1.6,61
24122,female,1.55,61
24123,male,1.68,53
24124,male,1.85,81
24125,male,1.79,26
24126,male,1.7,84
24127,male,1.8,69
24128,male,1.6,62
24129,male,1.75,76
24130,male,1.86,43
24131,male,1.8,56
24132,male,1.67,48
24133,female,1.5,35
24134,male,1.84,62
24135,male,1.68,90
24136,female,1.66,53
24137,male,1.7,61
24138,male,1.68,64
24139,female,1.6,69
24140,male,1.68,33
24141,female,1.64,67
24142,female,1.56,62
24143,female,1.58,64
24144,female,1.65,49
24145,female,1.6,54
24146,female,1.75,47
24147,female,1.64,57
24148,female,1.59,76
24149,female,1.43,56
24150,female,1.55,84
24151,female,1.7,32
24152,female,1.6,50
24153,male,1.63,51
24154,female,1.6,97
24155,female,1.65,62
24156,female,1.5,66
24157,female,1.4,80
24158,male,1.73,71
24159,male,1.82,45
24160,female,1.58,76
24161,female,1.58,72
24162,female,1.66,43
24163,male,1.73,41
24164,female,1.62,58
24165,female,1.65,51
24166,male,1.68,76
24167,male,1.78,34
24168,female,1.6,69
24169,male,1.75,67
24170,female,1.5,78
24171,male,1.7,52
24172,male,1.68,63
24173,female,1.6,64
24174,female,1.63,60
24175,female,1.72,54
24176,male,1.7,83
24177,female,1.67,28
24178,female,1.63,34
24179,female,1.68,68
24180,female,1.57,71
24181,male,1.7,80
24182,male,1.85,65
24183,male,1.66,47
24184,male,1.94,46
24185,female,1.45,77
24186,male,1.75,71
24187,male,1.8,63
24188,male,1.7,71
24189,male,1.8,75
24190,male,1.82,62
24191,female,1.66,66
24192,female,1.65,66
24193,female,1.71,35
24194,female,1.6,50
24195,female,1.66,79
24196,female,1.62,47
24197,male,1.58,63
24198,male,1.7,65
24199,female,1.55,57
24200,male,1.8,69
24201,female,1.67,52
24202,male,1.73,25
24203,female,1.55,46
24204,male,1.72,83
24205,female,1.75,47
24206,male,1.86,36
24207,female,1.6,76
24208,male,1.8,79
24209,female,1.58,75
24210,female,1.6,63
24211,male,1.7,65
24212,male,1.76,67
24213,female,1.68,44
24214,male,1.72,67
24215,female,1.58,63
24216,male,1.73,60
24217,female,1.65,53
24218,female,1.52,72
24219,female,1.6,73
24220,female,1.53,60
24221,female,1.63,33
24222,male,1.72,66
24223,male,1.84,73
24224,female,1.6,67
24225,female,1.6,62
24226,female,1.5,80
24227,male,1.79,45
24228,female,1.6,73
24229,male,1.73,54
24230,male,1.7,73
24231,male,1.75,72
24232,female,1.58,63
24233,female,1.63,68
24234,male,1.76,67
24235,male,1.83,40
24236,female,1.75,60
24237,male,1.74,77
24238,male,1.85,79
24239,female,1.6,36
24240,female,1.7,72
24241,male,1.7,68
24242,male,1.8,52
24243,male,1.71,42
24244,male,1.7,69
24245,female,1.6,71
24246,male,1.76,72
24247,female,1.6,57
24248,female,1.63,88
24249,male,1.75,47
24250,male,1.96,35
24251,male,1.75,72
24252,male,1.74,72
24253,male,1.67,60
24254,female,1.55,19
24255,female,1.6,74
24256,male,1.78,67
24257,male,1.65,73
24258,female,1.62,46
24259,male,1.6,41
24260,female,1.7,58
24261,male,1.78,51
24262,female,1.6,65
24263,male,1.77,45
24264,female,1.6,54
24265,male,1.75,47
24266,male,1.68,71
24267,male,1.68,66
24268,male,1.73,45
24269,female,1.55,49
24270,female,1.58,67
24271,female,1.55,54
24272,male,1.72,58
24273,male,1.82,79
24274,male,1.58,53
24275,male,1.83,73
24276,male,1.7,66
24277,male,1.8,58
24278,male,1.76,69
24279,female,1.65,60
24280,male,1.78,55
24281,male,1.72,63
24282,male,1.96,67
24283,female,1.66,71
24284,female,1.58,66
24285,female,1.64,69
24286,female,1.68,34
24287,female,1.59,73
24288,female,1.76,75
24289,male,1.78,72
24290,female,1.68,66
24291,female,1.7,52
24292,female,1.7,71
24293,female,1.75,46
24294,female,1.65,45
24295,female,1.72,58
24296,male,1.78,58
24297,male,1.76,62
24298,male,1.76,70
24299,male,1.73,62
24300,male,1.76,58
24301,male,1.7,68
24302,female,1.5,70
24303,male,1.66,62
24304,female,1.76,54
24305,male,1.82,57
24306,male,1.75,44
24307,female,1.58,61
24308,female,1.46,87
24309,male,1.75,82
24310,male,1.76,63
24311,female,1.55,51
24312,male,1.74,51
24313,female,1.6,57
24314,male,1.88,48
24315,male,1.76,70
24316,female,1.6,70
24317,male,1.73,68
24318,male,1.7,67
24319,male,1.77,81
24320,female,1.5,50
24321,female,1.62,52
24322,female,1.63,75
24323,female,1.58,69
24324,male,1.62,44
24325,female,1.56,73
24326,male,1.73,75
24327,male,1.88,57
24328,female,1.7,73
24329,female,1.61,47
24330,male,1.78,44
24331,male,1.78,72
24332,female,1.69,67
24333,female,1.58,59
24334,female,1.66,60
24335,female,1.68,58
24336,male,1.75,63
24337,female,1.6,65
24338,male,1.69,87
24339,male,1.8,72
24340,female,1.62,74
24341,male,1.86,71
24342,male,1.75,71
24343,male,1.76,47
24344,male,1.76,69
24345,female,1.58,38
24346,male,1.72,72
24347,male,1.73,44
24348,male,1.86,54
24349,female,1.63,73
24350,male,1.75,66
24351,male,1.8,68
24352,female,1.58,75
24353,male,1.66,68
24354,female,1.65,73
24355,male,1.56,76
24356,male,1.86,48
24357,female,1.65,73
24358,male,1.78,68
24359,male,1.7,62
24360,female,1.65,56
24361,male,1.73,70
24362,male,1.62,56
24363,male,1.76,47
24364,female,1.65,78
24365,male,1.82,53
24366,female,1.73,50
24367,male,1.75,60
24368,male,1.65,72
24369,male,1.69,69
24370,male,1.64,73
24371,female,1.72,45
24372,female,1.56,71
24373,female,1.58,69
24374,male,1.7,80
24375,female,1.6,68
24376,male,1.7,60
24377,female,1.64,68
24378,female,1.55,50
24379,male,1.85,70
24380,female,1.68,48
24381,male,1.82,39
24382,female,1.68,41
24383,female,1.5,51
24384,female,1.77,44
24385,male,1.8,57
24386,female,1.6,43
24387,female,1.64,61
24388,female,1.65,52
24389,male,1.81,72
24390,female,1.7,34
24391,female,1.65,46
24392,male,1.68,68
24393,male,1.6,37
24394,male,1.64,50
24395,male,1.8,50
24396,female,1.73,65
24397,female,1.62,80
24398,female,1.62,67
24399,female,1.63,36
24400,female,1.62,59
24401,female,1.58,71
24402,female,1.56,61
24403,female,1.52,50
24404,female,1.56,71
24405,female,1.5,70
24406,male,1.96,56
24407,female,1.6,41
24408,male,1.78,79
24409,female,1.65,80
24410,male,1.7,77
24411,female,1.61,66
24412,male,1.97,53
24413,male,1.8,65
24414,female,1.68,82
24415,female,1.65,56
24416,male,1.85,55
24417,male,1.7,64
24418,female,1.68,76
24419,male,1.67,58
24420,female,1.57,78
24421,male,1.84,54
24422,female,1.6,68
24423,male,1.75,49
24424,male,1.7,60
24425,male,1.78,67
24426,male,1.7,50
24427,male,1.75,85
24428,female,1.51,75
24429,female,1.7,65
24430,female,1.7,65
24431,male,1.8,79
24432,male,1.6,60
24433,female,1.58,55
24434,male,1.7,25
24435,male,1.68,55
24436,male,1.7,38
24437,male,1.76,67
24438,female,1.6,66
24439,male,1.83,46
24440,female,1.67,58
24441,female,1.6,53
24442,male,1.75,55
24443,male,1.66,62
24444,male,1.72,47
24445,female,1.5,73
24446,male,1.62,86
24447,male,1.75,70
24448,female,1.62,65
24449,female,1.6,85
24450,male,1.8,76
24451,male,1.8,74
24452,female,1.6,76
24453,female,1.6,31
24454,male,1.67,74
24455,male,1.75,68
24456,male,1.68,30
24457,female,1.65,79
24458,female,1.47,68
24459,male,1.84,58
24460,male,1.74,65
24461,male,1.7,74
24462,male,1.76,45
24463,female,1.64,52
24464,female,1.75,44
24465,female,1.58,86
24466,female,1.71,61
24467,female,1.5,25
24468,male,1.85,67
24469,female,1.8,19
24470,female,1.6,75
24471,female,1.62,47
24472,male,1.72,65
24473,female,1.64,76
24474,male,1.72,65
24475,female,1.5,75
24476,male,1.75,68
24477,male,1.7,85
24478,female,1.52,72
24479,male,1.7,53
24480,female,1.75,66
24481,female,1.65,65
24482,male,1.65,62
24483,male,1.76,67
24484,male,1.6,58
24485,male,1.85,44
24486,male,1.89,55
24487,female,1.65,49
24488,female,1.52,71
24489,male,1.67,50
24490,male,1.68,81
24491,female,1.5,60
24492,female,1.75,46
24493,female,1.56,71
24494,female,1.5,77
24495,female,1.58,56
24496,female,1.68,51
24497,female,1.65,68
24498,male,1.73,61
24499,male,1.73,78
24500,female,1.62,56
24501,male,1.57,49
24502,male,1.84,52
24503,female,1.75,81
24504,male,1.86,66
24505,male,1.8,48
24506,female,1.5,79
24507,male,1.78,68
24508,male,1.7,86
24509,female,1.55,71
24510,female,1.66,37
24511,female,1.65,46
24512,female,1.64,73
24513,female,1.62,18
24514,male,1.75,46
24515,male,1.83,40
24516,female,1.63,71
24517,male,1.75,63
24518,female,1.65,88
24519,female,1.56,44
24520,female,1.72,62
24521,female,1.69,64
24522,female,1.68,73
24523,male,1.72,73
24524,male,1.76,71
24525,male,1.92,57
24526,female,1.68,61
24527,male,1.6,65
24528,female,1.68,47
24529,male,1.72,77
24530,female,1.6,69
24531,female,1.6,81
24532,male,1.75,36
24533,male,1.67,71
24534,male,1.58,66
24535,female,1.7,37
24536,female,1.65,66
24537,female,1.65,80
24538,female,1.77,80
24539,female,1.67,77
24540,female,1.63,58
24541,female,1.78,64
24542,male,1.78,77
24543,female,1.67,49
24544,female,1.56,74
24545,male,1.8,38
24546,female,1.65,64
24547,female,1.5,47
24548,female,1.6,28
24549,male,1.87,56
24550,female,1.7,76
24551,male,1.75,70
24552,female,1.5,75
24553,female,1.52,43
24554,female,1.72,63
24555,male,1.84,72
24556,male,1.78,45
24557,male,1.7,59
24558,male,1.63,63
24559,female,1.56,68
24560,male,1.85,61
24561,female,1.64,65
24562,female,1.65,63
24563,female,1.64,67
24564,male,1.76,69
24565,female,1.65,69
24566,male,1.81,62
24567,female,1.6,74
24568,female,1.73,43
24569,female,1.66,66
24570,female,1.7,65
24571,female,1.55,66
24572,female,1.62,38
24573,female,1.83,38
24574,male,1.78,80
24575,male,1.7,40
24576,female,1.67,73
24577,male,1.6,31
24578,female,1.67,37
24579,male,1.74,35
24580,female,1.5,73
24581,female,1.65,74
24582,male,1.65,75
24583,female,1.56,79
24584,female,1.58,64
24585,female,1.7,28
24586,female,1.65,44
24587,male,1.85,45
24588,male,1.76,68
24589,male,1.85,71
24590,male,1.71,70
24591,female,1.67,54
24592,female,1.6,60
24593,male,1.85,66
24594,female,1.6,51
24595,male,1.66,67
24596,male,1.75,41
24597,female,1.61,73
24598,female,1.66,66
24599,female,1.72,49
24600,male,1.75,66
24601,female,1.67,78
24602,female,1.76,57
24603,male,1.72,48
24604,male,1.68,45
24605,male,1.83,70
24606,female,1.71,67
24607,female,1.6,58
24608,female,1.58,33
24609,female,1.82,82
24610,female,1.6,75
24611,male,1.71,63
24612,male,1.71,75
24613,male,1.78,41
24614,female,1.67,66
24615,female,1.63,65
24616,female,1.62,30
24617,male,1.71,59
24618,male,1.8,64
24619,male,1.75,47
24620,male,1.7,65
24621,female,1.66,69
24622,female,1.62,73
24623,female,1.72,47
24624,male,1.72,68
24625,male,1.72,68
24626,female,1.63,41
24627,male,1.8,60
24628,female,1.68,51
24629,female,1.6,49
24630,female,1.76,34
24631,female,1.76,40
24632,female,1.63,70
24633,male,1.73,34
24634,male,1.7,78
24635,male,1.76,47
24636,male,1.65,77
24637,male,1.75,57
24638,female,1.68,29
24639,male,1.75,73
24640,male,1.7,65
24641,female,1.7,70
24642,male,1.8,35
24643,female,1.72,48
24644,male,1.74,53
24645,female,1.7,78
24646,male,1.7,62
24647,female,1.6,83
24648,female,1.63,40
24649,female,1.6,75
24650,female,1.6,63
24651,male,1.7,58
24652,male,1.68,64
24653,male,1.78,74
24654,female,1.62,34
24655,female,1.62,65
24656,male,1.76,75
24657,female,1.6,75
24658,male,1.7,51
24659,male,1.75,50
24660,male,1.75,64
24661,female,1.6,82
24662,female,1.64,72
24663,female,1.68,48
24664,male,1.79,61
24665,male,1.63,79
24666,male,1.7,61
24667,female,1.59,67
24668,female,1.6,84
24669,female,1.81,40
24670,female,1.5,41
24671,female,1.6,70
24672,female,1.58,56
24673,male,1.75,55
24674,male,1.7,79
24675,female,0.58,49
24676,male,1.73,70
24677,female,1.69,46
24678,female,1.65,45
24679,male,1.72,77
24680,male,1.72,77
24681,female,1.6,69
24682,male,1.9,37
24683,male,1.82,50
24684,female,1.7,31
24685,male,1.69,31
24686,male,1.99,42
24687,female,1.55,68
24688,female,1.7,20
24689,male,1.85,61
24690,male,1.67,64
24691,male,1.72,66
24692,female,1.6,82
24693,male,1.7,50
24694,male,1.68,46
24695,female,1.65,43
24696,female,1.67,32
24697,female,1.57,75
24698,female,1.6,24
24699,male,1.67,83
24700,male,1.75,79
24701,female,1.6,61
24702,female,1.7,70
24703,female,1.67,71
24704,female,1.61,70
24705,male,1.68,76
24706,female,1.68,42
24707,female,1.64,45
24708,female,1.7,65
24709,male,1.76,75
24710,female,1.68,54
24711,female,1.6,65
24712,female,1.58,78
24713,female,1.64,55
24714,female,1.68,63
24715,female,1.61,57
24716,male,1.94,59
24717,female,1.5,38
24718,male,1.74,43
24719,male,1.66,51
24720,female,1.7,55
24721,female,1.65,48
24722,male,1.73,43
24723,male,1.87,51
24724,female,1.58,53
24725,female,1.67,36
24726,male,1.6,85
24727,male,1.88,42
24728,female,1.55,77
24729,male,1.81,61
24730,female,1.6,79
24731,male,1.78,45
24732,female,1.72,40
24733,male,1.85,68
24734,male,1.6,45
24735,male,1.65,72
24736,male,1.7,76
24737,female,1.67,33
24738,female,1.6,45
24739,male,1.8,47
24740,male,1.8,64
24741,female,1.61,47
24742,female,1.52,73
24743,male,1.9,67
24744,male,1.65,73
24745,male,1.86,49
24746,female,1.55,84
24747,male,1.72,76
24748,male,1.69,77
24749,female,1.75,70
24750,male,1.74,63
24751,female,1.8,58
24752,male,1.79,69
24753,female,1.53,78
24754,male,1.76,58
24755,female,1.55,79
24756,male,1.73,67
24757,male,1.86,30
24758,female,1.52,69
24759,female,1.52,78
24760,male,1.72,50
24761,male,1.58,81
24762,female,1.65,63
24763,female,1.72,64
24764,female,1.58,74
24765,female,1.65,55
24766,female,1.67,64
24767,female,1.62,35
24768,male,1.68,39
24769,male,0.79,74
24770,male,1.78,77
24771,female,1.68,26
24772,male,1.86,42
24773,female,1.7,72
24774,female,1.54,85
24775,male,1.7,69
24776,female,0.7,82
24777,female,1.68,45
24778,female,1.65,55
24779,male,1.1,66
24780,male,1.76,45
24781,female,1.65,47
24782,male,1.67,50
24783,male,1.85,46
24784,female,1.6,66
24785,female,1.63,69
24786,male,1.72,77
24787,male,1.68,53
24788,male,1.75,68
24789,male,1.72,82
24790,male,1.78,71
24791,female,1.65,74
24792,female,1.64,80
24793,female,1.55,56
24794,male,1.72,72
24795,female,1.58,54
24796,male,1.76,67
24797,male,1.7,76
24798,female,1.56,74
24799,female,1.68,34
24800,male,1.65,68
24801,female,1.65,84
24802,male,1.7,85
24803,female,1.6,76
24804,male,1.8,69
24805,female,1.6,75
24806,female,1.59,72
24807,male,1.72,49
24808,female,1.65,62
24809,male,1.87,23
24810,male,1.82,75
24811,female,1.7,34
24812,female,0.59,72
24813,male,1.82,66
24814,female,1.75,50
24815,female,1.53,48
24816,female,1.62,66
24817,male,1.75,65
24818,female,1.69,61
24819,male,1.71,65
24820,female,1.54,67
24821,male,1.78,88
24822,female,1.55,64
24823,female,1.7,64
24824,male,1.69,77
24825,male,1.65,57
24826,female,1.65,72
24827,male,1.77,28
24828,male,1.62,77
24829,male,1.73,64
24830,male,1.62,57
24831,male,1.74,45
24832,male,1.76,84
24833,female,1.63,68
24834,female,1.5,48
24835,female,1.55,86
24836,female,1.7,64
24837,female,1.5,50
24838,female,1.54,65
24839,female,1.64,57
24840,female,1.57,65
24841,male,1.78,49
24842,female,1.54,70
24843,male,1.85,57
24844,male,1.78,63
24845,female,1.6,48
24846,male,1.68,73
24847,female,1.67,49
24848,male,1.74,50
24849,male,1.8,60
24850,female,1.59,42
24851,female,1.6,83
24852,female,1.65,62
24853,male,1.8,74
24854,male,1.8,33
24855,female,1.6,44
24856,female,1.65,67
24857,female,1.63,59
24858,male,1.7,52
24859,male,1.7,50
24860,male,1.83,47
24861,female,1.67,70
24862,female,1.65,68
24863,female,1.6,39
24864,male,1.74,71
24865,male,1.7,77
24866,male,1.85,43
24867,female,1.67,67
24868,female,1.64,69
24869,male,1.9,29
24870,female,1.76,41
24871,female,1.62,65
24872,male,1.84,52
24873,male,1.72,41
24874,male,1.8,59
24875,male,1.8,36
24876,male,1.76,52
24877,female,1.62,74
24878,female,1.7,47
24879,male,1.68,70
24880,female,1.8,39
24881,male,1.75,53
24882,female,1.5,79
24883,female,1.55,78
24884,male,1.7,39
24885,female,1.67,62
24886,male,1.82,67
24887,female,1.6,80
24888,female,1.65,56
24889,male,1.7,74
24890,female,1.6,47
24891,male,1.78,75
24892,male,1.75,65
24893,male,1.7,66
24894,female,1.6,52
24895,male,1.82,60
24896,male,1.91,46
24897,female,1.65,73
24898,female,1.62,60
24899,female,1.7,42
24900,female,1.63,70
24901,male,1.64,69
24902,female,1.62,56
24903,male,1.71,71
24904,female,1.7,45
24905,male,1.8,64
24906,male,1.82,54
24907,male,1.7,59
24908,female,1.68,73
24909,male,1.7,80
24910,female,1.76,52
24911,female,1.65,12
24912,female,1.72,22
24913,male,1.8,69
24914,female,1.68,69
24915,female,1.58,68
24916,female,1.72,42
24917,female,1.65,59
24918,male,1.77,64
24919,female,1.54,75
24920,male,1.75,59
24921,female,1.65,56
24922,male,1.81,66
24923,female,1.55,83
24924,female,1.67,62
24925,female,1.68,44
24926,female,1.75,63
24927,female,1.7,42
24928,male,1.8,73
24929,female,1.67,59
24930,male,1.76,54
24931,female,1.67,29
24932,male,1.8,41
24933,female,1.52,61
24934,female,1.6,73
24935,female,1.52,78
24936,female,1.6,53
24937,male,1.83,55
24938,male,1.83,49
24939,male,1.65,69
24940,female,1.5,68
24941,male,1.62,71
24942,female,1.65,75
24943,male,1.79,71
24944,female,1.65,77
24945,male,1.75,51
24946,female,1.7,59
24947,female,1.58,77
24948,female,1.7,51
24949,female,1.71,66
24950,female,1.72,49
24951,male,1.7,68
24952,female,1.65,53
24953,female,1.58,65
24954,female,1.5,83
24955,male,1.73,58
24956,male,1.72,41
24957,female,1.68,59
24958,male,1.67,58
24959,female,1.5,51
24960,female,1.5,83
24961,female,1.75,26
24962,female,1.62,48
24963,female,1.52,35
24964,female,1.65,42
24965,female,1.7,74
24966,male,1.73,57
24967,male,1.72,71
24968,male,1.76,67
24969,male,1.7,68
24970,female,1.56,68
24971,male,1.8,60
24972,female,1.74,35
24973,male,1.67,57
24974,male,1.76,77
24975,female,1.68,75
24976,male,1.76,57
24977,male,1.85,62
24978,male,1.86,58
24979,male,1.8,20
24980,male,1.65,66
24981,male,1.8,45
24982,female,1.68,53
24983,male,1.56,78
24984,female,1.65,60
24985,female,1.55,66
24986,female,1.5,73
24987,female,1.74,60
24988,male,1.78,81
24989,female,1.56,51
24990,female,1.55,69
24991,male,1.92,36
24992,female,1.6,80
24993,female,1.68,66
24994,female,1.6,69
24995,female,1.63,50
24996,female,1.67,53
24997,female,1.55,86
24998,male,1.7,69
24999,female,1.7,58
25000,female,1.58,55
25001,female,1.65,59
25002,male,1.67,56
25003,male,1.75,50
25004,male,1.73,69
25005,female,1.7,71
25006,female,1.66,75
25007,male,1.76,14
25008,female,1.6,77
25009,female,1.57,47
25010,male,1.6,63
25011,female,1.6,78
25012,male,1.69,54
25013,female,1.64,63
25014,female,1.53,76
25015,male,1.7,64
25016,male,1.93,18
25017,female,1.64,87
25018,male,1.74,72
25019,female,1.6,58
25020,female,1.6,48
25021,male,1.82,69
25022,male,1.7,52
25023,male,1.78,50
25024,female,1.75,71
25025,female,1.59,61
25026,female,1.5,73
25027,male,1.7,65
25028,female,1.6,67
25029,male,1.74,61
25030,female,1.76,46
25031,female,1.64,71
25032,female,1.54,67
25033,male,1.81,66
25034,female,1.64,71
25035,female,1.76,44
25036,male,1.78,72
25037,female,1.62,66
25038,female,1.64,54
25039,male,1.94,31
25040,male,1.73,46
25041,female,1.58,65
25042,female,1.7,64
25043,male,1.72,58
25044,male,1.72,64
25045,female,1.49,72
25046,female,1.68,52
25047,female,1.52,41
25048,female,1.52,67
25049,male,1.76,56
25050,male,1.89,42
25051,female,1.65,53
25052,female,1.6,62
25053,male,1.82,50
25054,female,1.69,18
25055,female,1.57,77
25056,male,1.86,77
25057,male,1.78,74
25058,female,1.55,72
25059,male,1.76,60
25060,female,1.61,75
25061,female,1.64,67
25062,female,1.62,59
25063,female,1.64,79
25064,male,1.67,63
25065,male,1.82,64
25066,female,1.7,45
25067,male,1.77,74
25068,female,1.65,60
25069,female,1.6,21
25070,female,1.5,78
25071,male,1.78,58
25072,male,1.3,7
25073,female,1.7,85
25074,female,1.6,31
25075,male,1.72,69
25076,male,1.78,28
25077,female,1.67,65
25078,male,1.75,81
25079,female,1.66,77
25080,female,1.62,50
25081,female,1.62,73
25082,male,1.7,73
25083,female,1.49,82
25084,female,1.67,65
25085,female,1.63,28
25086,male,1.78,45
25087,male,1.87,63
25088,female,1.68,60
25089,female,1.68,46
25090,male,1.7,69
25091,female,1.56,52
25092,male,1.8,45
25093,female,1.65,76
25094,male,1.76,44
25095,male,1.67,42
25096,male,1.6,67
25097,male,1.8,80
25098,female,1.65,26
25099,female,1.66,51
25100,male,1.8,62
25101,female,1.55,37
25102,female,1.6,45
25103,male,1.82,80
25104,male,1.8,53
25105,male,1.76,57
25106,male,1.79,59
25107,female,1.55,40
25108,female,1.53,49
25109,female,1.68,63
25110,male,1.78,56
25111,female,1.67,69
25112,female,1.7,44
25113,female,1.84,48
25114,male,1.8,44
25115,male,1.83,34
25116,female,1.6,64
25117,female,1.76,55
25118,female,1.55,81
25119,female,1.7,49
25120,male,1.78,64
25121,male,1.7,83
25122,female,1.7,69
25123,female,1.65,71
25124,female,1.6,43
25125,male,1.63,46
25126,female,1.61,49
25127,female,1.72,43
25128,female,1.68,26
25129,female,1.65,58
25130,male,1.7,51
25131,female,1.6,86
25132,female,1.7,70
25133,female,1.65,28
25134,female,1.66,68
25135,male,1.75,75
25136,female,1.6,78
25137,female,1.65,37
25138,male,1.71,58
25139,male,1.85,79
25140,female,1.63,84
25141,male,1.8,45
25142,female,1.65,68
25143,female,1.66,62
25144,female,1.65,47
25145,female,1.6,88
25146,female,1.6,69
25147,male,1.78,70
25148,female,1.52,70
25149,male,1.75,75
25150,male,0.89,79
25151,female,1.63,24
25152,male,1.6,62
25153,female,1.63,47
25154,male,1.7,77
25155,female,1.56,69
25156,male,1.76,48
25157,male,1.67,70
25158,male,1.8,55
25159,female,1.58,87
25160,male,1.82,53
25161,male,1.78,37
25162,female,1.65,62
25163,female,1.55,76
25164,male,1.8,23
25165,female,1.7,68
25166,male,1.78,53
25167,female,1.65,50
25168,male,1.83,46
25169,female,1.6,70
25170,female,1.67,57
25171,male,1.69,69
25172,female,1.72,35
25173,female,1.6,78
25174,male,1.7,43
25175,female,1.7,66
25176,female,1.52,76
25177,female,1.6,58
25178,female,1.7,56
25179,female,1.52,57
25180,male,1.79,44
25181,female,1.67,56
25182,male,1.82,56
25183,male,1.7,78
25184,female,1.53,45
25185,female,1.5,79
25186,female,1.65,74
25187,female,1.6,45
25188,female,1.58,66
25189,female,1.63,50
25190,male,1.75,40
25191,female,1.64,68
25192,female,1.61,33
25193,female,1.65,55
25194,male,1.91,67
25195,female,1.67,24
25196,male,1.7,78
25197,female,1.6,65
25198,male,1.85,57
25199,male,1.83,71
25200,male,1.63,65
25201,male,1.74,52
25202,female,1.64,61
25203,male,1.78,47
25204,female,1.65,68
25205,female,1.55,65
25206,female,1.73,74
25207,female,1.58,76
25208,male,1.78,74
25209,female,1.64,49
25210,female,1.66,52
25211,female,1.65,27
25212,female,1.7,52
25213,male,1.8,70
25214,male,1.71,56
25215,male,1.9,91
25216,female,1.68,82
25217,female,1.68,61
25218,female,1.74,43
25219,female,1.67,75
25220,male,1.85,44
25221,female,1.58,67
25222,male,1.64,61
25223,female,1.8,83
25224,female,1.58,75
25225,female,1.58,55
25226,female,1.65,72
25227,female,1.6,84
25228,male,1.73,52
25229,female,1.6,77
25230,female,1.65,55
25231,male,1.7,51
25232,male,1.7,71
25233,male,1.78,76
25234,male,1.7,52
25235,female,1.68,80
25236,female,1.54,46
25237,male,1.6,92
25238,male,1.7,79
25239,male,1.72,63
25240,female,1.6,79
25241,male,1.67,42
25242,male,1.75,55
25243,female,1.65,49
25244,female,1.74,44
25245,male,1.75,70
25246,female,1.64,62
25247,male,1.8,75
25248,female,1.7,47
25249,female,1.67,80
25250,male,1.62,68
25251,male,1.93,28
25252,male,1.8,65
25253,male,1.82,41
25254,male,1.65,51
25255,male,1.76,55
25256,female,1.65,73
25257,male,1.79,34
25258,male,1.76,56
25259,male,1.82,50
25260,male,1.86,59
25261,female,1.61,54
25262,male,1.7,18
25263,female,1.6,45
25264,female,1.6,75
25265,male,1.74,70
25266,male,1.76,70
25267,male,1.78,68
25268,female,1.58,65
25269,male,1.69,76
25270,female,1.55,79
25271,female,1.64,71
25272,female,1.58,82
25273,female,1.6,55
25274,female,1.62,70
25275,male,1.75,79
25276,male,1.78,73
25277,female,1.55,59
25278,female,1.58,57
25279,male,1.7,69
25280,female,1.6,76
25281,male,1.78,67
25282,female,1.62,63
25283,female,1.45,85
25284,male,1.69,73
25285,male,1.75,27
25286,male,1.8,85
25287,male,1.78,19
25288,male,1.8,58
25289,female,1.68,59
25290,female,1.68,83
25291,female,1.54,77
25292,female,1.6,54
25293,female,1.5,37
25294,female,1.55,57
25295,male,1.72,74
25296,female,1.64,66
25297,female,1.55,81
25298,male,1.8,64
25299,female,1.58,57
25300,male,1.9,24
25301,female,1.6,81
25302,male,1.7,54
25303,male,1.8,64
25304,female,1.67,65
25305,female,1.5,72
25306,male,1.77,71
25307,male,1.78,69
25308,male,1.7,52
25309,female,1.67,69
25310,female,1.53,44
25311,female,1.64,58
25312,male,1.78,70
25313,male,1.8,49
25314,female,1.55,44
25315,female,1.85,44
25316,female,1.64,61
25317,female,1.55,77
25318,male,1.75,75
25319,female,1.66,49
25320,male,1.8,66
25321,male,1.65,77
25322,male,1.77,71
25323,female,1.5,39
25324,female,1.67,54
25325,female,1.6,56
25326,female,1.6,65
25327,male,1.6,67
25328,female,1.73,53
25329,male,1.8,47
25330,female,1.67,37
25331,male,1.82,71
25332,female,1.62,70
25333,female,1.74,60
25334,male,1.75,64
25335,female,1.5,90
25336,male,1.78,43
25337,female,1.6,72
25338,male,1.78,74
25339,female,1.58,70
25340,female,1.65,60
25341,female,1.65,43
25342,male,1.75,71
25343,male,1.6,54
25344,female,1.74,52
25345,female,1.63,64
25346,male,1.7,70
25347,female,1.56,52
25348,female,1.6,66
25349,female,1.56,67
25350,female,1.65,73
25351,male,1.76,76
25352,female,1.7,52
25353,female,1.67,69
25354,male,1.67,47
25355,male,1.7,64
25356,female,1.62,81
25357,male,1.9,67
25358,male,1.7,54
25359,male,1.7,84
25360,male,1.76,65
25361,male,1.7,82
25362,male,1.96,59
25363,female,1.77,69
25364,male,1.64,80
25365,female,1.64,69
25366,female,1.65,45
25367,male,1.7,70
25368,male,1.72,81
25369,male,1.72,71
25370,female,1.65,53
25371,male,1.65,73
25372,male,1.76,72
25373,female,1.55,64
25374,male,1.81,55
25375,female,1.68,47
25376,female,1.6,63
25377,male,1.7,74
25378,male,1.75,52
25379,male,1.72,74
25380,male,1.72,68
25381,male,1.75,70
25382,female,1.69,28
25383,female,1.67,20
25384,female,1.64,69
25385,male,1.93,27
25386,male,1.7,68
25387,female,1.7,52
25388,female,1.6,75
25389,male,1.73,73
25390,female,1.6,67
25391,female,1.56,78
25392,male,1.68,68
25393,female,1.68,70
25394,male,1.8,32
25395,female,1.64,32
25396,female,1.68,43
25397,female,1.56,81
25398,male,1.8,41
25399,female,1.56,67
25400,female,1.58,80
25401,female,1.58,70
25402,male,1.66,75
25403,male,1.6,60
25404,female,1.75,17
25405,male,1.73,61
25406,male,1.72,30
25407,male,1.75,67
25408,male,1.78,62
25409,female,1.6,64
25410,male,1.86,44
25411,female,1.66,46
25412,female,1.6,57
25413,female,1.63,46
25414,male,1.64,51
25415,female,1.63,18
25416,female,1.72,69
25417,female,1.67,77
25418,male,1.75,57
25419,male,1.74,61
25420,female,1.64,57
25421,male,1.67,55
25422,female,1.68,47
25423,male,1.75,67
25424,female,1.56,71
25425,female,1.63,67
25426,male,1.74,19
25427,female,1.65,61
25428,male,1.65,73
25429,male,1.68,79
25430,male,1.87,58
25431,male,1.78,66
25432,female,1.58,74
25433,male,1.7,53
25434,male,1.7,84
25435,male,1.8,70
25436,male,1.8,63
25437,male,1.75,90
25438,male,1.85,49
25439,male,1.77,57
25440,female,1.5,62
25441,male,1.78,67
25442,male,1.72,65
25443,female,1.65,81
25444,female,1.65,55
25445,male,1.8,61
25446,male,1.8,42
25447,male,1.82,54
25448,female,1.58,57
25449,male,1.8,68
25450,female,1.54,75
25451,male,1.74,67
25452,female,1.5,69
25453,male,1.73,61
25454,female,1.67,63
25455,female,1.68,72
25456,male,1.78,46
25457,female,1.58,85
25458,female,1.6,75
25459,male,1.85,44
25460,female,1.65,47
25461,female,1.63,77
25462,male,1.72,33
25463,female,1.58,54
25464,male,1.7,70
25465,female,1.56,84
25466,male,1.66,55
25467,male,1.85,52
25468,male,1.84,71
25469,female,1.56,73
25470,female,1.68,32
25471,female,1.65,72
25472,male,1.7,45
25473,male,1.8,58
25474,male,1.78,81
25475,female,1.56,73
25476,female,1.7,67
25477,female,1.62,46
25478,female,1.67,66
25479,female,1.6,70
25480,female,1.7,68
25481,male,1.73,57
25482,male,1.8,70
25483,female,1.65,77
25484,female,1.5,81
25485,male,1.85,36
25486,male,1.73,76
25487,female,1.68,45
25488,female,1.57,67
25489,female,1.64,57
25490,male,1.76,65
25491,female,1.66,74
25492,male,1.8,26
25493,female,1.58,74
25494,female,1.7,55
25495,male,1.65,38
25496,male,1.68,54
25497,male,1.73,46
25498,female,1.8,47
25499,female,1.74,35
25500,female,1.55,63
25501,female,1.62,52
25502,male,1.81,58
25503,female,1.62,55
25504,female,1.5,59
25505,female,1.65,55
25506,female,1.6,64
25507,female,1.65,71
25508,female,1.72,56
25509,male,1.65,68
25510,male,1.82,17
25511,male,1.68,78
25512,male,1.8,75
25513,female,1.58,73
25514,male,1.68,64
25515,male,1.62,68
25516,female,1.62,58
25517,male,1.65,29
25518,female,1.6,75
25519,female,1.58,72
25520,female,1.58,76
25521,female,1.61,46
25522,female,1.64,73
25523,female,1.55,61
25524,male,1.78,77
25525,male,1.65,59
25526,female,1.65,72
25527,female,1.67,45
25528,male,1.7,86
25529,female,1.6,50
25530,male,1.76,54
25531,male,1.7,72
25532,female,1.69,39
25533,female,1.65,36
25534,male,1.74,54
25535,female,1.5,70
25536,female,1.56,78
25537,female,1.68,34
25538,female,1.54,38
25539,male,1.68,67
25540,male,1.7,74
25541,female,1.58,72
25542,female,1.64,64
25543,female,1.65,53
25544,male,1.65,70
25545,female,1.58,80
25546,female,1.68,54
25547,female,1.6,46
25548,female,1.6,73
25549,male,1.61,60
25550,male,1.7,66
25551,female,1.71,48
25552,male,1.78,57
25553,male,1.83,79
25554,female,1.6,80
25555,female,1.6,46
25556,female,1.58,32
25557,female,1.56,61
25558,female,1.68,65
25559,female,1.72,15
25560,male,1.8,74
25561,female,1.58,59
25562,male,1.83,72
25563,male,1.85,55
25564,male,1.89,47
25565,male,1.86,76
25566,male,1.73,48
25567,male,1.7,62
25568,male,1.9,55
25569,female,1.65,59
25570,male,1.88,62
25571,female,1.74,53
25572,male,1.75,58
25573,male,1.74,44
25574,male,1.76,60
25575,male,1.75,68
25576,male,1.76,69
25577,female,1.63,65
25578,female,1.65,46
25579,male,1.66,72
25580,male,1.58,81
25581,female,1.64,60
25582,female,1.65,61
25583,male,1.72,62
25584,female,1.55,44
25585,male,1.8,58
25586,female,1.6,76
25587,male,1.74,75
25588,male,1.76,80
25589,female,1.7,60
25590,female,1.6,74
25591,male,1.78,65
25592,male,1.75,78
25593,female,1.68,46
25594,female,1.64,80
25595,male,1.87,57
25596,female,1.65,52
25597,male,1.67,77
25598,female,1.6,38
25599,male,1.7,66
25600,female,1.56,66
25601,female,1.55,63
25602,male,1.9,51
25603,female,1.65,50
25604,female,1.6,86
25605,male,1.81,53
25606,male,1.88,83
25607,male,1.75,80
25608,male,1.8,68
25609,female,1.65,74
25610,female,1.58,63
25611,female,1.65,62
25612,female,1.67,52
25613,male,1.9,58
25614,male,1.7,66
25615,male,1.8,69
25616,male,1.6,70
25617,male,1.76,67
25618,male,1.7,71
25619,male,1.76,69
25620,male,1.76,66
25621,male,1.72,57
25622,female,1.58,64
25623,female,1.67,53
25624,male,1.75,55
25625,female,1.75,52
25626,male,1.76,53
25627,male,1.65,65
25628,female,1.67,66
25629,male,1.82,65
25630,female,1.65,57
25631,female,1.55,50
25632,male,1.75,68
25633,male,1.8,77
25634,male,1.8,61
25635,male,1.69,59
25636,male,1.75,63
25637,female,1.67,43
25638,female,1.68,48
25639,female,1.58,92
25640,male,1.75,32
25641,female,1.58,69
25642,female,1.68,58
25643,male,1.8,50
25644,male,1.87,41
25645,male,1.82,85
25646,male,1.71,61
25647,female,1.58,79
25648,female,1.56,76
25649,female,1.65,63
25650,male,1.74,70
25651,male,1.7,33
25652,male,1.82,68
25653,female,1.59,82
25654,male,1.76,55
25655,male,1.74,51
25656,female,1.67,69
25657,female,1.64,62
25658,male,1.7,65
25659,male,1.7,70
25660,male,1.77,74
25661,female,1.58,67
25662,male,1.75,81
25663,female,1.65,57
25664,male,1.77,28
25665,female,1.54,57
25666,female,1.51,63
25667,female,1.69,57
25668,female,1.65,47
25669,female,1.55,71
25670,female,1.62,76
25671,female,1.75,46
25672,female,1.65,41
25673,female,1.65,67
25674,female,1.72,63
25675,female,1.58,68
25676,female,1.6,77
25677,male,1.58,70
25678,female,1.6,64
25679,female,1.62,69
25680,female,1.65,76
25681,male,1.73,49
25682,female,1.5,64
25683,male,1.84,55
25684,female,1.62,62
25685,male,1.9,62
25686,female,1.56,19
25687,male,1.75,65
25688,male,1.88,47
25689,female,1.58,77
25690,female,1.62,79
25691,female,1.75,67
25692,male,1.82,53
25693,male,1.68,75
25694,female,1.6,64
25695,female,1.6,71
25696,male,1.72,77
25697,female,1.66,25
25698,female,1.64,82
25699,female,1.6,78
25700,female,1.65,72
25701,male,1.8,76
25702,female,1.7,54
25703,male,1.78,65
25704,female,1.64,76
25705,female,1.65,60
25706,male,1.7,38
25707,female,1.6,65
25708,male,1.6,71
25709,female,1.7,83
25710,female,1.62,45
25711,male,1.85,56
25712,female,1.71,61
25713,female,0.7,63
25714,male,1.76,43
25715,male,1.8,44
25716,male,1.82,73
25717,male,1.78,55
25718,female,1.65,41
25719,male,1.8,19
25720,male,1.79,51
25721,female,1.58,75
25722,female,1.63,40
25723,male,1.8,66
25724,female,1.5,71
25725,female,1.62,50
25726,female,1.54,73
25727,male,1.68,93
25728,female,1.7,65
25729,female,1.65,67
25730,male,1.65,67
25731,male,1.72,75
25732,female,1.56,81
25733,female,1.64,44
25734,female,1.63,65
25735,female,1.65,48
25736,male,1.65,55
25737,female,1.73,45
25738,male,1.66,68
25739,male,1.8,29
25740,female,1.62,67
25741,female,1.6,49
25742,male,1.74,61
25743,male,1.85,57
25744,female,1.61,55
25745,male,1.65,68
25746,female,1.67,50
25747,female,1.7,81
25748,male,1.75,77
25749,male,1.82,72
25750,female,1.67,70
25751,female,1.62,50
25752,male,1.95,62
25753,male,1.67,63
25754,female,1.68,50
25755,female,1.6,56
25756,male,1.73,55
25757,female,1.55,69
25758,female,1.58,70
25759,female,1.5,82
25760,male,1.77,47
25761,male,1.8,65
25762,male,1.8,37
25763,female,1.7,42
25764,male,1.78,81
25765,female,1.65,50
25766,female,1.63,40
25767,female,1.7,34
25768,female,1.7,60
25769,female,1.58,73
25770,male,1.73,84
25771,female,1.65,82
25772,female,1.65,69
25773,male,1.8,47
25774,female,1.7,53
25775,male,1.8,60
25776,female,1.6,72
25777,female,1.56,71
25778,female,1.67,42
25779,male,1.8,61
25780,female,1.66,56
25781,female,1.65,47
25782,female,1.6,70
25783,male,1.72,39
25784,female,1.65,66
25785,male,1.93,24
25786,female,1.52,76
25787,male,1.78,77
25788,female,1.65,33
25789,male,1.72,41
25790,male,1.82,70
25791,female,1.67,73
25792,male,1.73,75
25793,female,1.63,71
25794,female,1.66,69
25795,female,1.74,72
25796,male,1.75,38
25797,male,1.67,62
25798,female,1.78,79
25799,female,1.7,53
25800,female,1.5,77
25801,male,1.68,12
25802,male,1.88,43
25803,male,1.75,71
25804,female,1.64,54
25805,male,1.65,79
25806,male,1.78,52
25807,male,1.8,88
25808,female,1.63,48
25809,male,1.84,56
25810,female,1.62,62
25811,male,1.87,49
25812,female,1.65,68
25813,female,1.66,74
25814,female,1.52,92
25815,female,1.65,70
25816,male,1.68,77
25817,female,1.5,81
25818,female,1.6,50
25819,female,1.68,72
25820,female,1.64,75
25821,male,1.68,57
25822,male,1.63,71
25823,female,1.56,47
25824,female,1.66,63
25825,female,1.64,69
25826,female,1.65,68
25827,male,1.9,47
25828,female,1.58,76
25829,male,1.68,41
25830,female,1.65,83
25831,female,1.62,69
25832,male,1.68,67
25833,female,1.8,60
25834,male,1.82,67
25835,male,1.74,68
25836,male,1.6,54
25837,male,1.66,69
25838,female,1.67,60
25839,female,1.5,58
25840,female,1.64,66
25841,female,1.73,35
25842,male,1.78,75
25843,female,1.6,74
25844,female,1.7,59
25845,male,1.55,31
25846,female,1.58,63
25847,male,1.68,65
25848,female,1.56,55
25849,female,1.51,70
25850,male,1.85,77
25851,male,1.73,75
25852,female,1.56,69
25853,male,1.7,18
25854,female,1.63,59
25855,male,1.7,40
25856,female,1.75,49
25857,female,1.64,84
25858,female,1.7,65
25859,female,1.6,59
25860,female,1.65,84
25861,male,1.6,72
25862,female,1.66,53
25863,female,1.65,66
25864,female,1.6,81
25865,female,1.58,72
25866,male,1.74,68
25867,female,1.55,72
25868,male,1.78,59
25869,female,1.5,69
25870,male,1.72,15
25871,female,1.78,46
25872,female,1.67,69
25873,female,1.65,51
25874,male,1.68,68
25875,male,1.76,46
25876,female,1.66,56
25877,female,1.7,58
25878,male,1.78,48
25879,male,1.77,49
25880,male,1.67,66
25881,male,1.76,78
25882,female,1.71,54
25883,female,1.6,68
25884,male,1.54,47
25885,male,1.56,13
25886,male,1.92,57
25887,female,1.76,51
25888,female,1.5,85
25889,male,1.72,82
25890,female,1.63,68
25891,male,1.8,69
25892,female,1.56,32
25893,female,1.6,51
25894,male,1.8,50
25895,male,1.76,66
25896,male,1.83,73
25897,male,1.72,60
25898,male,1.65,65
25899,female,1.6,85
25900,female,1.55,55
25901,male,1.76,54
25902,male,1.76,66
25903,female,1.7,76
25904,female,1.72,35
25905,female,1.6,66
25906,male,1.65,72
25907,female,1.65,83
25908,male,1.8,42
25909,female,1.68,72
25910,female,1.59,13
25911,male,1.86,47
25912,female,1.56,80
25913,male,1.85,29
25914,male,1.78,51
25915,male,1.68,78
25916,female,1.73,60
25917,female,1.74,45
25918,female,1.55,44
25919,male,1.9,45
25920,female,1.6,53
25921,male,1.7,77
25922,female,1.6,67
25923,male,1.85,62
25924,male,1.75,53
25925,female,1.54,54
25926,male,1.76,68
25927,female,1.6,52
25928,male,1.7,77
25929,female,1.7,68
25930,male,1.54,79
25931,female,1.64,69
25932,male,1.65,72
25933,female,1.55,54
25934,female,1.58,63
25935,female,1.74,42
25936,male,1.62,80
25937,male,1.8,76
25938,female,1.52,46
25939,female,1.62,53
25940,male,1.8,66
25941,female,1.65,75
25942,male,1.75,86
25943,male,1.7,63
25944,male,1.78,65
25945,female,1.65,48
25946,male,1.7,37
25947,male,1.66,61
25948,female,1.58,69
25949,female,1.68,52
25950,female,1.58,74
25951,female,1.68,72
25952,male,1.75,66
25953,female,1.54,61
25954,female,1.67,81
25955,male,1.75,38
25956,male,1.78,76
25957,female,1.67,55
25958,male,1.96,44
25959,female,1.6,46
25960,female,1.5,64
25961,female,1.74,82
25962,male,1.7,58
25963,female,1.72,44
25964,male,1.75,57
25965,female,1.73,43
25966,female,1.58,66
25967,male,1.6,73
25968,female,1.54,72
25969,male,1.72,61
25970,male,1.72,67
25971,female,1.6,71
25972,female,1.6,74
25973,female,1.65,60
25974,male,1.8,63
25975,female,1.54,82
25976,female,1.52,79
25977,female,1.62,69
25978,male,1.76,61
25979,male,1.82,61
25980,male,1.68,79
25981,male,1.7,43
25982,female,1.57,80
25983,male,1.7,79
25984,female,1.65,68
25985,male,1.72,42
25986,male,1.72,77
25987,male,1.78,50
25988,female,1.75,28
25989,male,1.75,62
25990,male,1.7,76
25991,male,1.7,53
25992,male,1.7,69
25993,female,1.62,56
25994,male,1.75,66
25995,female,1.6,22
25996,male,1.8,65
25997,male,1.8,19
25998,female,1.65,76
25999,female,1.72,51
26000,male,1.7,78
26001,male,1.85,66
26002,female,1.61,66
26003,female,1.6,72
26004,female,1.64,52
26005,male,1.8,48
26006,female,1.75,72
26007,male,1.78,69
26008,male,1.68,46
26009,male,1.75,80
26010,female,1.52,75
26011,female,1.7,80
26012,male,1.87,59
26013,female,1.65,57
26014,female,1.6,78
26015,female,1.75,73
26016,male,1.75,64
26017,male,1.53,66
26018,male,1.86,59
26019,male,1.68,68
26020,male,1.87,58
26021,female,1.7,83
26022,female,1.68,69
26023,female,1.72,76
26024,male,1.7,52
26025,female,1.6,47
26026,male,1.8,72
26027,male,1.8,64
26028,male,1.7,69
26029,male,1.72,65
26030,male,1.75,46
26031,female,1.65,60
26032,female,1.65,50
26033,male,1.7,69
26034,male,1.87,43
26035,male,1.76,41
26036,female,1.71,77
26037,female,1.6,37
26038,female,1.64,72
26039,male,1.68,72
26040,male,1.7,76
26041,female,1.65,64
26042,female,1.62,72
26043,male,1.9,29
26044,male,1.8,46
26045,female,1.71,60
26046,female,1.69,48
26047,male,1.79,78
26048,male,1.8,93
26049,female,1.6,54
26050,female,1.65,76
26051,female,1.75,55
26052,male,1.8,57
26053,female,1.55,84
26054,female,1.49,78
26055,male,1.76,66
26056,male,1.72,70
26057,female,1.67,65
26058,male,1.78,61
26059,male,1.81,71
26060,female,1.6,92
26061,female,1.7,67
26062,female,1.68,72
26063,female,1.76,60
26064,male,1.84,61
26065,male,1.73,66
26066,female,1.59,58
26067,male,1.83,25
26068,female,1.52,61
26069,female,1.64,42
26070,female,1.7,47
26071,female,1.5,65
26072,male,1.82,61
26073,female,1.7,64
26074,male,1.76,73
26075,female,1.5,80
26076,female,1.65,51
26077,female,1.65,80
26078,female,1.62,60
26079,female,1.5,74
26080,female,1.58,43
26081,female,1.64,55
26082,male,1.78,62
26083,male,1.68,75
26084,male,1.7,81
26085,male,1.85,43
26086,male,1.8,67
26087,female,1.55,86
26088,female,1.62,59
26089,female,1.6,75
26090,female,1.58,46
26091,male,1.84,66
26092,female,1.56,62
26093,male,1.75,66
26094,female,1.72,48
26095,male,1.8,67
26096,male,1.8,57
26097,male,1.64,76
26098,female,1.7,62
26099,female,1.6,72
26100,male,1.85,39
26101,female,1.6,44
26102,male,1.7,63
26103,female,1.66,47
26104,male,1.85,67
26105,female,1.75,94
26106,female,1.7,56
26107,male,1.8,80
26108,female,1.72,58
26109,female,1.67,55
26110,female,1.58,68
26111,female,1.65,74
26112,female,1.58,39
26113,male,1.86,76
26114,male,1.65,74
26115,female,1.5,67
26116,female,1.5,71
26117,male,1.73,63
26118,female,1.7,71
26119,female,1.6,65
26120,female,1.75,68
26121,male,1.78,41
26122,female,1.58,67
26123,female,1.6,61
26124,male,1.86,51
26125,female,1.58,67
26126,female,1.67,78
26127,male,1.7,73
26128,male,1.7,66
26129,female,1.64,55
26130,male,1.75,40
26131,female,1.5,74
26132,female,1.53,82
26133,male,1.87,72
26134,male,1.83,62
26135,male,1.87,43
26136,female,1.57,49
26137,female,1.53,62
26138,male,1.77,62
26139,female,1.47,72
26140,male,1.75,61
26141,female,1.6,62
26142,female,1.69,23
26143,female,1.64,50
26144,male,1.73,72
26145,female,1.6,63
26146,female,1.73,45
26147,male,1.82,51
26148,female,1.64,49
26149,female,1.6,46
26150,female,1.69,67
26151,female,1.59,67
26152,female,1.64,72
26153,female,1.75,52
26154,female,1.67,75
26155,female,1.7,28
26156,male,1.78,38
26157,male,1.6,69
26158,female,1.66,55
26159,male,1.76,48
26160,male,1.7,68
26161,female,1.62,66
26162,female,1.65,42
26163,female,1.65,59
26164,female,1.56,32
26165,male,1.87,60
26166,male,1.73,56
26167,male,1.71,65
26168,female,1.62,47
26169,male,1.75,80
26170,female,1.62,37
26171,male,1.7,49
26172,female,1.7,60
26173,male,1.84,63
26174,female,1.58,69
26175,female,1.68,70
26176,female,1.64,43
26177,female,1.64,56
26178,male,1.76,70
26179,female,1.55,78
26180,male,1.76,72
26181,female,1.65,49
26182,male,1.8,47
26183,female,1.62,65
26184,female,1.6,56
26185,male,1.82,52
26186,male,1.8,38
26187,female,1.58,76
26188,female,1.6,34
26189,female,1.68,79
26190,female,1.65,75
26191,male,1.75,43
26192,female,1.75,31
26193,female,1.62,75
26194,female,1.6,41
26195,male,1.6,76
26196,male,1.65,58
26197,female,1.65,48
26198,female,1.56,67
26199,male,1.7,60
26200,female,1.58,86
26201,male,1.6,46
26202,female,1.65,68
26203,male,1.65,58
26204,male,1.7,52
26205,male,1.7,56
26206,female,1.64,52
26207,male,1.72,65
26208,female,1.67,50
26209,female,1.55,65
26210,female,1.75,68
26211,male,1.6,78
26212,female,1.63,80
26213,female,1.7,30
26214,male,1.68,68
26215,female,1.55,43
26216,female,1.63,53
26217,male,1.83,55
26218,female,1.58,64
26219,female,1.68,64
26220,female,1.52,67
26221,female,1.73,40
26222,female,1.6,44
26223,male,1.7,69
26224,female,1.7,74
26225,female,1.62,47
26226,male,1.65,73
26227,female,1.7,57
26228,female,1.58,60
26229,male,1.73,65
26230,male,1.75,60
26231,female,1.64,64
26232,male,1.85,55
26233,female,1.63,41
26234,female,1.69,31
26235,male,1.78,69
26236,male,1.63,72
26237,male,1.75,39
26238,male,1.84,53
26239,female,1.6,69
26240,female,1.64,59
26241,female,1.6,54
26242,male,1.76,69
26243,female,1.64,65
26244,female,1.8,56
26245,female,1.57,64
26246,male,1.72,46
26247,female,1.55,68
26248,male,1.8,70
26249,female,1.6,73
26250,female,1.63,70
26251,male,1.8,56
26252,female,1.68,39
26253,male,1.84,72
26254,female,1.74,47
26255,female,1.6,59
26256,male,1.72,62
26257,female,1.6,83
26258,male,1.75,54
26259,female,1.55,77
26260,female,1.65,63
26261,female,1.5,52
26262,male,1.74,68
26263,female,1.55,74
26264,male,1.63,78
26265,female,1.65,72
26266,male,1.76,30
26267,male,1.72,65
26268,female,1.58,83
26269,female,1.76,51
26270,male,1.72,82
26271,male,1.74,50
26272,male,1.73,69
26273,male,1.78,78
26274,female,1.6,76
26275,female,1.75,62
26276,male,1.88,48
26277,male,1.85,41
26278,female,1.65,58
26279,male,1.7,67
26280,female,1.65,43
26281,male,1.67,83
26282,male,1.8,76
26283,male,1.8,66
26284,female,1.75,20
26285,male,1.6,83
26286,male,1.85,44
26287,female,1.58,56
26288,male,1.72,44
26289,male,1.68,61
26290,female,1.68,64
26291,female,1.64,56
26292,female,1.58,48
26293,female,1.75,52
26294,female,1.68,63
26295,male,1.72,60
26296,female,1.68,54
26297,male,1.68,71
26298,female,1.6,79
26299,female,1.65,92
26300,male,1.75,21
26301,male,1.65,70
26302,male,1.72,67
26303,female,1.6,59
26304,male,1.8,42
26305,female,1.7,58
26306,female,1.8,39
26307,female,1.53,72
26308,female,1.7,75
26309,male,1.81,23
26310,male,1.76,56
26311,male,1.7,69
26312,male,1.61,67
26313,male,1.73,68
26314,male,1.78,61
26315,female,1.56,60
26316,female,1.52,72
26317,male,1.6,90
26318,female,1.65,71
26319,male,1.72,60
26320,female,1.52,69
26321,female,1.76,60
26322,female,1.58,21
26323,female,1.6,74
26324,male,1.75,78
26325,male,1.6,65
26326,male,1.75,54
26327,male,1.8,86
26328,male,1.7,79
26329,female,1.5,59
26330,female,1.65,53
26331,female,1.76,49
26332,female,1.6,53
26333,male,1.65,56
26334,female,1.55,68
26335,female,1.63,69
26336,male,1.72,76
26337,male,1.71,72
26338,female,1.54,66
26339,male,1.78,51
26340,female,1.6,60
26341,female,1.52,77
26342,male,1.7,31
26343,female,1.68,68
26344,female,1.63,59
26345,male,1.75,51
26346,male,1.72,62
26347,male,1.74,62
26348,female,1.63,68
26349,female,1.6,54
26350,female,1.68,49
26351,female,1.78,56
26352,male,1.87,53
26353,female,1.76,42
26354,male,1.85,55
26355,male,1.75,77
26356,male,1.75,79
26357,female,1.66,66
26358,female,1.5,68
26359,female,1.65,79
26360,female,1.55,50
26361,male,1.85,50
26362,female,1.64,55
26363,male,1.78,50
26364,male,1.85,25
26365,male,1.86,46
26366,male,1.8,42
26367,female,16.56,31
26368,female,1.5,62
26369,male,1.83,48
26370,male,1.85,46
26371,female,1.56,63
26372,male,1.73,70
26373,female,1.64,56
26374,female,1.72,67
26375,male,1.65,57
26376,female,1.64,71
26377,male,1.87,29
26378,female,1.65,71
26379,female,1.6,65
26380,female,1.55,74
26381,female,1.66,70
26382,male,1.77,75
26383,female,1.5,52
26384,male,1.84,69
26385,female,1.57,66
26386,female,1.65,63
26387,male,1.7,17
26388,female,1.55,82
26389,male,1.86,41
26390,male,1.55,68
26391,female,1.59,62
26392,male,1.7,73
26393,male,1.85,19
26394,male,1.93,52
26395,male,1.71,69
26396,female,1.5,47
26397,female,1.55,59
26398,male,1.67,46
26399,female,1.6,71
26400,female,1.5,39
26401,female,1.6,59
26402,female,1.5,67
26403,male,1.58,73
26404,female,1.7,57
26405,female,1.64,71
26406,male,1.82,69
26407,female,1.68,51
26408,female,1.75,49
26409,male,1.7,83
26410,female,1.66,62
26411,male,1.8,61
26412,female,1.7,62
26413,female,1.74,50
26414,female,1.55,78
26415,female,1.67,41
26416,male,1.76,56
26417,female,1.66,79
26418,female,1.71,52
26419,female,1.55,86
26420,female,1.73,55
26421,male,1.78,63
26422,female,1.57,68
26423,female,1.6,72
26424,male,1.85,75
26425,female,1.6,77
26426,male,1.6,61
26427,male,1.67,57
26428,female,1.6,47
26429,male,1.84,49
26430,female,1.67,27
26431,female,1.6,54
26432,male,1.76,65
26433,female,1.54,72
26434,male,1.77,47
26435,male,1.68,43
26436,female,1.66,31
26437,male,1.74,69
26438,female,1.5,49
26439,female,1.62,44
26440,male,1.75,58
26441,female,1.7,54
26442,female,1.56,74
26443,male,1.74,63
26444,female,1.6,50
26445,female,1.58,56
26446,male,1.72,42
26447,female,1.55,51
26448,female,1.59,76
26449,male,1.78,69
26450,male,1.82,75
26451,female,1.8,64
26452,male,1.7,81
26453,male,1.76,68
26454,female,1.65,64
26455,female,1.7,64
26456,male,1.78,57
26457,male,1.85,51
26458,female,1.65,58
26459,female,1.5,60
26460,male,1.7,62
26461,male,1.87,57
26462,male,1.8,77
26463,female,1.68,50
26464,female,1.53,68
26465,male,1.68,76
26466,female,1.76,66
26467,female,1.58,75
26468,male,1.75,66
26469,male,1.5,35
26470,female,1.58,57
26471,female,1.68,78
26472,male,1.86,60
26473,male,1.79,68
26474,female,1.6,47
26475,female,1.71,38
26476,male,1.75,45
26477,male,1.72,52
26478,female,1.7,52
26479,male,1.68,70
26480,female,1.7,76
26481,female,1.78,47
26482,male,1.68,72
26483,male,1.65,72
26484,female,1.65,55
26485,male,1.68,65
26486,female,1.58,44
26487,female,1.65,53
26488,female,1.63,70
26489,male,1.75,67
26490,female,1.6,92
26491,male,1.65,51
26492,female,1.62,77
26493,male,1.64,28
26494,male,1.68,74
26495,female,1.64,67
26496,female,1.58,82
26497,female,1.5,54
26498,female,1.53,63
26499,male,1.65,73
26500,female,1.7,65
26501,female,1.62,74
26502,male,1.75,89
26503,female,1.5,76
26504,female,1.6,80
26505,female,1.68,53
26506,female,1.71,29
26507,female,1.6,82
26508,female,1.7,27
26509,male,1.79,41
26510,male,1.82,48
26511,female,1.75,35
26512,female,1.6,64
26513,male,1.65,89
26514,female,1.62,64
26515,female,1.68,61
26516,female,1.65,62
26517,female,1.55,85
26518,male,1.8,61
26519,female,1.62,51
26520,female,1.71,73
26521,female,1.5,69
26522,female,1.55,82
26523,female,1.65,23
26524,male,1.76,45
26525,female,1.65,61
26526,female,1.56,67
26527,female,1.64,79
26528,female,1.63,67
26529,male,1.65,66
26530,male,1.0,71
26531,female,1.75,56
26532,male,1.7,66
26533,male,1.73,74
26534,female,1.63,58
26535,male,1.8,48
26536,male,1.6,62
26537,male,1.85,54
26538,male,1.7,71
26539,female,1.71,56
26540,male,1.76,54
26541,female,1.7,61
26542,male,1.79,42
26543,female,1.55,65
26544,male,1.7,67
26545,female,1.76,48
26546,female,1.55,69
26547,female,1.6,59
26548,male,1.7,58
26549,male,1.83,74
26550,female,1.56,83
26551,female,1.66,70
26552,male,1.7,77
26553,male,1.3,72
26554,female,1.58,63
26555,female,1.65,66
26556,female,1.74,54
26557,female,1.65,81
26558,female,1.65,24
26559,male,1.78,47
26560,female,1.69,43
26561,male,1.7,72
26562,male,1.82,72
26563,male,1.7,61
26564,male,1.8,42
26565,female,1.78,76
26566,female,1.55,79
26567,male,1.6,48
26568,male,1.73,68
26569,female,1.67,54
26570,female,1.56,62
26571,female,1.56,61
26572,male,1.5,79
26573,male,1.66,73
26574,female,1.58,54
26575,female,1.66,35
26576,male,1.64,61
26577,female,1.58,30
26578,female,1.64,26
26579,male,1.87,66
26580,female,1.65,92
26581,female,1.75,90
26582,female,1.62,47
26583,female,1.6,71
26584,female,1.6,58
26585,male,1.7,67
26586,female,1.65,70
26587,male,1.8,50
26588,male,1.73,74
26589,male,1.72,70
26590,female,1.71,42
26591,male,1.7,64
26592,male,1.86,48
26593,male,1.83,46
26594,female,1.72,51
26595,male,1.7,90
26596,male,1.86,64
26597,male,1.74,41
26598,male,1.8,53
26599,male,1.87,53
26600,male,1.88,73
26601,female,1.68,56
26602,male,1.82,65
26603,female,1.58,69
26604,female,1.57,45
26605,male,1.8,50
26606,female,1.66,67
26607,male,1.71,74
26608,male,1.75,85
26609,female,1.7,62
26610,male,1.67,57
26611,female,1.62,48
26612,female,1.52,73
26613,male,1.74,81
26614,male,1.78,66
26615,male,1.94,72
26616,female,1.55,48
26617,male,1.58,73
26618,female,1.57,47
26619,male,1.74,67
26620,male,1.82,72
26621,female,1.55,69
26622,male,1.85,51
26623,female,1.65,45
26624,female,1.73,44
26625,female,1.59,60
26626,male,1.8,32
26627,female,1.76,46
26628,male,1.9,62
26629,female,1.68,49
26630,male,1.62,64
26631,male,1.7,63
26632,male,1.8,74
26633,female,1.63,48
26634,female,1.63,47
26635,female,1.5,83
26636,female,1.7,74
26637,male,1.8,43
26638,male,1.8,73
26639,female,1.55,62
26640,female,1.6,73
26641,male,1.78,76
26642,male,1.75,50
26643,female,1.56,64
26644,male,1.86,58
26645,female,1.72,59
26646,female,1.58,72
26647,female,1.5,63
26648,male,1.83,48
26649,male,1.7,43
26650,male,1.84,72
26651,female,1.64,76
26652,male,1.86,64
26653,male,1.68,62
26654,female,1.62,75
26655,male,1.71,47
26656,male,1.9,66
26657,male,1.76,68
26658,female,1.64,61
26659,male,1.7,54
26660,male,1.64,56
26661,female,1.55,76
26662,female,1.74,43
26663,female,1.58,75
26664,male,1.7,71
26665,male,1.8,61
26666,male,1.82,69
26667,female,1.62,49
26668,male,1.75,67
26669,male,1.75,59
26670,male,1.76,35
26671,female,1.6,26
26672,female,15.0,64
26673,male,1.7,66
26674,female,1.48,74
26675,male,1.85,63
26676,male,1.75,79
26677,female,1.7,64
26678,female,1.7,44
26679,male,1.76,69
26680,female,1.65,58
26681,male,1.83,56
26682,female,1.53,72
26683,male,1.7,71
26684,female,1.65,57
26685,female,1.55,40
26686,female,1.6,68
26687,male,1.7,14
26688,male,1.75,70
26689,male,1.74,40
26690,female,1.65,71
26691,female,1.68,66
26692,female,1.65,45
26693,female,1.65,68
26694,female,1.58,54
26695,male,1.79,39
26696,female,1.65,63
26697,female,1.68,75
26698,female,1.83,21
26699,female,1.68,70
26700,female,1.76,53
26701,male,1.78,30
26702,male,1.73,62
26703,male,1.7,72
26704,female,1.65,61
26705,male,1.75,66
26706,female,1.65,73
26707,male,1.7,65
26708,female,1.6,69
26709,male,1.5,82
26710,male,1.8,78
26711,male,1.78,60
26712,female,1.68,60
26713,male,1.79,43
26714,female,1.7,28
26715,female,1.62,70
26716,male,1.67,55
26717,male,1.82,76
26718,female,1.65,79
26719,male,1.8,48
26720,male,1.8,40
26721,female,1.7,55
26722,female,1.58,87
26723,female,1.6,68
26724,male,1.78,52
26725,female,1.56,62
26726,female,1.58,69
26727,male,1.56,66
26728,female,1.6,57
26729,male,1.88,36
26730,male,1.72,54
26731,female,1.62,21
26732,female,1.58,46
26733,female,1.6,72
26734,male,1.75,38
26735,male,1.72,73
26736,female,1.72,60
26737,male,1.83,33
26738,female,1.71,61
26739,male,1.75,63
26740,female,1.56,67
26741,female,1.68,51
26742,female,1.72,33
26743,female,1.65,68
26744,female,1.65,57
26745,male,1.65,68
26746,male,1.8,64
26747,male,1.7,45
26748,female,1.46,62
26749,male,1.74,69
26750,female,1.65,93
26751,female,1.6,62
26752,female,1.6,75
26753,female,1.76,77
26754,male,1.85,51
26755,male,1.87,31
26756,female,1.5,69
26757,male,1.9,49
26758,female,1.6,55
26759,female,1.64,66
26760,female,1.57,64
26761,female,1.7,58
26762,female,1.64,76
26763,female,1.6,66
26764,female,1.6,47
26765,female,1.6,71
26766,female,1.53,68
26767,male,1.78,60
26768,female,1.66,94
26769,male,1.71,67
26770,female,1.64,62
26771,male,1.78,28
26772,female,1.67,64
26773,male,1.6,51
26774,female,1.64,69
26775,female,1.55,75
26776,female,1.53,59
26777,female,1.63,42
26778,male,1.82,60
26779,male,1.6,68
26780,female,1.74,63
26781,female,1.63,61
26782,male,1.65,80
26783,male,1.65,49
26784,female,1.65,68
26785,male,1.78,54
26786,male,1.8,41
26787,female,1.6,29
26788,male,1.74,60
26789,male,1.8,44
26790,female,1.52,68
26791,female,1.66,56
26792,female,1.62,76
26793,male,1.6,66
26794,male,1.75,55
26795,female,1.64,53
26796,female,1.6,62
26797,female,1.54,72
26798,male,1.98,67
26799,male,1.82,66
26800,male,1.74,65
26801,female,1.6,88
26802,male,1.85,61
26803,male,1.76,36
26804,female,1.52,67
26805,male,1.62,74
26806,female,1.64,65
26807,male,1.66,56
26808,female,1.6,55
26809,female,1.45,93
26810,male,1.72,49
26811,female,1.64,29
26812,male,1.78,44
26813,male,1.8,67
26814,female,1.63,43
26815,male,1.85,59
26816,male,1.7,61
26817,female,1.68,70
26818,male,1.82,74
26819,female,1.76,40
26820,male,1.77,70
26821,male,1.77,78
26822,female,1.5,91
26823,female,1.63,45
26824,female,1.64,58
26825,male,1.78,71
26826,female,1.74,48
26827,male,1.82,54
26828,male,1.76,63
26829,female,1.68,24
26830,male,1.96,40
26831,female,1.5,49
26832,female,1.65,69
26833,male,1.7,53
26834,female,1.77,60
26835,female,1.6,73
26836,female,1.72,53
26837,female,1.62,37
26838,female,1.55,75
26839,male,1.76,58
26840,female,1.72,66
26841,male,1.76,66
26842,female,1.6,82
26843,male,1.83,69
26844,female,1.68,35
26845,female,1.69,47
26846,female,1.6,67
26847,female,1.63,89
26848,female,1.6,73
26849,female,1.65,55
26850,female,1.57,79
26851,male,1.7,55
26852,female,1.72,70
26853,female,1.57,73
26854,female,1.65,54
26855,female,1.73,64
26856,female,1.68,55
26857,female,1.64,68
26858,female,1.57,74
26859,male,1.67,66
26860,female,1.56,74
26861,female,1.64,50
26862,female,1.65,65
26863,male,1.85,49
26864,female,1.5,49
26865,female,1.57,61
26866,female,1.63,36
26867,female,1.55,72
26868,male,1.67,57
26869,female,1.7,58
26870,female,1.69,75
26871,male,1.85,33
26872,female,1.64,62
26873,male,1.85,24
26874,male,1.73,62
26875,female,1.56,66
26876,male,1.75,81
26877,male,1.8,66
26878,female,1.6,75
26879,female,1.63,63
26880,female,1.6,45
26881,male,1.87,45
26882,female,1.65,75
26883,female,1.52,56
26884,male,1.72,68
26885,male,1.65,69
26886,male,1.75,62
26887,male,1.85,59
26888,male,1.68,68
26889,female,1.6,79
26890,male,1.75,64
26891,male,1.67,45
26892,male,1.76,57
26893,male,1.75,65
26894,male,1.73,34
26895,female,1.74,64
26896,male,1.8,78
26897,male,1.75,63
26898,male,1.8,17
26899,female,1.6,55
26900,female,1.56,78
26901,female,1.67,74
26902,female,1.64,61
26903,female,1.66,79
26904,female,1.63,76
26905,male,1.68,73
26906,female,1.67,74
26907,female,1.56,58
26908,male,1.67,73
26909,female,1.65,82
26910,female,1.63,62
26911,male,1.82,46
26912,female,1.57,74
26913,male,1.83,53
26914,male,1.73,71
26915,male,1.75,56
26916,female,1.6,35
26917,male,1.55,64
26918,female,0.73,73
26919,male,1.72,71
26920,female,1.5,63
26921,female,1.75,72
26922,male,1.9,45
26923,female,1.68,55
26924,male,1.72,55
26925,female,1.68,52
26926,female,1.6,76
26927,male,1.85,51
26928,female,1.56,71
26929,female,1.73,36
26930,male,1.82,51
26931,male,1.69,77
26932,female,1.64,78
26933,male,1.76,80
26934,male,1.87,54
26935,male,1.75,71
26936,female,1.62,62
26937,male,1.7,84
26938,female,1.6,79
26939,male,1.78,59
26940,male,1.67,67
26941,female,1.6,53
26942,female,1.65,35
26943,male,1.83,75
26944,female,1.63,62
26945,female,1.55,88
26946,female,1.65,56
26947,female,1.52,63
26948,male,1.7,61
26949,female,1.57,50
26950,male,1.76,33
26951,female,1.5,84
26952,female,1.57,62
26953,female,1.5,51
26954,male,1.75,63
26955,male,1.66,35
26956,female,1.6,62
26957,female,1.56,68
26958,male,1.68,27
26959,male,1.73,57
26960,female,1.64,68
26961,male,1.87,33
26962,male,1.75,51
26963,male,1.78,90
26964,female,1.65,74
26965,male,1.86,65
26966,female,1.65,85
26967,female,1.65,39
26968,female,1.8,54
26969,male,1.76,56
26970,female,1.7,60
26971,female,1.73,34
26972,female,1.67,78
26973,female,1.52,64
26974,female,1.55,77
26975,female,1.62,66
26976,female,1.71,43
26977,male,1.86,52
26978,male,1.65,77
26979,female,1.6,74
26980,female,1.53,67
26981,female,1.57,63
26982,female,1.5,75
26983,male,1.8,28
26984,female,1.5,70
26985,female,1.6,66
26986,female,1.62,60
26987,female,1.58,46
26988,male,1.68,74
26989,female,1.65,42
26990,female,1.58,78
26991,female,1.5,82
26992,male,1.88,56
26993,female,1.56,94
26994,male,1.7,47
26995,female,1.67,54
26996,female,1.64,58
26997,female,1.55,61
26998,female,1.6,44
26999,female,1.6,75
27000,male,1.68,70
27001,male,1.94,43
27002,female,1.6,64
27003,female,1.71,62
27004,female,1.64,71
27005,male,1.85,31
27006,male,1.78,38
27007,male,1.75,41
27008,male,1.76,63
27009,female,1.62,69
27010,female,1.65,48
27011,female,1.65,64
27012,male,1.77,30
27013,male,1.78,61
27014,female,1.65,65
27015,male,1.64,79
27016,male,1.64,73
27017,male,1.71,80
27018,female,1.7,73
27019,female,1.6,65
27020,male,1.8,72
27021,male,1.85,73
27022,female,1.7,75
27023,female,1.58,58
27024,female,1.65,66
27025,female,1.75,33
27026,male,1.72,69
27027,male,1.65,79
27028,female,1.68,49
27029,female,1.6,83
27030,female,1.67,70
27031,female,1.5,72
27032,female,1.64,73
27033,male,1.85,53
27034,male,1.78,59
27035,female,1.54,67
27036,female,1.64,64
27037,male,1.76,78
27038,male,1.65,60
27039,female,1.57,53
27040,female,1.56,45
27041,male,1.8,43
27042,female,1.6,72
27043,male,1.75,52
27044,male,1.73,60
27045,male,1.75,43
27046,male,1.85,59
27047,male,1.78,64
27048,male,1.7,68
27049,male,1.65,53
27050,male,1.65,69
27051,female,1.78,31
27052,male,1.74,74
27053,male,1.76,52
27054,female,1.67,69
27055,male,1.73,37
27056,female,1.65,45
27057,female,1.6,60
27058,male,1.8,46
27059,male,1.83,54
27060,female,1.58,66
27061,male,1.69,58
27062,female,1.64,69
27063,female,1.56,65
27064,female,1.7,80
27065,female,1.56,85
27066,male,1.7,80
27067,female,1.55,69
27068,male,1.7,54
27069,male,1.78,71
27070,male,1.78,69
27071,female,1.75,46
27072,female,1.6,70
27073,female,1.54,54
27074,male,1.82,51
27075,male,1.69,63
27076,male,1.82,42
27077,female,1.65,50
27078,female,1.8,64
27079,female,1.62,51
27080,female,1.72,62
27081,female,1.68,72
27082,male,1.64,82
27083,female,1.75,76
27084,female,1.65,46
27085,male,1.9,82
27086,female,1.62,47
27087,male,1.7,68
27088,male,1.83,58
27089,male,1.77,56
27090,male,1.78,71
27091,female,1.64,45
27092,female,1.64,63
27093,male,1.76,71
27094,female,1.7,47
27095,female,1.6,46
27096,female,1.7,64
27097,male,1.73,68
27098,female,1.67,64
27099,female,1.64,66
27100,female,1.7,45
27101,male,1.7,50
27102,male,1.7,54
27103,female,1.74,12
27104,male,1.89,61
27105,male,1.85,43
27106,female,1.7,64
27107,male,1.6,57
27108,male,1.7,24
27109,female,1.5,54
27110,female,1.65,46
27111,female,1.7,38
27112,female,1.68,69
27113,female,1.7,67
27114,male,1.8,40
27115,male,1.7,71
27116,female,1.62,26
27117,female,1.68,42
27118,female,1.7,45
27119,female,1.57,65
27120,female,1.58,71
27121,male,1.65,87
27122,male,1.7,81
27123,female,1.51,86
27124,female,1.58,54
27125,female,1.7,63
27126,female,1.58,68
27127,male,1.73,70
27128,male,1.82,53
27129,male,1.74,57
27130,male,1.74,65
27131,male,1.84,35
27132,male,1.7,63
27133,female,1.5,86
27134,male,1.82,51
27135,female,1.64,65
27136,female,1.64,54
27137,male,1.7,59
27138,male,1.85,81
27139,female,1.55,72
27140,male,1.76,72
27141,male,1.84,69
27142,female,1.56,66
27143,male,1.85,51
27144,male,1.75,69
27145,female,1.63,71
27146,female,1.6,60
27147,female,1.67,66
27148,male,1.7,31
27149,female,1.6,62
27150,female,1.7,41
27151,female,1.79,72
27152,male,1.65,74
27153,female,1.62,47
27154,male,1.68,85
27155,male,1.81,74
27156,female,1.62,74
27157,male,1.7,65
27158,female,1.58,65
27159,male,1.68,85
27160,male,1.61,71
27161,female,1.67,81
27162,female,1.65,81
27163,female,1.68,73
27164,male,1.78,70
27165,female,1.6,69
27166,male,1.8,83
27167,male,1.8,48
27168,male,1.6,48
27169,male,1.78,73
27170,male,1.64,65
27171,female,1.5,43
27172,female,1.6,39
27173,male,1.8,81
27174,male,1.75,79
27175,female,1.6,58
27176,male,1.95,26
27177,female,1.64,43
27178,female,1.65,43
27179,male,1.64,82
27180,female,1.7,60
27181,male,1.65,61
27182,male,1.67,63
27183,female,1.55,66
27184,male,1.77,67
27185,female,1.69,78
27186,female,1.67,57
27187,female,1.68,59
27188,male,1.77,75
27189,male,1.8,76
27190,male,1.75,65
27191,male,1.8,62
27192,female,1.64,46
27193,male,1.8,66
27194,male,1.76,62
27195,female,1.6,66
27196,male,1.7,90
27197,female,1.53,60
27198,male,1.65,61
27199,male,1.61,75
27200,female,1.7,59
27201,female,1.52,82
27202,male,1.6,52
27203,male,1.68,48
27204,female,1.62,72
27205,female,1.6,64
27206,female,1.68,66
27207,female,1.57,55
27208,female,1.64,61
27209,female,1.6,66
27210,male,1.7,75
27211,male,1.74,57
27212,female,1.57,65
27213,female,1.7,76
27214,male,1.83,38
27215,female,1.68,41
27216,male,1.73,47
27217,male,1.86,75
27218,female,1.72,50
27219,female,1.65,30
27220,male,1.8,70
27221,female,1.6,79
27222,male,1.85,56
27223,female,1.58,20
27224,male,1.5,82
27225,male,1.67,55
27226,male,1.9,63
27227,female,1.67,51
27228,male,1.8,58
27229,female,1.59,63
27230,female,1.58,76
27231,male,1.8,55
27232,female,1.52,67
27233,male,1.8,68
27234,male,1.9,47
27235,male,1.7,39
27236,male,1.76,52
27237,male,1.88,67
27238,female,1.55,73
27239,female,1.78,60
27240,female,1.59,70
27241,male,1.7,88
27242,male,1.76,67
27243,male,1.78,67
27244,female,1.56,63
27245,female,1.5,95
27246,male,1.73,63
27247,female,1.52,70
27248,male,1.7,71
27249,female,1.52,70
27250,female,1.65,60
27251,female,1.65,46
27252,female,1.56,54
27253,female,1.6,47
27254,male,1.76,69
27255,female,1.63,38
27256,female,1.65,73
27257,female,1.64,75
27258,male,1.68,23
27259,female,1.6,77
27260,male,1.78,60
27261,male,1.74,52
27262,male,1.72,47
27263,male,1.57,77
27264,female,1.72,62
27265,female,1.5,86
27266,male,1.74,40
27267,female,1.61,43
27268,male,1.87,48
27269,female,1.7,81
27270,male,1.8,55
27271,female,1.62,42
27272,male,1.8,29
27273,female,1.6,39
27274,male,1.7,56
27275,male,1.83,58
27276,male,1.71,53
27277,female,1.72,66
27278,male,1.65,48
27279,female,1.58,56
27280,male,1.68,57
27281,male,1.82,45
27282,female,1.62,76
27283,male,1.78,84
27284,male,1.78,68
27285,female,1.7,63
27286,female,1.7,55
27287,female,1.64,47
27288,male,1.76,75
27289,male,1.72,76
27290,female,1.6,81
27291,female,1.68,65
27292,female,1.5,71
27293,female,1.6,53
27294,male,1.74,48
27295,female,1.65,31
27296,female,1.62,65
27297,male,1.75,76
27298,male,1.7,60
27299,female,1.65,44
27300,male,1.82,59
27301,male,1.73,56
27302,female,1.65,27
27303,female,1.58,44
27304,female,1.5,56
27305,female,1.62,82
27306,male,1.82,65
27307,male,1.78,66
27308,male,1.71,73
27309,female,1.62,59
27310,male,1.7,93
27311,female,1.76,51
27312,female,1.67,72
27313,male,1.73,81
27314,male,1.89,26
27315,female,1.6,52
27316,female,1.6,64
27317,female,1.67,42
27318,female,1.55,86
27319,male,1.83,54
27320,male,1.75,42
27321,male,1.7,62
27322,female,1.55,68
27323,male,1.78,58
27324,female,1.67,65
27325,male,1.72,61
27326,male,1.78,30
27327,female,1.67,42
27328,male,1.85,48
27329,female,1.55,69
27330,male,1.73,50
27331,female,1.52,67
27332,female,1.68,71
27333,male,1.84,43
27334,female,1.63,73
27335,male,1.71,69
27336,male,1.75,63
27337,male,1.68,49
27338,male,1.69,68
27339,female,1.65,72
27340,male,1.72,73
27341,male,1.68,52
27342,male,1.73,69
27343,male,1.88,28
27344,male,1.85,67
27345,female,1.5,76
27346,male,1.7,51
27347,male,1.73,77
27348,male,1.69,52
27349,male,1.68,70
27350,male,1.67,65
27351,male,1.87,45
27352,male,1.76,71
27353,male,1.6,69
27354,male,1.62,62
27355,male,1.68,63
27356,female,1.68,36
27357,male,1.82,61
27358,male,1.7,89
27359,male,1.75,73
27360,male,1.76,59
27361,female,1.7,45
27362,female,1.6,44
27363,female,1.68,64
27364,male,1.84,61
27365,female,1.56,78
27366,male,1.79,45
27367,female,1.5,72
27368,female,1.68,67
27369,female,1.65,38
27370,female,1.76,56
27371,male,1.63,79
27372,male,1.87,55
27373,female,1.64,68
27374,female,1.6,85
27375,female,1.56,52
27376,female,1.6,67
27377,male,1.78,47
27378,female,1.6,64
27379,male,1.65,73
27380,female,1.7,74
27381,male,1.9,64
27382,female,1.61,58
27383,female,1.65,56
27384,male,1.8,70
27385,male,1.75,64
27386,female,1.57,66
27387,male,1.74,62
27388,male,1.64,85
27389,female,1.64,59
27390,female,1.6,69
27391,male,1.8,66
27392,male,1.8,67
27393,female,1.7,60
27394,male,1.7,58
27395,female,1.62,44
27396,female,1.65,65
27397,female,1.56,41
27398,male,1.75,67
27399,female,1.65,70
27400,male,1.7,74
27401,male,1.68,52
27402,female,1.65,48
27403,female,1.7,52
27404,female,1.5,73
27405,female,1.6,51
27406,female,1.54,47
27407,female,1.7,67
27408,female,1.59,67
27409,male,1.75,59
27410,female,1.64,45
27411,male,1.8,81
27412,female,1.7,68
27413,female,1.69,47
27414,female,1.68,59
27415,male,1.7,62
27416,female,1.6,59
27417,male,1.85,31
27418,male,1.65,71
27419,female,1.72,58
27420,male,1.73,49
27421,female,1.6,71
27422,female,1.55,73
27423,male,1.75,86
27424,female,1.67,64
27425,female,1.55,62
27426,female,1.62,60
27427,male,1.87,50
27428,male,1.72,63
27429,female,1.62,69
27430,female,1.58,57
27431,female,1.72,70
27432,male,1.6,77
27433,female,1.65,75
27434,female,1.64,70
27435,female,1.58,65
27436,female,1.73,52
27437,female,1.5,73
27438,female,1.65,29
27439,male,1.72,67
27440,female,1.6,60
27441,male,1.68,64
27442,female,1.62,47
27443,female,1.67,36
27444,male,1.71,78
27445,male,1.76,77
27446,female,1.64,53
27447,male,1.76,43
27448,female,1.63,74
27449,female,1.75,50
27450,female,1.45,81
27451,female,1.72,63
27452,female,1.55,44
27453,male,1.6,67
27454,male,1.76,67
27455,female,1.6,55
27456,female,1.7,64
27457,male,1.7,75
27458,male,1.91,41
27459,female,1.6,87
27460,male,1.58,77
27461,male,1.7,78
27462,male,1.86,35
27463,female,1.64,51
27464,female,1.69,39
27465,female,1.62,30
27466,male,1.8,60
27467,female,1.73,51
27468,male,1.0,16
27469,female,1.63,73
27470,male,1.8,59
27471,male,1.8,53
27472,male,1.75,66
27473,female,1.63,74
27474,male,1.65,65
27475,female,1.73,41
27476,male,1.74,54
27477,female,1.59,44
27478,male,1.8,81
27479,male,1.65,72
27480,female,1.5,73
27481,female,1.52,58
27482,female,1.64,66
27483,male,1.68,24
27484,male,1.75,63
27485,female,1.7,70
27486,female,1.71,61
27487,male,1.83,67
27488,female,1.7,55
27489,female,1.55,58
27490,female,1.57,84
27491,female,1.7,45
27492,female,1.6,75
27493,female,1.75,58
27494,female,1.56,49
27495,male,1.72,62
27496,male,1.7,63
27497,female,1.59,54
27498,female,1.7,40
27499,female,1.6,42
27500,male,1.76,58
27501,female,1.64,69
27502,female,1.52,78
27503,female,1.68,80
27504,male,1.7,76
27505,male,1.74,76
27506,female,1.63,64
27507,male,1.7,54
27508,female,1.64,67
27509,male,1.72,64
27510,male,1.7,76
27511,male,1.75,63
27512,female,1.58,73
27513,male,1.78,45
27514,male,1.8,48
27515,female,1.62,75
27516,male,1.78,58
27517,female,1.55,26
27518,female,1.5,62
27519,male,1.7,69
27520,male,1.83,51
27521,female,1.52,66
27522,female,1.59,67
27523,female,1.64,76
27524,male,1.7,48
27525,female,1.63,69
27526,female,1.62,73
27527,male,1.85,65
27528,female,1.72,73
27529,female,1.5,91
27530,female,1.65,31
27531,female,1.65,34
27532,female,1.65,82
27533,male,1.68,60
27534,female,1.75,69
27535,male,1.72,75
27536,male,1.8,48
27537,female,1.65,54
27538,female,1.7,40
27539,female,1.76,41
27540,male,1.77,28
27541,male,1.8,76
27542,male,1.64,77
27543,female,1.68,78
27544,female,1.65,86
27545,male,1.75,61
27546,female,1.63,47
27547,female,1.65,57
27548,female,1.67,65
27549,male,1.69,56
27550,female,1.75,38
27551,female,1.64,46
27552,male,1.78,62
27553,male,1.72,73
27554,female,1.52,71
27555,female,1.74,24
27556,female,1.68,66
27557,male,1.72,70
27558,male,1.86,48
27559,female,1.65,46
27560,female,1.69,34
27561,female,1.7,49
27562,male,1.7,56
27563,male,1.8,42
27564,female,1.63,69
27565,female,1.6,43
27566,male,1.72,59
27567,female,1.65,37
27568,male,1.75,76
27569,female,1.64,80
27570,male,1.73,62
27571,female,1.49,73
27572,male,1.7,69
27573,female,1.54,90
27574,female,1.48,51
27575,male,1.8,34
27576,female,1.64,38
27577,male,1.7,60
27578,male,1.7,53
27579,female,1.52,82
27580,male,1.78,51
27581,female,1.64,74
27582,female,1.52,51
27583,female,1.52,57
27584,male,1.65,68
27585,male,1.75,51
27586,male,1.71,71
27587,male,1.76,58
27588,female,1.67,54
27589,male,1.82,45
27590,male,1.78,62
27591,female,1.48,73
27592,female,1.65,51
27593,female,1.5,75
27594,female,1.62,73
27595,female,1.65,54
27596,male,1.8,43
27597,male,1.8,60
27598,male,1.78,58
27599,male,1.75,58
27600,male,1.79,54
27601,female,1.73,40
27602,male,1.6,51
27603,male,1.86,50
27604,male,1.76,48
27605,male,1.8,59
27606,female,1.6,68
27607,male,1.84,69
27608,female,1.64,64
27609,female,1.56,65
27610,female,1.62,77
27611,male,1.88,57
27612,female,1.65,49
27613,female,1.78,43
27614,male,1.6,65
27615,male,1.8,70
27616,female,1.54,67
27617,male,1.8,70
27618,male,1.6,73
27619,female,1.69,68
27620,female,1.65,77
27621,male,1.75,73
27622,female,1.68,47
27623,female,1.64,43
27624,female,1.57,79
27625,female,1.75,52
27626,female,1.6,67
27627,male,1.68,85
27628,male,1.72,63
27629,female,1.52,81
27630,male,1.79,38
27631,male,1.6,68
27632,female,1.54,75
27633,male,1.92,30
27634,male,1.79,36
27635,male,1.58,64
27636,male,1.78,59
27637,male,1.75,61
27638,female,1.56,69
27639,male,1.75,42
27640,female,1.7,46
27641,female,1.7,43
27642,female,1.52,74
27643,male,1.65,71
27644,female,1.62,71
27645,female,1.52,60
27646,male,1.75,74
27647,male,1.75,80
27648,female,1.65,72
27649,female,1.65,45
27650,female,1.75,28
27651,female,1.7,88
27652,female,1.65,45
27653,male,1.72,63
27654,male,1.85,69
27655,female,1.58,71
27656,female,1.64,71
27657,female,1.56,56
27658,female,1.7,42
27659,female,1.55,26
27660,female,1.75,68
27661,female,1.65,79
27662,male,1.65,80
27663,female,1.61,49
27664,male,1.78,32
27665,male,1.75,58
27666,female,1.53,67
27667,female,1.65,68
27668,male,1.88,53
27669,male,1.7,67
27670,female,1.48,65
27671,female,1.6,52
27672,male,1.86,60
27673,male,1.7,62
27674,male,1.8,34
27675,female,1.75,49
27676,female,1.5,64
27677,male,1.9,74
27678,female,1.6,23
27679,female,1.66,59
27680,male,1.77,51
27681,male,1.64,76
27682,male,1.77,70
27683,male,1.78,61
27684,male,1.75,53
27685,female,1.65,58
27686,male,1.56,76
27687,male,1.7,54
27688,female,1.6,77
27689,male,1.6,60
27690,male,1.98,57
27691,female,1.52,70
27692,female,1.78,58
27693,female,1.7,74
27694,male,1.76,50
27695,male,1.76,72
27696,female,1.6,63
27697,female,1.7,70
27698,female,1.53,64
27699,male,1.76,65
27700,female,1.65,80
27701,male,1.82,45
27702,female,1.62,67
27703,male,1.73,43
27704,female,1.64,47
27705,male,1.73,47
27706,male,1.87,36
27707,male,1.73,68
27708,female,1.64,63
27709,male,1.76,65
27710,female,1.65,68
27711,female,1.6,43
27712,female,1.65,57
27713,female,1.75,64
27714,male,1.8,36
27715,male,1.68,27
27716,male,1.76,50
27717,female,1.63,69
27718,female,1.59,63
27719,male,1.71,76
27720,male,1.8,47
27721,male,1.8,51
27722,male,1.73,67
27723,male,1.8,71
27724,male,1.76,53
27725,female,1.7,44
27726,female,1.65,58
27727,female,1.6,61
27728,male,1.76,58
27729,female,1.7,45
27730,male,1.76,68
27731,female,1.64,18
27732,female,1.65,71
27733,female,1.67,56
27734,male,1.98,43
27735,male,1.85,42
27736,female,1.67,88
27737,female,1.75,50
27738,male,1.76,50
27739,male,1.78,59
27740,female,1.64,47
27741,female,1.68,43
27742,female,1.78,43
27743,male,1.76,64
27744,female,1.63,46
27745,male,1.75,41
27746,male,1.79,41
27747,male,1.9,44
27748,male,1.96,45
27749,female,1.73,43
27750,female,1.66,42
27751,female,1.59,63
27752,female,1.58,48
27753,female,1.7,71
27754,female,1.67,68
27755,female,1.68,26
27756,female,1.55,52
27757,male,1.64,77
27758,female,1.71,74
27759,female,1.64,53
27760,female,1.64,70
27761,male,1.82,67
27762,female,1.59,52
27763,male,1.72,61
27764,male,1.85,49
27765,female,1.56,44
27766,female,1.7,57
27767,male,1.7,73
27768,female,1.7,50
27769,male,1.75,67
27770,female,1.58,73
27771,female,1.64,73
27772,male,1.75,78
27773,female,1.68,62
27774,male,1.77,63
27775,female,1.15,42
27776,female,1.75,61
27777,female,1.68,42
27778,male,1.93,65
27779,female,1.65,42
27780,female,1.64,63
27781,female,1.68,72
27782,female,1.52,65
27783,female,1.63,68
27784,male,1.76,73
27785,male,1.72,72
27786,female,1.73,49
27787,female,1.67,68
27788,female,1.52,78
27789,male,1.68,70
27790,female,1.73,45
27791,female,1.7,64
27792,female,1.75,63
27793,male,1.7,34
27794,male,1.76,55
27795,female,1.7,63
27796,female,1.64,38
27797,female,1.68,77
27798,male,1.69,66
27799,male,1.6,79
27800,female,1.65,71
27801,female,1.63,39
27802,female,1.58,71
27803,male,1.6,67
27804,male,1.73,46
27805,male,1.7,63
27806,female,1.64,53
27807,female,1.5,75
27808,female,1.71,59
27809,female,1.65,70
27810,male,1.68,59
27811,female,1.58,74
27812,male,1.74,61
27813,male,1.82,42
27814,male,1.73,76
27815,male,1.72,67
27816,male,1.65,83
27817,female,1.64,30
27818,male,1.88,61
27819,male,1.6,64
27820,male,1.75,78
27821,male,1.9,27
27822,female,1.68,66
27823,female,1.59,45
27824,male,1.6,85
27825,male,1.67,65
27826,female,1.58,53
27827,female,1.64,63
27828,male,1.76,73
27829,female,1.62,60
27830,female,1.72,66
27831,male,1.68,65
27832,female,1.7,58
27833,male,1.79,70
27834,female,1.72,54
27835,male,1.89,61
27836,male,1.78,43
27837,female,1.7,43
27838,male,1.81,71
27839,female,1.6,72
27840,female,1.6,66
27841,male,1.75,63
27842,female,1.65,58
27843,female,1.7,56
27844,female,1.51,50
27845,female,1.6,76
27846,male,1.65,72
27847,female,1.65,66
27848,female,1.65,67
27849,male,1.7,76
27850,female,1.65,44
27851,female,1.67,51
27852,female,1.66,53
27853,female,1.67,62
27854,male,1.7,41
27855,female,1.65,47
27856,female,1.67,61
27857,male,1.68,50
27858,female,1.63,66
27859,female,1.64,61
27860,male,1.77,65
27861,male,1.78,41
27862,female,1.6,64
27863,female,1.72,46
27864,male,1.78,45
27865,male,1.8,43
27866,female,1.66,67
27867,female,1.67,61
27868,female,1.68,37
27869,male,1.7,77
27870,female,1.56,49
27871,male,1.64,55
27872,male,1.67,53
27873,male,1.76,60
27874,female,1.6,46
27875,female,1.62,81
27876,male,1.7,75
27877,female,1.59,37
27878,male,1.82,62
27879,female,1.68,54
27880,male,1.75,84
27881,male,1.83,38
27882,male,1.79,46
27883,male,1.62,40
27884,male,1.7,59
27885,male,1.72,62
27886,female,1.58,71
27887,female,1.64,81
27888,male,1.76,66
27889,female,1.57,72
27890,female,1.55,76
27891,female,1.55,26
27892,female,1.5,80
27893,female,1.7,39
27894,female,1.54,78
27895,male,1.78,72
27896,female,1.5,65
27897,male,1.75,77
27898,female,1.58,69
27899,male,1.7,70
27900,female,1.55,65
27901,female,1.73,62
27902,female,1.76,45
27903,female,1.65,39
27904,female,1.74,47
27905,male,1.77,66
27906,male,1.8,81
27907,female,1.6,45
27908,female,1.64,58
27909,male,1.78,44
27910,male,1.86,62
27911,male,1.76,58
27912,female,1.63,75
27913,female,1.64,71
27914,female,1.56,56
27915,male,1.6,69
27916,female,1.73,57
27917,female,1.64,60
27918,male,1.76,74
27919,female,1.5,65
27920,male,1.8,39
27921,male,1.82,75
27922,male,1.7,75
27923,male,1.78,68
27924,female,1.52,48
27925,male,1.7,47
27926,male,1.8,69
27927,female,1.52,67
27928,female,1.6,67
27929,female,1.65,65
27930,female,1.54,78
27931,female,1.65,76
27932,female,1.81,72
27933,female,1.58,73
27934,female,1.68,31
27935,female,1.67,55
27936,female,1.58,70
27937,female,1.73,47
27938,female,1.64,47
27939,female,1.58,79
27940,male,1.71,61
27941,female,1.68,67
27942,female,1.68,69
27943,male,1.67,60
27944,female,1.69,68
27945,female,1.7,67
27946,female,1.6,8
27947,male,1.7,51
27948,male,1.8,45
27949,male,1.79,73
27950,male,1.6,15
27951,male,1.73,52
27952,female,1.8,81
27953,female,1.6,78
27954,female,1.6,88
27955,female,1.67,43
27956,male,1.78,74
27957,female,1.68,64
27958,male,1.7,59
27959,female,1.55,66
27960,female,1.68,91
27961,male,1.75,43
27962,male,1.63,43
27963,female,1.55,48
27964,female,1.62,48
27965,female,1.6,56
27966,female,1.67,47
27967,male,1.73,60
27968,male,1.7,69
27969,female,1.48,51
27970,female,1.67,50
27971,female,1.6,50
27972,female,1.57,52
27973,male,1.78,56
27974,female,1.5,69
27975,female,1.62,55
27976,female,1.75,45
27977,female,1.6,56
27978,male,1.69,81
27979,female,1.58,47
27980,male,1.74,74
27981,female,1.7,43
27982,male,1.78,61
27983,male,1.82,44
27984,female,1.55,51
27985,female,1.65,30
27986,male,1.75,61
27987,male,1.78,38
27988,male,1.81,60
27989,male,1.8,70
27990,female,1.64,58
27991,male,1.67,62
27992,male,1.85,86
27993,male,1.7,75
27994,female,1.6,69
27995,female,1.56,46
27996,female,1.7,63
27997,female,1.76,60
27998,male,1.75,71
27999,female,1.58,53
28000,female,1.64,42
28001,male,1.75,72
28002,female,1.66,52
28003,male,1.8,64
28004,male,1.65,67
28005,female,1.54,64
28006,male,1.72,50
28007,male,1.68,68
28008,male,1.92,55
28009,male,1.82,63
28010,male,1.7,42
28011,male,1.91,52
28012,male,1.8,72
28013,female,1.46,86
28014,female,1.7,60
28015,male,1.72,53
28016,female,1.53,48
28017,female,1.6,66
28018,female,1.6,80
28019,male,1.76,69
28020,male,1.76,53
28021,female,1.57,52
28022,female,1.65,74
28023,female,1.7,14
28024,male,1.85,60
28025,female,1.6,75
28026,female,1.58,47
28027,male,1.65,82
28028,female,1.6,69
28029,female,1.83,53
28030,female,1.63,72
28031,male,1.89,53
28032,male,1.83,55
28033,male,1.65,82
28034,female,1.65,69
28035,female,1.63,40
28036,female,1.6,71
28037,male,1.64,58
28038,male,1.65,63
28039,male,1.76,65
28040,male,1.85,73
28041,male,1.7,76
28042,female,1.7,58
28043,female,1.72,42
28044,male,1.7,61
28045,female,1.58,80
28046,male,1.35,10
28047,female,1.56,68
28048,female,1.62,66
28049,male,1.7,57
28050,male,1.82,46
28051,male,1.76,69
28052,male,1.83,63
28053,female,1.6,69
28054,female,1.62,71
28055,male,1.7,58
28056,female,1.57,52
28057,female,1.6,72
28058,female,1.55,69
28059,female,1.61,64
28060,male,1.7,59
28061,male,1.7,39
28062,male,1.85,44
28063,male,1.72,64
28064,male,1.7,79
28065,male,1.77,41
28066,female,1.66,54
28067,female,1.7,67
28068,male,1.65,72
28069,female,1.6,62
28070,female,1.65,70
28071,male,1.6,46
28072,female,1.7,42
28073,male,1.74,74
28074,female,1.56,76
28075,female,1.57,65
28076,male,1.73,60
28077,female,1.58,67
28078,female,1.6,49
28079,female,1.69,61
28080,female,1.5,63
28081,female,1.68,71
28082,male,1.74,74
28083,female,1.6,74
28084,female,1.6,64
28085,male,1.8,50
28086,female,1.6,70
28087,female,1.64,67
28088,male,1.7,82
28089,male,1.6,78
28090,female,1.65,63
28091,male,1.86,40
28092,male,1.7,52
28093,male,1.8,53
28094,male,1.7,67
28095,female,1.64,68
28096,male,1.75,78
28097,female,1.65,76
28098,male,1.72,67
28099,female,1.72,47
28100,female,1.65,57
28101,male,1.74,71
28102,female,1.56,84
28103,male,1.8,64
28104,male,1.83,37
28105,male,1.72,52
28106,female,1.65,69
28107,male,1.68,74
28108,female,1.55,15
28109,female,1.58,61
28110,male,1.64,66
28111,female,1.68,67
28112,female,1.6,46
28113,male,1.72,64
28114,female,1.61,64
28115,male,1.72,61
28116,male,1.78,75
28117,male,1.76,57
28118,female,1.58,76
28119,female,1.55,77
28120,male,1.7,61
28121,female,1.65,58
28122,male,1.76,73
28123,male,1.7,59
28124,male,1.85,63
28125,female,1.66,65
28126,male,1.93,51
28127,male,1.85,73
28128,male,1.78,76
28129,male,1.78,71
28130,female,1.58,49
28131,female,1.6,66
28132,male,1.77,67
28133,female,1.64,57
28134,female,1.6,78
28135,male,1.82,66
28136,male,1.75,27
28137,female,1.56,82
28138,male,1.75,59
28139,female,1.65,72
28140,female,1.54,54
28141,male,1.78,68
28142,female,1.65,76
28143,male,1.68,82
28144,female,1.6,65
28145,female,1.65,63
28146,female,1.62,55
28147,female,1.64,69
28148,male,1.7,69
28149,male,1.82,28
28150,male,1.8,77
28151,female,1.6,86
28152,female,1.55,62
28153,male,1.68,64
28154,male,1.65,29
28155,male,1.6,89
28156,male,1.7,86
28157,male,1.75,47
28158,female,1.74,63
28159,female,1.6,68
28160,female,1.63,62
28161,female,1.65,75
28162,female,1.74,66
28163,male,1.75,39
28164,male,1.82,50
28165,male,1.7,59
28166,female,1.6,66
28167,female,1.52,70
28168,male,1.78,47
28169,female,1.76,46
28170,female,1.67,64
28171,female,1.68,47
28172,male,1.65,65
28173,female,1.55,50
28174,male,1.6,59
28175,male,1.8,39
28176,male,1.79,64
28177,male,1.9,23
28178,male,1.71,52
28179,female,1.65,68
28180,male,1.75,55
28181,female,1.67,48
28182,female,1.54,47
28183,female,1.6,60
28184,male,1.65,67
28185,female,1.55,85
28186,male,1.83,53
28187,female,1.58,75
28188,female,1.6,82
28189,male,1.85,52
28190,female,1.68,46
28191,male,1.75,66
28192,male,1.6,62
28193,female,1.65,67
28194,male,1.76,58
28195,female,1.64,66
28196,male,1.9,66
28197,male,1.74,14
28198,male,1.56,67
28199,female,1.6,49
28200,female,1.5,78
28201,female,1.6,59
28202,male,1.72,50
28203,male,1.75,52
28204,female,1.6,38
28205,female,1.73,42
28206,male,1.7,88
28207,female,1.56,56
28208,female,1.58,79
28209,female,1.83,52
28210,male,1.62,82
28211,male,1.74,35
28212,female,1.74,47
28213,female,1.65,58
28214,male,1.76,63
28215,female,1.65,42
28216,male,1.65,46
28217,male,1.65,67
28218,male,1.72,68
28219,female,1.7,66
28220,female,1.6,55
28221,female,1.65,83
28222,female,1.58,69
28223,female,1.65,68
28224,male,1.55,52
28225,male,1.78,77
28226,female,1.7,40
28227,male,1.8,68
28228,female,1.72,48
28229,female,1.6,54
28230,female,1.66,32
28231,male,1.68,65
28232,female,1.58,50
28233,female,1.56,20
28234,female,1.61,70
28235,female,1.56,69
28236,male,1.7,62
28237,female,1.68,52
28238,female,1.69,54
28239,male,1.7,75
28240,male,1.76,59
28241,female,1.58,62
28242,female,1.63,54
28243,male,1.73,76
28244,male,1.8,61
28245,female,1.64,65
28246,female,1.58,71
28247,female,1.65,79
28248,female,1.68,42
28249,female,1.7,76
28250,female,1.62,37
28251,female,1.6,84
28252,female,1.68,58
28253,male,1.73,76
28254,female,1.6,82
28255,female,1.66,73
28256,male,1.65,84
28257,male,1.82,70
28258,female,1.65,49
28259,female,1.65,70
28260,female,1.65,64
28261,male,1.8,78
28262,male,1.84,18
28263,female,1.7,41
28264,female,1.61,68
28265,female,1.68,87
28266,female,1.76,67
28267,female,1.65,79
28268,female,1.76,81
28269,male,1.7,64
28270,male,1.7,72
28271,female,1.58,60
28272,male,1.88,70
28273,male,1.73,47
28274,male,1.97,50
28275,female,1.65,82
28276,male,1.73,79
28277,female,1.67,75
28278,male,1.68,50
28279,male,1.65,39
28280,male,1.83,42
28281,female,1.7,72
28282,female,1.55,89
28283,female,1.72,50
28284,male,1.68,85
28285,female,1.7,72
28286,male,1.76,43
28287,male,1.7,54
28288,female,1.68,67
28289,female,1.6,51
28290,male,1.7,60
28291,male,1.73,64
28292,female,1.65,46
28293,male,1.68,75
28294,female,1.6,89
28295,female,1.64,49
28296,female,1.64,79
28297,female,1.7,47
28298,female,1.55,85
28299,female,1.56,75
28300,female,1.58,74
28301,female,1.68,58
28302,female,1.6,64
28303,male,1.67,72
28304,female,1.62,65
28305,male,1.8,86
28306,female,1.7,50
28307,female,1.59,63
28308,male,1.79,39
28309,male,1.8,69
28310,female,1.65,63
28311,male,1.77,33
28312,male,1.75,85
28313,female,1.65,75
28314,female,1.65,66
28315,female,1.5,72
28316,male,1.8,63
28317,female,1.6,16
28318,male,1.87,56
28319,female,1.65,67
28320,male,1.83,66
28321,female,1.65,68
28322,female,1.68,63
28323,female,1.65,86
28324,female,1.52,45
28325,male,1.8,70
28326,female,1.6,90
28327,female,1.64,59
28328,female,1.68,66
28329,male,1.92,51
28330,female,1.64,69
28331,female,1.64,71
28332,male,1.95,35
28333,female,1.63,89
28334,male,1.8,88
28335,female,1.64,73
28336,female,1.52,67
28337,female,1.5,54
28338,male,1.83,64
28339,female,1.56,65
28340,female,1.6,75
28341,female,1.8,41
28342,female,1.68,80
28343,male,1.78,56
28344,female,1.64,54
28345,male,1.85,52
28346,female,1.7,56
28347,male,1.8,69
28348,male,1.67,80
28349,female,1.61,40
28350,female,1.6,54
28351,male,1.72,63
28352,male,1.7,66
28353,female,1.68,63
28354,male,1.67,48
28355,male,1.86,55
28356,male,1.85,19
28357,female,1.6,77
28358,female,1.6,51
28359,male,1.75,52
28360,female,1.58,70
28361,female,1.64,56
28362,male,1.75,67
28363,male,1.7,38
28364,female,1.57,71
28365,female,1.5,83
28366,female,1.67,42
28367,male,1.9,37
28368,male,1.7,75
28369,female,1.65,81
28370,female,1.65,58
28371,male,1.74,80
28372,female,1.55,85
28373,male,1.7,67
28374,female,1.64,37
28375,female,1.52,66
28376,male,1.75,60
28377,female,1.65,68
28378,male,1.76,51
28379,female,1.65,35
28380,female,1.75,43
28381,male,1.73,81
28382,female,1.8,38
28383,male,1.8,48
28384,male,1.76,53
28385,female,1.65,17
28386,female,1.68,54
28387,female,1.66,70
28388,female,1.67,64
28389,female,1.76,43
28390,female,1.53,51
28391,female,1.6,70
28392,female,1.5,75
28393,male,1.78,51
28394,male,1.72,59
28395,female,1.62,77
28396,male,1.73,72
28397,female,1.6,55
28398,female,1.66,55
28399,female,1.54,62
28400,female,1.55,75
28401,male,1.68,64
28402,female,1.68,81
28403,female,1.64,67
28404,female,1.58,71
28405,male,1.75,18
28406,male,1.7,49
28407,female,1.72,74
28408,female,1.7,38
28409,male,1.91,32
28410,female,1.64,45
28411,male,1.65,89
28412,male,1.79,70
28413,male,1.7,51
28414,male,1.95,44
28415,female,1.68,41
28416,female,1.6,75
28417,male,1.7,56
28418,female,1.52,88
28419,male,1.9,65
28420,male,1.73,64
28421,male,1.82,58
28422,female,1.55,73
28423,female,1.55,89
28424,female,1.58,87
28425,male,1.7,76
28426,male,1.76,68
28427,male,1.73,52
28428,male,1.8,38
28429,female,1.64,39
28430,male,1.8,57
28431,male,1.7,67
28432,female,1.58,58
28433,female,1.56,65
28434,male,1.75,79
28435,female,1.6,44
28436,female,1.6,75
28437,female,1.64,68
28438,male,1.78,65
28439,male,1.75,68
28440,female,1.72,35
28441,male,1.75,63
28442,male,1.7,71
28443,female,1.54,69
28444,male,1.75,32
28445,female,1.6,56
28446,female,1.53,73
28447,female,1.45,69
28448,female,1.58,53
28449,female,1.7,79
28450,male,1.8,78
28451,female,1.57,34
28452,female,1.6,65
28453,male,1.9,47
28454,female,1.62,63
28455,female,1.6,60
28456,female,1.65,75
28457,female,1.52,83
28458,male,1.81,69
28459,female,1.56,45
28460,female,1.6,63
28461,male,1.68,70
28462,male,1.7,61
28463,male,1.76,68
28464,male,1.72,57
28465,male,1.7,69
28466,male,1.65,62
28467,male,1.78,44
28468,male,1.65,56
28469,female,1.74,24
28470,female,1.6,49
28471,male,1.7,28
28472,male,1.67,68
28473,male,1.74,47
28474,female,1.67,70
28475,female,1.6,36
28476,male,1.8,36
28477,male,1.65,58
28478,male,1.81,25
28479,female,1.54,66
28480,female,1.63,50
28481,female,1.5,67
28482,female,1.53,72
28483,female,1.62,45
28484,male,1.7,58
28485,female,1.64,65
28486,female,1.65,37
28487,female,1.67,68
28488,male,1.6,76
28489,female,1.6,86
28490,female,1.6,52
28491,female,1.78,21
28492,female,1.58,66
28493,male,1.84,72
28494,male,1.72,65
28495,male,1.82,19
28496,male,1.6,80
28497,male,1.78,51
28498,female,1.6,63
28499,female,1.64,46
28500,male,1.65,75
28501,male,1.72,67
28502,male,1.82,39
28503,male,1.95,44
28504,male,1.65,67
28505,female,1.57,62
28506,female,1.65,76
28507,male,1.68,73
28508,male,1.65,45
28509,male,1.7,74
28510,female,1.4,70
28511,female,1.58,59
28512,female,1.7,65
28513,female,1.5,82
28514,female,1.62,81
28515,female,1.5,38
28516,female,1.69,83
28517,male,1.82,44
28518,male,1.8,50
28519,female,1.6,58
28520,female,1.65,59
28521,male,1.77,46
28522,female,1.58,66
28523,female,1.6,64
28524,female,1.65,53
28525,male,1.78,91
28526,female,1.68,76
28527,male,1.68,54
28528,male,1.81,48
28529,male,1.82,74
28530,male,1.73,59
28531,male,1.73,80
28532,male,0.95,70
28533,female,1.61,75
28534,female,1.53,71
28535,female,1.53,50
28536,female,1.65,75
28537,female,1.78,79
28538,male,1.82,79
28539,male,1.8,48
28540,male,1.96,46
28541,male,1.7,72
28542,male,1.8,31
28543,male,1.64,67
28544,male,1.73,75
28545,male,1.7,41
28546,male,1.9,66
28547,female,1.62,67
28548,female,1.6,67
28549,male,1.78,56
28550,female,1.58,64
28551,male,1.72,66
28552,female,1.65,80
28553,male,1.7,49
28554,male,1.76,52
28555,female,1.63,75
28556,female,1.62,65
28557,male,1.73,45
28558,female,1.51,81
28559,male,1.8,57
28560,male,1.86,55
28561,female,1.7,63
28562,female,1.65,86
28563,male,1.85,26
28564,female,1.7,58
28565,male,1.7,54
28566,male,1.6,71
28567,male,1.7,67
28568,female,1.62,71
28569,male,1.86,68
28570,male,1.8,76
28571,female,1.5,10
28572,male,1.76,68
28573,male,1.86,59
28574,male,1.84,47
28575,female,1.6,67
28576,female,1.69,57
28577,female,1.6,61
28578,female,1.53,52
28579,male,1.8,56
28580,female,1.65,73
28581,female,1.6,65
28582,female,1.52,69
28583,female,1.56,49
28584,female,1.64,81
28585,female,1.57,75
28586,female,1.5,76
28587,male,1.76,64
28588,female,1.56,60
28589,male,1.7,67
28590,male,1.68,71
28591,female,1.7,50
28592,female,1.52,77
28593,male,1.7,59
28594,male,1.7,42
28595,male,1.89,45
28596,female,1.65,60
28597,female,1.75,45
28598,male,1.7,66
28599,female,1.58,72
28600,female,1.63,46
28601,male,1.8,57
28602,female,1.7,58
28603,female,1.55,66
28604,male,1.85,40
28605,female,1.7,61
28606,male,1.65,82
28607,male,1.7,71
28608,male,1.6,59
28609,male,1.79,83
28610,female,1.7,74
28611,female,1.65,63
28612,female,1.6,41
28613,female,1.58,54
28614,female,1.66,41
28615,male,1.69,70
28616,male,1.8,63
28617,male,1.75,45
28618,female,1.52,70
28619,female,1.58,71
28620,male,1.7,67
28621,female,1.6,55
28622,female,1.62,50
28623,female,1.6,74
28624,female,1.65,61
28625,female,1.6,21
28626,male,1.78,44
28627,female,1.65,43
28628,male,1.87,35
28629,female,1.62,70
28630,male,1.9,54
28631,female,1.58,61
28632,female,1.65,89
28633,male,1.69,69
28634,female,1.63,83
28635,female,1.64,56
28636,female,1.65,52
28637,female,1.56,70
28638,female,1.68,27
28639,male,1.84,62
28640,male,1.72,66
28641,male,1.68,68
28642,male,1.7,46
28643,female,1.68,63
28644,female,1.57,75
28645,female,1.57,69
28646,male,1.8,65
28647,female,1.5,72
28648,female,1.45,44
28649,male,1.86,67
28650,female,1.68,49
28651,male,1.84,54
28652,male,1.75,68
28653,female,1.66,61
28654,female,1.6,78
28655,male,1.75,60
28656,male,1.8,49
28657,male,1.72,50
28658,male,1.73,76
28659,female,1.65,46
28660,female,1.68,77
28661,male,1.85,49
28662,female,1.59,72
28663,female,1.65,82
28664,female,1.65,58
28665,male,1.7,55
28666,male,1.73,41
28667,female,1.64,65
28668,female,1.62,72
28669,female,1.68,70
28670,male,1.8,43
28671,female,1.61,47
28672,male,1.76,46
28673,male,1.95,51
28674,male,1.86,46
28675,female,1.7,67
28676,female,1.52,64
28677,female,1.64,51
28678,male,1.75,67
28679,female,1.5,78
28680,female,1.7,64
28681,female,1.68,48
28682,female,1.56,60
28683,female,1.68,51
28684,male,1.86,66
28685,male,1.74,61
28686,male,1.76,68
28687,male,1.8,78
28688,female,1.67,80
28689,female,1.63,46
28690,female,1.73,36
28691,female,1.64,58
28692,male,1.75,71
28693,female,1.65,68
28694,male,1.8,64
28695,female,1.6,48
28696,female,1.6,32
28697,male,1.65,47
28698,male,1.7,73
28699,female,1.64,59
28700,male,1.7,26
28701,female,1.7,42
28702,female,1.7,62
28703,male,1.65,52
28704,female,1.61,41
28705,male,1.8,41
28706,female,1.75,27
28707,male,1.95,60
28708,female,1.64,75
28709,female,1.7,49
28710,female,1.7,42
28711,male,1.76,73
28712,male,1.65,56
28713,male,1.65,57
28714,male,1.7,31
28715,female,1.56,49
28716,female,1.7,48
28717,male,1.89,52
28718,male,1.7,50
28719,male,1.81,68
28720,female,1.62,45
28721,female,1.55,69
28722,male,1.72,73
28723,male,1.77,66
28724,female,1.67,46
28725,female,1.65,41
28726,female,1.58,74
28727,male,1.8,32
28728,male,1.76,73
28729,male,1.8,68
28730,female,1.54,47
28731,female,1.55,67
28732,male,1.9,72
28733,female,1.5,57
28734,female,1.54,48
28735,female,1.58,66
28736,female,1.7,70
28737,female,1.6,68
28738,female,1.6,75
28739,female,1.65,72
28740,female,1.55,59
28741,male,1.68,61
28742,female,1.62,49
28743,female,1.6,67
28744,female,1.62,58
28745,female,1.7,57
28746,female,1.43,63
28747,female,1.56,71
28748,male,1.8,77
28749,male,1.72,63
28750,female,1.67,68
28751,male,1.74,80
28752,female,1.62,72
28753,female,1.6,87
28754,female,1.6,13
28755,female,1.58,51
28756,female,1.58,54
28757,male,1.86,41
28758,female,1.7,70
28759,female,1.65,72
28760,female,1.64,62
28761,female,1.64,60
28762,male,1.75,51
28763,female,1.52,71
28764,female,1.58,82
28765,male,1.74,66
28766,male,1.85,52
28767,female,1.62,68
28768,female,1.52,82
28769,female,1.58,64
28770,female,1.69,71
28771,female,1.65,57
28772,male,1.9,45
28773,female,1.58,56
28774,female,1.66,62
28775,male,1.82,58
28776,male,1.74,63
28777,female,1.72,27
28778,male,1.86,66
28779,female,1.62,81
28780,male,1.65,31
28781,female,1.65,64
28782,female,1.68,49
28783,male,1.55,82
28784,female,1.68,60
28785,female,1.75,55
28786,male,1.79,57
28787,female,1.56,75
28788,female,1.6,54
28789,female,1.68,57
28790,male,1.8,67
28791,female,1.54,48
28792,female,1.62,56
28793,female,1.65,68
28794,female,1.65,48
28795,female,1.62,70
28796,female,1.7,52
28797,female,1.54,74
28798,male,1.7,49
28799,female,1.65,68
28800,male,1.67,72
28801,male,1.76,45
28802,female,1.65,55
28803,female,1.65,67
28804,male,1.68,78
28805,male,1.7,48
28806,female,1.62,50
28807,male,1.73,51
28808,female,1.58,77
28809,male,1.88,45
28810,male,1.85,62
28811,male,1.75,77
28812,female,1.5,87
28813,male,1.86,70
28814,female,1.67,56
28815,male,1.76,68
28816,female,1.56,73
28817,female,1.74,62
28818,male,1.8,47
28819,male,1.73,45
28820,male,1.8,81
28821,male,1.71,51
28822,male,1.69,47
28823,male,1.77,77
28824,female,1.68,50
28825,female,1.66,57
28826,male,1.68,61
28827,female,1.68,59
28828,male,1.95,69
28829,female,1.52,52
28830,male,1.75,51
28831,male,1.8,49
28832,male,1.76,37
28833,male,1.73,47
28834,male,1.56,72
28835,male,1.85,42
28836,female,1.55,78
28837,female,1.6,64
28838,male,1.75,37
28839,male,1.73,21
28840,female,1.64,75
28841,female,1.6,81
28842,female,1.58,27
28843,male,1.72,46
28844,female,1.76,75
28845,female,1.65,41
28846,female,1.76,54
28847,female,1.65,56
28848,male,1.65,67
28849,male,1.74,62
28850,female,1.5,74
28851,male,1.67,74
28852,female,1.75,61
28853,female,1.7,68
28854,male,1.8,53
28855,male,1.78,89
28856,female,1.6,60
28857,female,1.6,71
28858,male,1.72,68
28859,female,1.5,79
28860,female,1.69,45
28861,male,1.85,45
28862,female,1.73,90
28863,female,1.68,65
28864,male,1.86,66
28865,female,1.53,49
28866,female,1.64,69
28867,male,1.8,65
28868,male,1.7,66
28869,male,1.68,61
28870,female,1.67,65
28871,female,1.6,41
28872,female,1.65,60
28873,male,1.85,48
28874,female,1.65,80
28875,female,1.52,72
28876,male,1.87,60
28877,female,1.67,72
28878,female,1.62,25
28879,female,1.75,35
28880,female,1.58,76
28881,female,1.69,55
28882,female,1.65,78
28883,female,1.66,65
28884,female,1.62,25
28885,female,1.59,53
28886,male,1.8,70
28887,female,1.69,45
28888,female,1.58,61
28889,female,1.69,61
28890,female,1.59,69
28891,male,1.6,68
28892,female,1.55,53
28893,male,1.6,73
28894,female,1.65,66
28895,male,1.8,52
28896,female,1.64,63
28897,male,1.74,78
28898,female,1.64,53
28899,male,1.78,83
28900,female,1.63,28
28901,female,1.55,71
28902,female,1.63,59
28903,male,1.78,48
28904,female,1.54,62
28905,female,1.89,61
28906,female,1.63,42
28907,male,1.8,45
28908,female,1.53,39
28909,male,1.86,26
28910,female,1.6,41
28911,female,1.6,83
28912,male,1.75,79
28913,female,1.62,70
28914,female,1.67,55
28915,male,1.8,69
28916,male,1.75,63
28917,female,1.65,53
28918,female,1.58,41
28919,male,1.84,89
28920,female,1.59,52
28921,male,1.78,74
28922,female,1.67,53
28923,male,1.85,37
28924,female,1.58,74
28925,male,1.7,58
28926,female,1.7,54
28927,female,1.7,81
28928,female,1.64,72
28929,male,1.75,82
28930,male,1.72,67
28931,male,1.78,67
28932,female,1.55,52
28933,female,1.6,71
28934,male,1.75,79
28935,female,1.68,62
28936,female,1.64,53
28937,female,1.57,71
28938,female,1.65,50
28939,female,1.6,69
28940,female,1.73,55
28941,male,1.65,68
28942,female,1.63,70
28943,female,1.65,80
28944,male,1.72,72
28945,female,1.4,71
28946,female,1.78,63
28947,female,1.68,72
28948,female,1.63,35
28949,female,1.65,70
28950,female,1.7,77
28951,male,1.75,55
28952,female,1.47,73
28953,male,1.73,74
28954,male,1.7,62
28955,male,1.9,44
28956,female,1.7,49
28957,male,1.9,55
28958,female,1.62,64
28959,female,1.57,74
28960,female,1.63,75
28961,male,1.79,52
28962,female,1.65,82
28963,female,1.6,29
28964,female,1.62,68
28965,male,1.8,69
28966,male,1.72,77
28967,male,1.83,67
28968,female,1.5,64
28969,female,1.56,59
28970,male,1.72,68
28971,male,1.68,81
28972,female,1.64,63
28973,female,1.63,72
28974,male,1.76,50
28975,female,1.68,73
28976,female,1.71,51
28977,female,1.6,75
28978,female,1.5,78
28979,male,1.74,67
28980,male,1.8,47
28981,female,1.74,55
28982,female,1.64,61
28983,female,1.65,66
28984,male,1.75,50
28985,male,1.5,12
28986,female,1.66,58
28987,female,1.62,62
28988,male,1.75,72
28989,male,1.78,28
28990,male,1.7,45
28991,male,1.82,42
28992,male,1.7,58
28993,female,1.65,82
28994,female,1.64,46
28995,male,1.82,57
28996,male,1.97,42
28997,female,1.58,53
28998,male,1.78,65
28999,female,1.74,68
29000,female,1.62,60
29001,male,1.72,68
29002,male,1.7,75
29003,female,1.5,83
29004,female,1.6,64
29005,male,1.69,80
29006,female,1.54,72
29007,female,1.65,83
29008,male,1.72,50
29009,male,1.7,64
29010,male,1.74,80
29011,male,1.78,78
29012,male,1.7,59
29013,male,1.75,52
29014,female,1.56,72
29015,female,1.65,40
29016,female,1.52,71
29017,female,1.63,58
29018,female,1.6,75
29019,female,1.6,49
29020,female,1.75,35
29021,male,1.65,68
29022,female,1.65,56
29023,female,1.6,58
29024,female,1.52,62
29025,female,1.6,76
29026,male,1.77,51
29027,male,1.7,45
29028,male,1.8,58
29029,female,1.4,74
29030,female,1.7,61
29031,female,1.72,46
29032,male,1.8,68
29033,male,1.64,70
29034,male,1.7,28
29035,male,1.82,56
29036,male,1.89,53
29037,male,1.7,74
29038,male,1.65,71
29039,male,1.82,57
29040,male,1.82,55
29041,female,1.66,67
29042,male,1.68,49
29043,male,1.74,49
29044,male,1.7,85
29045,female,1.53,62
29046,female,1.5,68
29047,male,1.79,69
29048,female,1.7,61
29049,female,1.64,63
29050,male,1.75,59
29051,female,1.59,67
29052,female,1.58,70
29053,female,1.6,78
29054,female,1.65,43
29055,female,1.65,61
29056,male,1.85,72
29057,female,1.5,79
29058,female,1.7,76
29059,female,1.6,57
29060,female,1.66,24
29061,female,1.67,56
29062,male,1.75,67
29063,female,1.75,58
29064,female,1.67,75
29065,male,1.78,67
29066,male,1.7,87
29067,female,1.64,52
29068,male,1.87,65
29069,male,1.75,62
29070,female,1.6,45
29071,male,1.78,69
29072,female,1.65,20
29073,male,1.8,60
29074,female,1.47,57
29075,female,1.6,62
29076,female,1.58,79
29077,female,1.6,78
29078,male,1.75,46
29079,female,1.62,62
29080,male,1.86,54
29081,female,1.58,78
29082,male,1.7,32
29083,male,1.69,60
29084,female,1.64,52
29085,female,1.64,61
29086,female,1.6,64
29087,female,1.6,47
29088,female,1.76,40
29089,female,1.6,52
29090,female,1.7,68
29091,male,1.7,75
29092,female,1.7,73
29093,male,1.64,36
29094,male,1.6,57
29095,male,1.65,67
29096,female,1.64,64
29097,female,1.68,70
29098,male,1.67,72
29099,female,1.62,67
29100,male,1.76,60
29101,female,1.64,73
29102,female,1.6,68
29103,female,1.61,55
29104,male,1.75,47
29105,female,1.65,58
29106,male,1.8,54
29107,male,1.8,81
29108,male,1.56,46
29109,male,1.8,67
29110,female,1.68,17
29111,male,1.7,69
29112,female,1.7,55
29113,female,1.6,74
29114,female,1.64,67
29115,male,1.8,51
29116,male,1.8,61
29117,female,1.7,56
29118,female,1.6,45
29119,female,1.65,54
29120,female,1.7,83
29121,female,1.61,72
29122,male,1.77,45
29123,female,1.65,44
29124,male,1.77,33
29125,male,1.78,31
29126,female,1.55,75
29127,female,1.5,88
29128,female,1.6,58
29129,female,1.65,56
29130,female,1.52,86
29131,female,1.6,91
29132,female,1.5,72
29133,male,1.8,82
29134,male,1.73,18
29135,female,1.58,58
29136,female,1.6,53
29137,female,1.62,48
29138,female,1.62,83
29139,female,1.55,65
29140,female,1.6,77
29141,female,1.62,71
29142,male,1.75,51
29143,female,1.6,68
29144,male,1.69,70
29145,female,1.68,42
29146,male,1.8,38
29147,male,1.78,66
29148,female,1.64,71
29149,male,1.8,65
29150,female,1.7,28
29151,male,1.58,74
29152,male,1.76,75
29153,male,1.65,67
29154,female,1.63,65
29155,male,1.75,73
29156,female,1.68,65
29157,male,1.67,69
29158,male,1.65,81
29159,female,1.67,79
29160,male,1.76,41
29161,male,1.65,72
29162,female,1.55,76
29163,male,1.68,63
29164,male,1.74,67
29165,male,1.8,75
29166,male,1.67,30
29167,female,1.68,83
29168,male,1.75,75
29169,female,1.55,42
29170,female,1.72,53
29171,male,1.7,73
29172,male,1.8,67
29173,male,1.76,64
29174,male,1.76,41
29175,male,1.8,49
29176,female,1.6,74
29177,female,1.5,87
29178,male,1.7,23
29179,male,1.85,42
29180,male,1.71,68
29181,male,1.83,63
29182,female,1.5,58
29183,male,1.8,56
29184,female,1.6,46
29185,female,1.55,74
29186,female,1.57,67
29187,male,1.7,67
29188,male,1.7,74
29189,male,1.7,70
29190,male,1.64,68
29191,female,1.53,80
29192,male,1.75,48
29193,female,1.74,45
29194,female,1.65,19
29195,female,1.7,85
29196,male,1.68,43
29197,male,1.85,41
29198,female,1.62,54
29199,male,1.73,37
29200,male,1.78,49
29201,male,1.68,69
29202,female,1.65,40
29203,male,1.85,39
29204,male,1.65,80
29205,female,1.56,76
29206,male,1.8,75
29207,female,1.63,92
29208,female,1.65,50
29209,female,1.58,51
29210,female,1.72,67
29211,male,1.85,57
29212,female,1.73,65
29213,female,1.56,69
29214,female,1.6,66
29215,male,1.85,57
29216,male,1.88,51
29217,female,1.5,68
29218,male,1.88,45
29219,male,1.8,66
29220,female,1.65,73
29221,female,1.59,68
29222,female,1.48,81
29223,male,1.7,59
29224,male,1.73,65
29225,male,1.95,50
29226,female,1.73,47
29227,female,1.75,75
29228,female,1.7,72
29229,male,1.65,81
29230,female,1.75,54
29231,female,1.65,63
29232,female,1.63,67
29233,male,1.65,73
29234,male,1.75,65
29235,male,1.72,64
29236,female,1.73,59
29237,male,1.75,34
29238,female,1.61,76
29239,male,1.65,63
29240,male,1.8,67
29241,male,1.75,38
29242,female,1.76,44
29243,female,1.68,31
29244,male,1.75,46
29245,female,1.7,49
29246,female,1.6,78
29247,female,1.68,39
29248,female,1.64,66
29249,female,1.6,68
29250,female,1.62,49
29251,male,1.82,58
29252,female,1.74,53
29253,male,1.84,68
29254,male,1.6,58
29255,male,1.74,33
29256,male,1.86,71
29257,male,1.76,47
29258,female,1.6,56
29259,female,1.54,61
29260,female,1.67,45
29261,male,1.7,67
29262,male,1.75,67
29263,female,1.65,74
29264,female,1.55,69
29265,female,1.68,65
29266,male,1.78,70
29267,male,1.63,77
29268,male,1.72,61
29269,male,1.82,59
29270,male,1.86,50
29271,male,1.8,50
29272,male,1.75,58
29273,female,1.6,82
29274,male,1.68,26
29275,female,1.56,46
29276,male,1.82,55
29277,female,1.6,66
29278,male,1.68,76
29279,male,1.74,46
29280,female,1.65,60
29281,female,1.6,75
29282,female,1.57,68
29283,female,1.6,56
29284,male,1.7,70
29285,female,1.67,70
29286,male,1.9,29
29287,male,1.86,54
29288,female,1.75,66
29289,male,1.78,37
29290,male,1.72,45
29291,male,1.7,77
29292,female,1.56,51
29293,male,1.7,61
29294,male,1.68,45
29295,male,1.94,52
29296,female,1.73,67
29297,male,1.67,69
29298,male,1.73,80
29299,female,1.57,67
29300,female,1.67,68
29301,female,1.7,74
29302,male,1.84,22
29303,male,1.76,68
29304,male,1.68,62
29305,female,1.64,53
29306,female,1.67,74
29307,female,1.56,60
29308,female,1.6,68
29309,female,1.65,52
29310,male,1.84,72
29311,male,1.78,38
29312,female,1.7,53
29313,female,1.56,73
29314,female,1.78,38
29315,female,1.64,73
29316,female,1.58,57
29317,female,1.68,46
29318,male,1.74,67
29319,male,1.64,63
29320,female,1.55,66
29321,male,1.78,72
29322,male,1.84,52
29323,male,1.74,33
29324,female,1.66,29
29325,female,1.71,77
29326,male,1.78,43
29327,female,1.68,51
29328,female,1.5,72
29329,male,1.7,64
29330,male,1.68,54
29331,female,1.65,49
29332,male,1.74,51
29333,male,1.72,64
29334,female,1.58,62
29335,female,1.7,41
29336,female,1.54,67
29337,male,1.75,61
29338,female,1.6,58
29339,male,1.83,54
29340,female,1.55,81
29341,male,1.83,35
29342,male,1.75,71
29343,female,1.6,85
29344,male,1.75,67
29345,female,1.64,75
29346,female,1.67,75
29347,female,1.6,52
29348,male,1.85,45
29349,female,1.56,51
29350,female,1.56,85
29351,female,1.5,67
29352,female,1.65,54
29353,female,1.55,85
29354,male,1.71,47
29355,male,1.72,53
29356,male,1.75,52
29357,male,1.9,61
29358,female,1.58,68
29359,male,1.76,74
29360,male,1.78,73
29361,female,1.5,59
29362,female,1.6,68
29363,male,1.84,52
29364,male,1.85,57
29365,male,1.68,83
29366,female,0.62,48
29367,female,1.7,42
29368,male,1.7,69
29369,male,1.78,67
29370,male,1.98,37
29371,female,1.6,69
29372,female,1.72,58
29373,male,1.72,73
29374,female,1.65,69
29375,female,1.56,81
29376,female,1.63,74
29377,female,1.5,58
29378,male,1.8,64
29379,female,1.75,46
29380,male,1.72,67
29381,female,1.68,67
29382,male,1.8,72
29383,female,1.58,76
29384,female,1.68,49
29385,female,1.73,66
29386,male,1.75,32
29387,male,1.7,78
29388,female,1.6,71
29389,female,1.66,65
29390,male,1.76,49
29391,female,1.56,71
29392,male,1.85,66
29393,male,1.85,53
29394,male,1.76,72
29395,female,1.65,70
29396,female,1.72,36
29397,female,1.5,80
29398,male,1.78,53
29399,female,1.65,59
29400,female,1.5,57
29401,female,1.58,16
29402,male,1.85,85
29403,female,1.6,50
29404,male,1.75,66
29405,female,1.65,38
29406,female,1.65,70
29407,female,1.65,72
29408,female,1.66,68
29409,female,1.73,51
29410,female,1.58,76
29411,female,1.5,89
29412,male,1.8,65
29413,male,1.7,82
29414,female,1.56,39
29415,male,1.78,44
29416,male,1.78,55
29417,female,1.65,37
29418,female,1.7,69
29419,female,1.56,22
29420,female,1.58,68
29421,female,14.0,88
29422,male,1.77,78
29423,male,1.72,70
29424,female,1.7,28
29425,male,1.78,36
29426,male,1.86,46
29427,male,1.95,57
29428,female,1.72,40
29429,female,1.6,76
29430,female,1.6,46
29431,male,1.62,56
29432,female,1.64,52
29433,male,1.76,54
29434,female,1.67,41
29435,male,1.73,72
29436,female,1.58,67
29437,female,1.64,65
29438,male,1.9,49
29439,female,1.73,66
29440,female,1.7,67
29441,male,1.65,73
29442,female,1.49,60
29443,male,1.76,88
29444,female,1.47,69
29445,male,1.72,56
29446,male,1.7,72
29447,female,1.64,68
29448,female,1.5,48
29449,female,1.56,67
29450,female,1.65,70
29451,male,1.87,44
29452,female,1.54,82
29453,male,1.83,64
29454,female,1.6,74
29455,female,1.64,58
29456,female,1.58,65
29457,female,1.6,68
29458,male,1.75,48
29459,male,1.62,67
29460,female,1.55,69
29461,male,1.78,61
29462,male,1.8,74
29463,male,1.73,74
29464,male,1.81,44
29465,male,1.68,59
29466,male,1.82,72
29467,male,1.77,59
29468,female,1.69,31
29469,male,1.83,39
29470,male,1.7,55
29471,female,1.72,27
29472,male,1.65,80
29473,female,1.68,31
29474,female,1.52,70
29475,male,1.76,54
29476,male,1.8,64
29477,male,1.76,63
29478,male,1.83,20
29479,female,1.73,51
29480,male,1.78,47
29481,male,1.75,48
29482,male,1.87,46
29483,female,1.6,47
29484,female,1.56,52
29485,male,1.76,46
29486,male,1.85,19
29487,male,1.8,74
29488,female,1.67,70
29489,female,1.63,76
29490,male,1.86,56
29491,female,1.6,73
29492,female,1.57,60
29493,female,1.5,76
29494,female,1.65,63
29495,male,1.68,83
29496,female,1.64,46
29497,female,1.6,71
29498,female,1.58,64
29499,female,1.56,60
29500,male,1.78,49
29501,male,1.6,80
29502,female,1.7,51
29503,male,1.76,68
29504,male,1.78,75
29505,male,1.7,38
29506,male,1.7,48
29507,female,1.74,14
29508,female,1.57,75
29509,female,1.64,78
29510,male,1.75,74
29511,male,1.7,65
29512,male,1.72,75
29513,female,1.64,76
29514,male,1.6,69
29515,male,1.7,79
29516,female,1.58,70
29517,male,1.73,70
29518,female,1.65,42
29519,female,1.66,66
29520,male,1.8,24
29521,female,1.68,39
29522,male,1.75,62
29523,male,1.68,65
29524,male,1.8,75
29525,female,1.7,74
29526,male,1.75,43
29527,female,1.54,15
29528,male,1.83,40
29529,female,1.67,47
29530,female,1.54,67
29531,female,1.59,36
29532,female,1.65,68
29533,male,1.7,59
29534,female,1.77,52
29535,male,1.7,73
29536,female,1.64,64
29537,male,1.82,65
29538,male,1.75,63
29539,female,1.7,53
29540,female,1.65,45
29541,female,1.68,63
29542,male,1.6,85
29543,male,1.78,32
29544,male,1.83,69
29545,female,1.64,69
29546,male,1.78,49
29547,male,1.79,62
29548,female,1.6,53
29549,female,1.68,88
29550,female,1.65,68
29551,female,1.56,77
29552,male,1.72,62
29553,male,1.75,73
29554,female,1.52,75
29555,female,1.6,53
29556,male,1.82,76
29557,female,1.58,75
29558,female,1.73,39
29559,female,1.6,72
29560,male,1.76,69
29561,male,1.7,69
29562,male,1.85,67
29563,female,1.68,49
29564,female,1.64,46
29565,female,1.6,80
29566,female,1.59,20
29567,female,1.62,67
29568,male,1.72,60
29569,female,1.71,40
29570,male,1.89,51
29571,female,1.58,62
29572,male,1.98,46
29573,female,1.65,69
29574,female,1.68,55
29575,male,1.77,39
29576,male,1.68,58
29577,female,1.55,53
29578,male,1.7,66
29579,male,1.7,51
29580,male,1.8,60
29581,male,1.72,67
29582,female,1.6,50
29583,male,1.81,33
29584,male,1.8,30
29585,male,1.92,74
29586,male,1.72,68
29587,female,1.7,54
29588,male,1.8,74
29589,female,1.58,64
29590,female,1.62,49
29591,male,1.68,72
29592,female,1.54,51
29593,male,1.78,78
29594,male,1.78,63
29595,female,1.65,73
29596,male,1.83,69
29597,female,1.72,77
29598,male,1.62,71
29599,female,1.6,68
29600,female,1.65,74
29601,female,1.59,53
29602,female,1.6,76
29603,female,1.62,55
29604,female,1.6,73
29605,male,1.7,68
29606,male,1.7,52
29607,male,1.75,81
29608,female,1.6,64
29609,female,1.56,74
29610,female,1.63,46
29611,male,1.67,56
29612,female,1.65,46
29613,male,1.86,32
29614,female,1.64,58
29615,male,1.7,68
29616,female,1.6,84
29617,female,1.68,35
29618,female,1.64,67
29619,female,1.68,75
29620,female,1.57,59
29621,female,1.55,47
29622,male,1.8,75
29623,male,1.8,45
29624,female,1.72,60
29625,female,1.64,63
29626,female,1.63,64
29627,female,1.72,53
29628,male,1.72,71
29629,female,1.64,51
29630,female,1.7,68
29631,female,1.6,68
29632,female,1.76,50
29633,female,1.55,76
29634,female,1.6,66
29635,female,1.65,93
29636,male,1.78,61
29637,male,1.75,79
29638,female,1.5,73
29639,female,1.73,61
29640,female,1.68,77
29641,female,1.68,58
29642,female,1.6,80
29643,female,1.68,47
29644,female,1.6,73
29645,female,1.72,53
29646,male,1.68,84
29647,male,1.8,65
29648,female,1.56,42
29649,female,1.63,58
29650,female,1.56,48
29651,male,1.85,22
29652,female,1.6,84
29653,male,1.78,47
29654,female,1.82,45
29655,female,1.64,56
29656,male,1.83,63
29657,female,1.6,67
29658,male,1.85,63
29659,male,1.7,75
29660,female,1.59,63
29661,female,1.53,69
29662,male,1.81,61
29663,female,1.73,54
29664,female,1.7,70
29665,male,1.9,46
29666,male,1.67,80
29667,female,1.63,63
29668,female,1.6,77
29669,female,1.62,80
29670,male,1.76,60
29671,female,1.65,67
29672,female,1.6,53
29673,male,1.85,63
29674,male,1.93,50
29675,female,1.63,67
29676,male,1.75,68
29677,female,1.5,58
29678,male,1.63,64
29679,male,1.74,41
29680,male,1.73,68
29681,male,1.93,65
29682,female,1.84,45
29683,male,1.74,67
29684,male,1.88,28
29685,male,1.6,54
29686,male,1.72,73
29687,male,1.82,54
29688,female,1.53,80
29689,male,1.8,79
29690,male,1.67,55
29691,female,1.68,68
29692,male,1.73,68
29693,female,1.75,35
29694,female,1.62,59
29695,female,1.6,75
29696,male,1.72,64
29697,female,1.6,86
29698,male,1.87,65
29699,female,1.6,63
29700,male,1.86,59
29701,female,1.6,80
29702,female,1.78,69
29703,male,1.82,46
29704,male,1.7,45
29705,female,1.6,84
29706,male,1.79,54
29707,male,1.82,65
29708,male,1.85,65
29709,male,1.75,55
29710,female,1.6,77
29711,female,1.5,38
29712,female,1.65,49
29713,male,1.74,66
29714,male,1.7,66
29715,male,1.76,66
29716,male,1.75,57
29717,female,1.59,67
29718,female,1.69,51
29719,female,1.7,53
29720,female,1.63,69
29721,male,1.7,67
29722,female,1.69,46
29723,male,1.7,52
29724,female,1.64,63
29725,male,1.75,46
29726,female,1.6,55
29727,female,1.65,59
29728,male,1.71,68
29729,male,1.77,44
29730,male,1.7,78
29731,female,1.68,38
29732,male,1.76,57
29733,male,1.72,67
29734,male,1.7,50
29735,female,1.65,78
29736,male,1.72,65
29737,female,1.65,46
29738,female,1.65,45
29739,female,1.6,76
29740,female,1.64,60
29741,female,1.55,39
29742,female,1.64,60
29743,female,1.64,54
29744,female,1.54,72
29745,female,1.65,38
29746,female,1.65,76
29747,male,1.64,66
29748,female,1.68,51
29749,female,1.63,54
29750,female,1.48,65
29751,female,1.6,72
29752,male,1.76,71
29753,female,1.65,63
29754,female,1.73,68
29755,male,1.7,62
29756,female,1.7,60
29757,male,1.8,63
29758,male,1.78,63
29759,female,1.64,34
29760,female,1.8,30
29761,female,1.58,83
29762,female,1.6,85
29763,male,1.68,83
29764,male,1.76,50
29765,male,1.72,75
29766,male,1.8,51
29767,male,1.65,80
29768,male,1.77,18
29769,female,1.63,46
29770,female,1.55,57
29771,male,1.7,72
29772,female,1.68,56
29773,female,1.52,67
29774,male,1.58,69
29775,male,1.68,31
29776,male,1.82,56
29777,female,1.6,32
29778,male,1.75,48
29779,male,1.77,55
29780,male,1.8,45
29781,female,0.67,62
29782,male,1.8,32
29783,female,1.53,61
29784,female,1.72,42
29785,female,1.65,65
29786,male,1.73,72
29787,female,1.67,71
29788,male,1.83,57
29789,female,1.6,61
29790,male,1.62,39
29791,female,1.55,68
29792,male,1.9,48
29793,male,1.76,41
29794,female,1.65,48
29795,female,1.64,71
29796,male,1.8,80
29797,male,1.8,48
29798,female,1.6,73
29799,male,1.75,69
29800,male,1.72,63
29801,male,1.78,57
29802,male,1.8,67
29803,male,1.75,61
29804,male,1.83,76
29805,male,1.77,31
29806,female,1.6,67
29807,female,1.7,52
29808,male,1.68,64
29809,male,1.78,46
29810,female,1.81,39
29811,female,1.58,75
29812,female,1.6,76
29813,female,1.6,61
29814,male,1.95,27
29815,male,1.75,53
29816,male,1.7,67
29817,male,1.66,76
29818,female,1.6,67
29819,female,1.81,48
29820,female,1.56,48
29821,female,1.6,88
29822,male,1.65,57
29823,female,1.66,24
29824,female,1.68,47
29825,female,1.56,62
29826,female,1.64,67
29827,male,1.78,69
29828,female,1.58,72
29829,female,1.64,68
29830,male,1.65,82
29831,female,1.57,65
29832,male,1.8,31
29833,male,1.68,69
29834,female,1.73,61
29835,male,1.85,42
29836,female,1.6,48
29837,female,1.56,25
29838,female,1.71,40
29839,female,1.74,48
29840,female,1.62,67
29841,male,1.8,35
29842,male,1.65,72
29843,female,1.6,44
29844,male,1.75,79
29845,female,1.65,69
29846,female,1.6,75
29847,female,1.65,74
29848,female,1.65,79
29849,female,1.68,82
29850,male,1.62,63
29851,male,1.95,59
29852,male,1.7,73
29853,male,1.7,68
29854,male,1.65,80
29855,female,1.65,56
29856,female,1.68,58
29857,female,1.74,63
29858,female,1.6,79
29859,female,1.55,78
29860,male,1.76,54
29861,male,1.84,43
29862,male,1.75,71
29863,male,1.7,66
29864,male,1.65,75
29865,female,1.68,60
29866,male,1.75,77
29867,female,1.59,38
29868,male,1.82,32
29869,male,1.62,81
29870,female,1.7,64
29871,female,1.58,68
29872,male,1.75,35
29873,male,1.65,42
29874,male,1.8,60
29875,male,1.8,62
29876,female,1.56,26
29877,female,1.66,68
29878,male,1.87,57
29879,male,1.72,68
29880,male,1.67,40
29881,female,1.52,61
29882,male,1.8,63
29883,male,1.74,42
29884,female,1.65,32
29885,female,1.62,66
29886,male,1.7,86
29887,male,1.67,71
29888,female,1.55,49
29889,female,1.56,69
29890,male,1.7,58
29891,male,1.73,36
29892,female,1.65,43
29893,female,1.58,56
29894,female,1.64,64
29895,male,1.8,48
29896,male,1.87,25
29897,male,1.65,73
29898,female,1.65,65
29899,male,1.78,50
29900,male,1.64,74
29901,male,1.72,69
29902,female,1.74,41
29903,male,1.79,74
29904,female,1.5,70
29905,female,1.56,40
29906,female,1.58,73
29907,female,1.52,57
29908,male,1.6,72
29909,male,1.7,44
29910,male,1.78,32
29911,male,1.89,36
29912,male,1.84,42
29913,female,1.56,71
29914,female,1.61,36
29915,male,1.86,28
29916,female,1.62,67
29917,male,1.68,61
29918,male,1.72,55
29919,male,1.83,35
29920,female,1.64,42
29921,male,1.75,76
29922,female,1.7,34
29923,female,1.7,71
29924,male,1.8,63
29925,female,1.6,57
29926,female,1.55,55
29927,male,1.85,61
29928,male,1.8,68
29929,male,1.69,54
29930,female,1.68,73
29931,male,1.85,74
29932,female,1.68,40
29933,male,1.8,34
29934,male,1.76,58
29935,male,1.86,22
29936,female,1.64,45
29937,female,1.58,64
29938,female,1.67,76
29939,male,1.65,68
29940,male,1.7,65
29941,female,1.8,41
29942,female,1.6,73
29943,male,1.8,69
29944,male,1.75,62
29945,male,1.78,52
29946,female,1.7,56
29947,female,1.64,60
29948,male,1.77,63
29949,female,1.6,40
29950,male,1.72,75
29951,male,1.72,52
29952,female,1.6,67
29953,male,1.87,67
29954,male,1.63,62
29955,male,1.7,66
29956,male,1.7,73
29957,male,1.78,32
29958,female,1.4,52
29959,female,1.5,71
29960,female,1.72,68
29961,male,1.82,56
29962,female,1.72,34
29963,male,1.7,70
29964,male,1.73,52
29965,female,1.6,52
29966,female,1.75,56
29967,female,1.68,48
29968,male,1.74,52
29969,female,1.8,37
29970,female,1.63,65
29971,male,1.74,63
29972,female,1.53,67
29973,male,1.82,49
29974,female,1.75,91
29975,male,1.76,67
29976,male,1.75,63
29977,male,1.8,46
29978,female,1.55,75
29979,female,1.6,75
29980,male,1.7,61
29981,male,1.8,75
29982,male,1.7,50
29983,female,1.6,79
29984,female,1.68,62
29985,male,1.8,76
29986,male,1.75,71
29987,male,1.84,42
29988,male,1.76,69
29989,female,1.65,45
29990,male,1.67,59
29991,female,1.6,75
29992,female,1.62,52
29993,female,1.64,61
29994,male,1.85,43
29995,female,1.63,19
29996,female,1.73,64
29997,male,1.95,41
29998,female,1.6,53
29999,female,1.5,81
30000,female,1.65,47
30001,female,1.74,79
30002,male,1.75,73
30003,female,1.7,59
30004,female,1.64,49
30005,female,1.63,34
30006,male,1.68,38
30007,male,1.85,46
30008,female,1.6,89
30009,male,1.8,55
30010,male,1.7,72
30011,female,1.6,86
30012,female,1.54,36
30013,male,1.84,41
30014,female,1.62,47
30015,male,1.72,58
30016,male,1.86,63
30017,female,1.65,60
30018,female,1.58,45
30019,female,1.65,24
30020,female,1.58,64
30021,female,1.65,53
30022,male,1.7,64
30023,male,1.85,46
30024,female,1.65,73
30025,female,1.5,67
30026,female,1.58,53
30027,female,1.64,32
30028,male,1.8,70
30029,female,1.58,63
30030,female,1.65,64
30031,male,1.8,60
30032,male,1.87,41
30033,female,1.6,82
30034,female,1.63,70
30035,male,1.78,44
30036,female,1.57,74
30037,male,1.8,74
30038,female,1.65,50
30039,female,1.67,46
30040,male,1.72,41
30041,male,1.7,82
30042,female,1.58,73
30043,male,1.7,41
30044,male,1.64,58
30045,male,1.65,50
30046,female,1.72,49
30047,male,1.75,62
30048,male,1.7,73
30049,male,1.71,77
30050,male,1.85,31
30051,male,1.65,56
30052,female,1.65,59
30053,male,1.74,73
30054,male,1.8,39
30055,female,1.62,83
30056,female,1.53,66
30057,male,1.74,62
30058,female,1.7,43
30059,female,1.6,52
30060,female,1.64,17
30061,female,1.62,55
30062,male,1.65,74
30063,female,1.52,82
30064,male,1.86,51
30065,male,1.7,54
30066,male,1.65,45
30067,female,1.56,80
30068,male,1.78,70
30069,female,1.5,84
30070,male,1.75,32
30071,male,1.78,47
30072,female,1.5,80
30073,female,1.64,71
30074,male,1.78,66
30075,female,1.6,71
30076,male,1.82,36
30077,male,1.82,59
30078,male,1.6,70
30079,female,1.6,50
30080,male,1.78,77
30081,female,1.5,63
30082,male,1.85,42
30083,female,1.63,48
30084,male,1.74,63
30085,female,1.67,28
30086,female,1.61,68
30087,female,1.7,35
30088,female,1.63,29
30089,male,1.84,62
30090,female,1.62,72
30091,female,1.52,69
30092,female,1.6,87
30093,male,1.72,73
30094,female,1.62,68
30095,male,1.7,69
30096,male,1.75,60
30097,male,1.76,53
30098,male,1.78,61
30099,male,1.73,54
30100,male,1.74,44
30101,male,1.57,52
30102,female,1.62,44
30103,male,1.7,71
30104,female,1.66,58
30105,female,1.66,35
30106,male,1.8,43
30107,female,1.67,82
30108,male,1.67,38
30109,female,1.67,63
30110,male,1.93,55
30111,female,1.65,51
30112,male,1.78,69
30113,female,1.65,64
30114,male,1.7,60
30115,male,1.65,67
30116,female,1.6,66
30117,male,1.5,74
30118,male,1.6,58
30119,female,1.68,45
30120,male,1.73,37
30121,male,1.73,49
30122,male,1.83,34
30123,male,1.77,56
30124,male,1.7,75
30125,male,1.75,72
30126,female,1.65,71
30127,male,1.7,69
30128,female,1.58,75
30129,male,1.8,33
30130,male,1.82,62
30131,male,1.76,78
30132,female,1.55,72
30133,male,1.8,56
30134,female,1.6,63
30135,female,1.65,35
30136,male,1.81,21
30137,male,1.77,67
30138,male,1.89,62
30139,female,1.55,10
30140,male,1.78,59
30141,male,1.94,42
30142,male,1.8,69
30143,male,1.7,66
30144,male,1.82,57
30145,female,1.76,62
30146,male,1.76,76
30147,male,1.86,52
30148,female,1.6,47
30149,male,1.7,67
30150,female,1.73,49
30151,female,1.61,72
30152,male,1.8,79
30153,male,1.7,74
30154,female,1.69,72
30155,female,1.78,44
30156,male,1.78,33
30157,female,1.64,69
30158,male,1.65,69
30159,male,1.68,70
30160,male,1.76,73
30161,female,1.58,77
30162,female,1.55,55
30163,male,1.9,68
30164,male,1.55,57
30165,female,1.72,76
30166,male,1.68,57
30167,female,1.58,43
30168,male,1.75,71
30169,female,1.65,68
30170,male,1.72,68
30171,female,1.72,20
30172,male,1.8,65
30173,male,1.71,39
30174,male,1.72,66
30175,female,1.68,51
30176,male,1.72,71
30177,male,1.83,69
30178,female,1.63,74
30179,female,1.62,47
30180,male,1.7,79
30181,male,1.75,76
30182,male,1.77,46
30183,male,1.78,55
30184,female,1.65,70
30185,female,1.74,61
30186,male,1.79,51
30187,male,1.7,63
30188,female,1.49,56
30189,male,1.89,54
30190,female,1.7,69
30191,male,1.64,46
30192,female,1.65,64
30193,female,1.8,42
30194,female,1.73,31
30195,female,1.6,62
30196,female,1.58,70
30197,female,1.62,80
30198,female,1.68,78
30199,male,1.74,78
30200,male,1.7,34
30201,female,1.75,69
30202,male,1.72,47
30203,female,1.65,41
30204,male,1.7,82
30205,female,1.64,70
30206,male,1.75,83
30207,male,1.85,35
30208,male,1.74,76
30209,male,1.65,60
30210,female,1.56,32
30211,female,1.68,40
30212,female,1.55,72
30213,male,1.75,20
30214,female,1.58,84
30215,male,1.68,72
30216,male,1.75,50
30217,female,1.67,41
30218,female,1.65,52
30219,male,1.76,62
30220,female,1.65,79
30221,female,1.72,28
30222,female,1.6,73
30223,male,1.78,89
30224,female,1.66,15
30225,female,1.52,63
30226,female,1.7,82
30227,female,1.58,58
30228,male,1.75,69
30229,female,1.5,78
30230,female,1.64,81
30231,female,1.58,39
30232,female,1.8,46
30233,female,1.5,66
30234,female,1.65,53
30235,male,1.65,54
30236,male,1.73,72
30237,female,1.62,78
30238,female,1.47,75
30239,male,1.75,25
30240,male,1.75,67
30241,female,1.58,73
30242,female,1.65,49
30243,male,1.77,52
30244,male,1.7,81
30245,female,1.58,64
30246,male,1.7,77
30247,female,1.77,52
30248,female,1.67,39
30249,male,1.87,51
30250,female,1.68,69
30251,female,1.67,62
30252,male,1.96,19
30253,male,1.85,80
30254,female,0.59,77
30255,male,1.75,54
30256,female,1.65,41
30257,female,1.56,86
30258,female,1.56,47
30259,female,1.52,74
30260,male,1.8,49
30261,male,1.85,45
30262,male,0.85,43
30263,female,1.6,79
30264,male,1.73,70
30265,male,1.73,68
30266,female,1.6,71
30267,male,1.66,74
30268,male,1.82,48
30269,female,1.52,37
30270,female,1.6,78
30271,female,1.65,62
30272,male,1.8,68
30273,female,1.5,70
30274,female,1.69,64
30275,female,1.62,70
30276,male,1.66,78
30277,male,1.73,60
30278,female,1.58,53
30279,male,1.58,69
30280,male,1.75,80
30281,male,1.86,57
30282,male,1.67,57
30283,female,1.58,84
30284,male,1.7,77
30285,male,1.68,71
30286,female,1.73,46
30287,male,1.7,72
30288,female,1.65,65
30289,male,1.7,82
30290,female,1.52,55
30291,female,1.6,67
30292,female,1.62,64
30293,female,1.78,58
30294,female,1.6,78
30295,female,1.67,33
30296,female,1.6,61
30297,female,1.55,68
30298,male,1.6,78
30299,female,1.66,71
30300,male,1.85,38
30301,male,1.76,67
30302,male,1.8,64
30303,female,1.67,77
30304,female,1.65,52
30305,male,1.66,65
30306,female,1.6,76
30307,male,1.68,38
30308,male,1.7,75
30309,male,1.94,70
30310,female,1.7,74
30311,male,1.84,52
30312,male,1.75,36
30313,female,1.6,78
30314,female,1.66,66
30315,female,1.56,51
30316,female,1.74,54
30317,female,1.64,48
30318,male,1.7,85
30319,male,1.7,65
30320,female,1.5,76
30321,female,1.7,49
30322,female,1.5,46
30323,male,1.84,63
30324,male,1.7,81
30325,female,1.51,71
30326,female,1.65,52
30327,female,1.52,64
30328,female,1.68,65
30329,female,1.52,80
30330,female,1.7,53
30331,male,1.7,51
30332,female,1.6,57
30333,female,1.65,21
30334,female,1.59,77
30335,female,1.67,63
30336,male,1.74,66
30337,male,1.88,60
30338,female,1.72,54
30339,female,1.6,60
30340,female,1.55,81
30341,female,1.69,42
30342,female,1.6,67
30343,male,1.7,45
30344,male,1.6,64
30345,female,1.72,49
30346,female,1.64,56
30347,female,1.67,75
30348,male,1.7,63
30349,female,1.64,58
30350,male,1.75,79
30351,female,1.74,55
30352,female,1.65,34
30353,female,1.67,61
30354,male,1.75,71
30355,female,1.68,68
30356,female,1.74,47
30357,female,1.6,30
30358,male,1.7,70
30359,female,1.55,53
30360,female,1.53,79
30361,male,1.97,27
30362,female,1.65,52
30363,female,1.6,86
30364,male,1.78,61
30365,male,1.75,51
30366,male,1.9,50
30367,female,1.6,73
30368,female,1.67,40
30369,male,1.78,80
30370,male,1.8,60
30371,male,1.84,70
30372,male,1.82,71
30373,female,1.82,49
30374,male,1.8,69
30375,female,1.65,67
30376,male,1.79,71
30377,female,1.6,71
30378,female,1.52,68
30379,male,1.62,68
30380,male,1.75,61
30381,female,1.56,66
30382,female,1.74,71
30383,male,1.8,43
30384,male,1.75,73
30385,female,1.6,51
30386,female,1.6,75
30387,female,1.75,48
30388,female,1.65,68
30389,female,1.76,54
30390,male,1.91,45
30391,female,1.65,60
30392,female,1.62,46
30393,female,1.6,54
30394,male,1.85,63
30395,female,1.55,66
30396,female,1.64,66
30397,male,1.75,81
30398,male,1.67,50
30399,male,1.73,65
30400,male,1.78,54
30401,male,1.63,83
30402,male,1.78,77
30403,female,1.64,69
30404,female,1.67,81
30405,female,1.65,60
30406,female,1.7,51
30407,female,0.56,15
30408,male,1.7,63
30409,male,1.6,68
30410,male,1.9,64
30411,female,1.65,76
30412,female,1.56,79
30413,male,1.78,60
30414,female,1.64,46
30415,male,1.78,39
30416,female,1.7,77
30417,female,1.52,87
30418,male,1.75,55
30419,male,1.73,74
30420,male,1.85,63
30421,female,1.72,45
30422,female,1.67,50
30423,female,1.5,63
30424,male,1.83,74
30425,female,1.65,68
30426,female,1.64,55
30427,female,1.6,23
30428,female,1.68,68
30429,male,1.72,51
30430,male,1.78,76
30431,male,1.86,40
30432,female,1.45,82
30433,female,1.55,64
30434,female,1.63,41
30435,female,1.68,69
30436,female,1.64,42
30437,female,1.58,51
30438,male,1.75,57
30439,male,1.7,72
30440,female,1.68,43
30441,male,1.85,50
30442,male,1.76,82
30443,female,1.6,78
30444,male,1.76,40
30445,male,1.85,23
30446,female,1.6,86
30447,female,1.56,81
30448,male,1.7,44
30449,male,1.87,69
30450,female,1.52,84
30451,female,1.7,79
30452,male,1.72,72
30453,male,1.8,81
30454,male,1.78,51
30455,female,1.65,52
30456,female,1.63,88
30457,male,1.8,65
30458,male,1.88,69
30459,male,1.63,66
30460,male,1.87,45
30461,female,1.6,67
30462,male,1.74,67
30463,male,1.89,50
30464,male,1.82,45
30465,male,1.63,76
30466,male,1.75,50
30467,male,1.84,51
30468,female,1.64,64
30469,female,1.66,55
30470,female,1.66,62
30471,male,1.7,91
30472,male,1.78,58
30473,female,1.68,79
30474,female,1.64,72
30475,female,1.64,88
30476,male,1.92,60
30477,male,1.76,68
30478,female,1.78,38
30479,male,1.74,41
30480,female,1.66,66
30481,male,1.85,66
30482,male,1.9,18
30483,male,1.68,72
30484,female,1.56,71
30485,male,1.7,64
30486,female,1.67,65
30487,female,1.5,77
30488,female,1.6,60
30489,female,1.68,69
30490,male,1.93,45
30491,male,1.75,82
30492,female,1.55,59
30493,male,1.8,84
30494,male,1.65,26
30495,male,1.72,62
30496,female,1.68,63
30497,male,1.75,58
30498,male,1.9,39
30499,female,1.65,68
30500,female,1.7,41
30501,female,1.5,67
30502,female,1.67,55
30503,female,1.62,51
30504,male,1.78,67
30505,female,1.6,69
30506,female,1.56,72
30507,male,1.65,53
30508,female,1.75,45
30509,female,1.55,69
30510,female,1.63,71
30511,female,1.58,67
30512,female,1.6,63
30513,male,1.75,62
30514,female,1.58,58
30515,female,1.6,45
30516,female,1.87,46
30517,male,1.74,74
30518,female,1.75,77
30519,female,1.55,64
30520,male,1.75,72
30521,female,1.63,42
30522,male,1.87,58
30523,male,1.65,40
30524,female,1.55,30
30525,male,1.5,76
30526,male,1.71,56
30527,female,1.58,41
30528,male,1.7,52
30529,male,1.76,65
30530,male,1.64,73
30531,female,1.74,70
30532,male,1.7,73
30533,male,1.69,52
30534,male,1.8,55
30535,male,1.76,76
30536,female,1.64,22
30537,female,1.56,77
30538,male,1.8,52
30539,male,1.73,66
30540,male,1.65,88
30541,female,1.58,82
30542,female,1.65,48
30543,female,1.65,45
30544,male,1.68,70
30545,male,1.62,67
30546,female,1.66,59
30547,female,1.52,66
30548,male,1.68,68
30549,male,1.74,78
30550,female,1.67,51
30551,male,1.76,41
30552,male,1.65,71
30553,male,1.78,51
30554,male,1.86,44
30555,male,1.0,4
30556,female,1.65,58
30557,male,1.7,68
30558,female,1.63,57
30559,male,1.74,67
30560,male,1.6,66
30561,male,1.7,63
30562,female,1.7,65
30563,female,1.7,45
30564,female,1.64,71
30565,male,1.68,86
30566,female,1.63,72
30567,male,1.76,56
30568,female,1.5,50
30569,female,1.7,79
30570,male,1.7,77
30571,female,0.82,68
30572,female,1.54,19
30573,female,1.68,71
30574,female,1.72,29
30575,female,1.62,59
30576,male,1.86,60
30577,male,1.72,69
30578,female,1.5,85
30579,male,1.76,75
30580,female,1.75,73
30581,female,1.64,71
30582,male,1.8,72
30583,male,1.6,80
30584,male,1.7,60
30585,female,1.68,65
30586,male,1.8,73
30587,male,1.72,58
30588,male,1.85,71
30589,female,1.6,30
30590,male,1.65,66
30591,male,1.86,56
30592,female,1.6,42
30593,male,1.6,74
30594,male,1.78,54
30595,male,1.72,41
30596,male,1.89,69
30597,male,1.65,78
30598,male,1.83,24
30599,female,1.54,68
30600,male,1.65,74
30601,male,1.86,46
30602,female,1.65,54
30603,female,1.74,52
30604,female,1.57,83
30605,male,1.74,64
30606,female,1.65,48
30607,female,1.55,66
30608,female,1.56,63
30609,female,1.6,43
30610,male,1.8,78
30611,male,1.68,69
30612,male,1.9,56
30613,female,1.48,64
30614,female,1.58,68
30615,female,1.6,69
30616,female,1.6,65
30617,male,1.85,76
30618,female,1.72,44
30619,female,1.6,65
30620,female,1.67,67
30621,female,1.66,64
30622,male,1.7,86
30623,female,1.76,64
30624,male,1.7,67
30625,male,1.76,74
30626,female,1.73,50
30627,female,1.55,68
30628,female,1.65,79
30629,male,1.79,71
30630,male,1.65,84
30631,male,1.68,66
30632,female,1.62,50
30633,male,1.78,74
30634,female,1.58,27
30635,male,1.78,80
30636,female,1.6,61
30637,female,1.72,81
30638,female,1.65,40
30639,female,1.62,65
30640,female,1.65,30
30641,female,1.65,72
30642,male,1.62,75
30643,female,1.6,73
30644,female,1.65,61
30645,female,1.7,45
30646,female,1.6,73
30647,female,1.67,62
30648,female,1.74,34
30649,female,1.5,66
30650,female,1.65,58
30651,male,1.72,66
30652,female,1.65,43
30653,female,1.7,81
30654,female,1.6,79
30655,female,1.58,74
30656,female,1.7,42
30657,male,1.78,57
30658,male,1.8,64
30659,female,1.55,55
30660,male,1.7,82
30661,female,1.5,74
30662,female,1.6,56
30663,male,1.82,44
30664,female,1.5,64
30665,female,1.53,81
30666,male,1.76,48
30667,female,1.6,84
30668,female,1.62,68
30669,male,1.76,68
30670,female,1.62,69
30671,male,1.84,72
30672,female,1.63,62
30673,male,1.67,75
30674,female,1.52,68
30675,male,1.91,45
30676,male,1.83,65
30677,female,1.55,99
30678,female,1.7,63
30679,male,1.71,62
30680,male,1.6,86
30681,male,1.68,72
30682,male,1.7,66
30683,female,1.65,57
30684,female,1.56,79
30685,female,1.69,30
30686,female,1.59,77
30687,male,1.89,33
30688,male,1.72,73
30689,female,1.61,37
30690,female,1.72,37
30691,female,1.58,68
30692,male,1.75,46
30693,female,1.68,61
30694,male,1.75,60
30695,female,1.6,74
30696,female,1.64,56
30697,female,1.64,58
30698,female,1.73,39
30699,female,1.61,61
30700,female,1.75,50
30701,male,1.76,44
30702,male,1.72,74
30703,female,1.6,71
30704,female,1.7,63
30705,female,1.6,73
30706,male,1.6,61
30707,male,1.7,27
30708,female,1.6,17
30709,male,1.71,72
30710,male,1.82,76
30711,female,1.6,83
30712,male,1.68,80
30713,male,1.72,72
30714,female,1.65,79
30715,male,1.85,49
30716,male,1.83,76
30717,female,1.65,82
30718,female,1.65,62
30719,female,1.82,76
30720,female,1.54,67
30721,female,1.61,50
30722,male,1.78,60
30723,male,1.83,64
30724,female,1.5,73
30725,male,1.7,64
30726,male,1.87,65
30727,female,1.58,71
30728,male,1.76,46
30729,female,1.68,57
30730,male,1.75,78
30731,female,1.6,61
30732,male,1.66,50
30733,female,1.55,74
30734,male,1.76,71
30735,female,1.68,67
30736,male,1.76,60
30737,male,1.7,72
30738,male,1.72,67
30739,female,1.65,52
30740,female,1.65,42
30741,female,1.65,62
30742,male,1.71,38
30743,male,1.7,57
30744,male,1.82,63
30745,female,1.6,51
30746,male,1.82,65
30747,female,1.63,61
30748,female,1.6,63
30749,female,1.5,83
30750,female,1.5,72
30751,female,1.55,74
30752,male,1.7,78
30753,female,1.63,68
30754,female,1.62,71
30755,male,1.68,70
30756,female,1.64,63
30757,female,1.64,73
30758,male,1.75,50
30759,female,1.74,44
30760,male,1.8,52
30761,male,1.85,72
30762,male,1.65,85
30763,female,1.65,42
30764,female,1.67,64
30765,female,1.7,67
30766,male,1.88,53
30767,male,1.73,68
30768,female,1.9,46
30769,male,1.95,44
30770,female,1.75,51
30771,male,1.75,50
30772,female,1.68,53
30773,male,1.64,70
30774,male,1.78,79
30775,male,1.82,63
30776,female,1.5,68
30777,female,1.6,59
30778,female,1.5,81
30779,male,1.87,75
30780,male,1.72,62
30781,female,1.68,70
30782,male,1.7,67
30783,female,1.63,47
30784,female,1.72,57
30785,male,1.75,66
30786,female,1.72,54
30787,female,1.63,80
30788,female,1.65,75
30789,female,1.62,78
30790,male,1.84,43
30791,female,1.53,76
30792,female,1.58,72
30793,female,1.5,36
30794,male,1.72,43
30795,male,1.73,60
30796,male,1.67,80
30797,male,1.72,56
30798,female,1.65,87
30799,female,1.64,67
30800,female,1.55,69
30801,female,1.52,80
30802,male,1.7,70
30803,female,1.49,57
30804,male,1.78,46
30805,female,1.5,75
30806,female,1.64,65
30807,male,1.74,68
30808,male,1.65,74
30809,female,1.7,40
30810,male,1.6,68
30811,female,1.64,70
30812,female,1.62,77
30813,female,1.7,65
30814,male,1.77,67
30815,male,1.8,60
30816,male,1.9,40
30817,female,1.5,66
30818,female,1.62,45
30819,male,1.69,83
30820,male,1.87,45
30821,male,1.7,61
30822,female,1.72,51
30823,female,1.76,60
30824,male,1.78,71
30825,female,1.64,68
30826,male,1.77,81
30827,female,1.65,52
30828,male,1.75,78
30829,male,1.6,78
30830,female,1.68,66
30831,male,1.84,51
30832,female,1.64,70
30833,female,1.76,45
30834,female,1.66,70
30835,female,1.5,40
30836,female,1.7,48
30837,male,1.7,48
30838,male,1.72,54
30839,female,1.65,46
30840,male,1.75,73
30841,male,1.76,73
30842,male,1.65,48
30843,female,1.57,47
30844,female,1.68,59
30845,female,1.66,61
30846,female,1.67,56
30847,male,1.73,67
30848,female,1.55,86
30849,male,1.82,29
30850,female,1.66,69
30851,female,1.58,59
30852,male,1.73,44
30853,female,1.58,59
30854,male,1.77,65
30855,female,1.58,40
30856,male,1.7,72
30857,female,1.58,60
30858,male,1.82,71
30859,female,1.65,46
30860,male,1.87,49
30861,male,1.75,63
30862,male,1.71,41
30863,female,1.6,71
30864,male,1.88,45
30865,male,1.89,46
30866,female,1.65,39
30867,female,1.74,49
30868,male,1.89,45
30869,female,1.63,80
30870,female,1.65,47
30871,male,1.63,63
30872,male,1.7,66
30873,male,1.82,66
30874,male,1.78,63
30875,male,1.85,69
30876,female,1.62,65
30877,male,1.73,42
30878,female,1.62,73
30879,male,1.82,66
30880,female,1.67,67
30881,male,1.7,74
30882,male,1.98,25
30883,male,1.7,73
30884,male,1.8,67
30885,male,1.7,66
30886,male,1.78,56
30887,female,1.6,46
30888,female,1.58,75
30889,male,1.77,45
30890,female,1.75,28
30891,male,1.65,60
30892,female,1.68,63
30893,female,1.67,45
30894,male,1.68,68
30895,female,1.57,36
30896,female,1.6,75
30897,male,1.7,53
30898,male,1.76,56
30899,male,1.84,57
30900,male,1.7,72
30901,male,1.7,57
30902,male,1.63,55
30903,male,1.7,69
30904,female,1.64,71
30905,female,1.67,59
30906,male,1.8,82
30907,female,1.67,45
30908,male,1.8,22
30909,female,1.61,26
30910,female,1.5,79
30911,male,1.72,72
30912,male,1.87,47
30913,female,1.56,75
30914,male,1.78,69
30915,male,1.78,64
30916,male,1.88,72
30917,male,1.73,48
30918,female,1.63,73
30919,female,1.63,88
30920,male,1.93,53
30921,female,1.6,70
30922,male,1.68,72
30923,male,1.7,78
30924,male,1.82,60
30925,female,1.65,58
30926,female,1.53,66
30927,female,1.68,55
30928,female,1.67,85
30929,male,1.76,61
30930,male,1.83,68
30931,female,1.57,37
30932,female,1.65,58
30933,female,1.6,72
30934,male,1.7,80
30935,female,1.65,78
30936,female,1.6,67
30937,female,1.65,62
30938,male,1.64,67
30939,female,1.5,68
30940,female,1.64,74
30941,female,1.4,75
30942,female,1.61,62
30943,male,1.83,18
30944,female,1.56,61
30945,male,1.88,69
30946,female,1.5,76
30947,female,1.69,53
30948,male,1.85,33
30949,male,1.7,84
30950,female,1.65,51
30951,male,1.68,66
30952,female,1.64,50
30953,female,1.68,44
30954,male,1.82,49
30955,male,1.75,51
30956,female,1.53,66
30957,male,1.7,67
30958,female,1.65,64
30959,male,1.75,54
30960,male,1.8,54
30961,female,1.56,61
30962,female,1.7,73
30963,female,1.6,69
30964,male,1.8,34
30965,female,1.58,92
30966,female,1.66,60
30967,male,1.72,52
30968,female,1.65,63
30969,male,1.83,77
30970,female,1.56,79
30971,male,1.69,73
30972,male,1.8,65
30973,female,1.7,75
30974,female,1.6,51
30975,female,1.7,29
30976,female,1.6,83
30977,female,1.56,50
30978,male,1.7,81
30979,female,1.66,46
30980,male,1.78,65
30981,male,1.75,89
30982,male,1.78,57
30983,female,1.57,81
30984,female,1.6,53
30985,male,1.8,52
30986,female,1.6,84
30987,female,1.7,41
30988,female,1.53,79
30989,male,1.61,76
30990,female,1.57,76
30991,male,1.79,21
30992,male,1.7,63
30993,female,1.65,56
30994,male,1.78,60
30995,female,1.5,73
30996,female,1.65,44
30997,male,1.72,75
30998,female,1.64,71
30999,male,1.74,64
31000,female,1.69,44
31001,female,1.6,72
31002,male,1.69,70
31003,male,1.83,39
31004,female,1.61,28
31005,female,1.59,44
31006,female,1.58,84
31007,female,1.64,61
31008,male,1.84,76
31009,female,1.65,36
31010,female,1.56,48
31011,female,1.68,73
31012,female,1.5,81
31013,female,1.6,40
31014,female,1.72,53
31015,female,1.55,42
31016,male,1.7,74
31017,male,1.98,48
31018,female,1.53,37
31019,male,1.74,65
31020,male,1.78,46
31021,female,1.72,18
31022,male,1.78,65
31023,female,1.65,55
31024,male,1.76,75
31025,male,1.74,72
31026,male,1.9,64
31027,female,1.58,58
31028,male,1.65,59
31029,female,1.68,69
31030,female,1.65,70
31031,female,1.68,46
31032,female,1.65,68
31033,female,1.56,71
31034,male,1.72,61
31035,male,1.78,79
31036,female,1.7,54
31037,male,1.8,57
31038,female,1.5,68
31039,female,1.62,42
31040,female,1.52,46
31041,male,1.83,75
31042,male,1.76,36
31043,male,1.68,74
31044,female,1.64,55
31045,female,1.65,48
31046,female,1.55,64
31047,female,1.55,79
31048,male,1.72,51
31049,male,1.81,80
31050,male,1.7,86
31051,female,1.51,43
31052,male,1.78,51
31053,male,1.77,59
31054,female,1.58,51
31055,female,1.75,58
31056,female,1.58,63
31057,female,1.68,55
31058,male,1.58,63
31059,male,1.72,48
31060,female,1.6,79
31061,male,1.74,42
31062,female,1.68,40
31063,female,1.5,74
31064,male,1.82,65
31065,female,1.6,64
31066,male,1.8,51
31067,female,1.56,64
31068,female,1.58,72
31069,male,1.75,71
31070,female,1.72,55
31071,female,1.64,69
31072,female,1.68,66
31073,male,1.75,65
31074,female,1.7,52
31075,female,1.62,75
31076,female,1.64,61
31077,male,1.84,63
31078,male,1.77,67
31079,female,1.56,72
31080,male,1.83,55
31081,male,1.78,73
31082,male,1.85,19
31083,female,1.65,47
31084,female,1.8,75
31085,female,1.66,35
31086,female,1.67,44
31087,male,1.96,37
31088,female,1.63,81
31089,male,1.76,60
31090,female,1.55,69
31091,female,1.55,40
31092,female,1.68,43
31093,male,1.6,65
31094,male,1.7,61
31095,male,1.84,72
31096,male,1.8,38
31097,female,1.62,58
31098,female,1.67,52
31099,female,1.65,73
31100,male,1.74,72
31101,male,1.76,75
31102,female,1.65,64
31103,male,1.68,62
31104,female,1.65,51
31105,female,1.8,77
31106,female,1.65,71
31107,female,1.62,75
31108,female,1.68,57
31109,female,1.55,71
31110,male,1.72,73
31111,female,1.53,56
31112,female,1.7,66
31113,male,1.8,68
31114,male,1.73,90
31115,male,1.69,67
31116,female,1.58,63
31117,female,1.4,75
31118,male,1.82,33
31119,male,1.75,67
31120,female,1.65,23
31121,female,1.65,76
31122,male,1.76,60
31123,female,1.8,45
31124,male,1.72,64
31125,male,1.81,62
31126,female,1.65,28
31127,male,1.76,75
31128,male,1.7,72
31129,female,1.62,75
31130,female,1.6,71
31131,male,1.8,60
31132,male,1.68,53
31133,male,1.72,80
31134,female,1.7,39
31135,male,1.74,82
31136,male,1.75,47
31137,male,1.74,72
31138,male,1.76,18
31139,male,1.81,36
31140,male,1.66,72
31141,female,1.64,61
31142,male,1.7,79
31143,male,1.72,66
31144,male,1.74,86
31145,male,1.74,67
31146,male,1.7,67
31147,male,1.7,66
31148,male,1.8,80
31149,male,1.67,62
31150,male,1.65,76
31151,female,1.64,79
31152,female,1.62,65
31153,male,1.75,75
31154,male,1.75,69
31155,female,1.67,50
31156,female,1.65,52
31157,male,1.85,48
31158,female,1.7,79
31159,female,1.63,63
31160,male,1.74,68
31161,female,1.63,48
31162,female,1.6,76
31163,female,1.55,87
31164,male,1.72,56
31165,female,1.65,77
31166,female,1.62,81
31167,male,1.6,68
31168,male,1.75,83
31169,female,1.64,53
31170,male,1.75,79
31171,female,1.78,42
31172,female,1.55,70
31173,female,1.72,57
31174,female,1.65,77
31175,male,1.75,70
31176,female,1.5,66
31177,female,1.62,57
31178,female,0.8,81
31179,female,1.64,47
31180,female,1.69,43
31181,male,1.83,61
31182,male,1.76,74
31183,female,1.59,36
31184,female,1.43,47
31185,male,1.8,18
31186,male,1.75,26
31187,female,1.55,61
31188,male,1.81,44
31189,female,1.54,40
31190,female,1.63,80
31191,male,1.57,48
31192,female,1.64,49
31193,female,1.75,64
31194,female,1.72,51
31195,female,1.64,75
31196,male,1.65,82
31197,female,1.6,91
31198,female,1.75,79
31199,male,1.78,48
31200,female,1.7,61
31201,female,1.53,75
31202,male,1.8,67
31203,female,1.6,75
31204,female,1.52,63
31205,female,1.65,68
31206,female,1.71,36
31207,male,1.8,66
31208,female,1.7,49
31209,male,1.69,66
31210,male,1.85,75
31211,female,1.63,70
31212,female,1.46,71
31213,female,1.58,53
31214,male,1.78,30
31215,female,1.03,68
31216,male,1.83,52
31217,male,1.75,70
31218,female,1.83,57
31219,male,1.78,58
31220,male,1.7,75
31221,male,1.7,62
31222,female,1.64,53
31223,female,1.68,63
31224,male,1.8,69
31225,female,1.65,69
31226,male,1.64,62
31227,male,1.68,67
31228,female,1.58,64
31229,female,1.53,66
31230,female,1.7,51
31231,female,1.7,48
31232,female,1.55,88
31233,male,1.62,53
31234,female,1.67,72
31235,female,1.64,72
31236,male,1.73,75
31237,female,1.64,52
31238,male,1.72,80
31239,male,1.65,77
31240,male,1.73,68
31241,male,1.64,73
31242,female,1.68,64
31243,male,1.7,71
31244,female,1.57,65
31245,male,1.87,58
31246,female,1.66,55
31247,female,1.5,39
31248,female,1.74,72
31249,male,1.75,69
31250,female,1.73,79
31251,male,1.82,32
31252,male,1.85,46
31253,male,1.8,58
31254,male,1.75,63
31255,male,1.78,67
31256,female,1.6,86
31257,male,1.67,71
31258,male,1.8,52
31259,male,1.68,73
31260,male,1.64,73
31261,male,1.8,82
31262,female,1.6,82
31263,male,1.85,83
31264,male,1.63,72
31265,male,1.8,59
31266,male,1.83,64
31267,female,1.5,85
31268,female,1.56,67
31269,female,1.53,62
31270,male,1.76,53
31271,female,1.6,71
31272,male,1.68,61
31273,female,1.57,61
31274,female,1.51,83
31275,female,1.72,66
31276,male,1.76,31
31277,male,1.72,68
31278,female,1.54,66
31279,female,1.65,46
31280,male,1.68,49
31281,male,1.8,62
31282,male,1.8,55
31283,female,1.5,70
31284,male,1.73,73
31285,male,1.7,72
31286,male,1.72,71
31287,male,1.6,76
31288,female,1.67,83
31289,female,1.6,64
31290,female,1.7,54
31291,female,1.65,58
31292,male,1.82,57
31293,female,1.6,63
31294,female,1.7,69
31295,female,1.62,67
31296,male,1.68,54
31297,female,1.68,49
31298,male,1.72,38
31299,male,0.91,38
31300,female,1.54,73
31301,female,1.55,72
31302,female,1.72,65
31303,male,1.76,58
31304,male,1.65,68
31305,male,1.89,46
31306,male,1.76,30
31307,male,1.58,81
31308,male,1.88,66
31309,male,1.82,55
31310,male,1.78,67
31311,female,1.6,67
31312,male,1.77,56
31313,female,1.6,71
31314,male,1.9,45
31315,male,1.7,63
31316,female,1.67,72
31317,male,1.82,51
31318,female,1.62,87
31319,male,1.79,51
31320,female,1.68,78
31321,female,1.45,85
31322,male,1.72,76
31323,male,1.83,67
31324,female,1.72,46
31325,female,1.7,53
31326,female,1.6,50
31327,male,1.72,72
31328,female,1.5,59
31329,female,1.63,32
31330,female,1.53,69
31331,female,1.6,88
31332,male,1.84,57
31333,male,1.73,64
31334,female,1.65,32
31335,male,1.7,84
31336,male,1.6,71
31337,male,1.86,55
31338,male,1.5,80
31339,male,1.78,54
31340,male,1.75,65
31341,female,1.66,69
31342,male,1.65,70
31343,male,1.83,69
31344,male,1.75,63
31345,female,1.6,78
31346,female,1.63,63
31347,male,1.68,74
31348,female,1.6,85
31349,female,1.51,59
31350,female,1.72,72
31351,female,1.62,75
31352,male,1.8,72
31353,female,1.64,55
31354,male,1.95,39
31355,male,1.83,74
31356,female,1.57,70
31357,male,1.76,78
31358,female,1.72,72
31359,male,1.83,38
31360,female,1.64,63
31361,male,1.66,40
31362,male,1.78,58
31363,male,1.68,57
31364,female,1.6,68
31365,female,1.64,68
31366,female,1.62,77
31367,male,1.75,48
31368,male,1.64,72
31369,female,1.58,79
31370,male,1.67,72
31371,female,1.62,51
31372,female,1.75,66
31373,female,1.68,62
31374,male,1.69,69
31375,female,1.63,71
31376,male,1.7,69
31377,female,1.38,10
31378,female,1.7,52
31379,male,1.7,70
31380,male,1.68,73
31381,female,1.53,75
31382,female,1.71,70
31383,male,1.78,59
31384,male,1.64,73
31385,female,1.7,50
31386,female,1.68,59
31387,female,1.64,70
31388,female,1.6,52
31389,female,1.65,78
31390,male,1.78,69
31391,female,1.6,53
31392,female,1.65,67
31393,male,17.76,59
31394,female,1.62,66
31395,female,1.72,60
31396,male,1.82,68
31397,female,1.54,50
31398,female,1.63,66
31399,female,1.65,65
31400,male,1.76,72
31401,male,1.83,45
31402,male,1.7,61
31403,male,1.78,58
31404,male,1.7,65
31405,male,1.76,78
31406,male,1.9,51
31407,male,1.76,77
31408,male,1.68,50
31409,female,1.6,71
31410,female,1.65,75
31411,male,1.91,58
31412,male,1.5,78
31413,male,1.7,81
31414,male,1.65,72
31415,male,1.75,73
31416,male,1.8,55
31417,female,1.55,49
31418,female,1.57,47
31419,male,1.58,54
31420,male,1.71,75
31421,male,1.7,58
31422,female,1.6,78
31423,male,1.78,63
31424,male,1.76,56
31425,female,1.63,67
31426,male,1.7,21
31427,female,1.63,43
31428,male,1.72,52
31429,female,1.7,17
31430,female,1.68,48
31431,male,1.78,80
31432,female,1.56,39
31433,female,1.6,72
31434,male,1.7,73
31435,male,1.7,35
31436,female,1.65,78
31437,female,1.58,94
31438,female,1.5,66
31439,male,1.8,43
31440,female,1.66,70
31441,male,1.72,78
31442,female,1.58,50
31443,male,1.8,59
31444,female,1.53,67
31445,female,1.7,68
31446,female,1.74,62
31447,male,1.7,59
31448,female,1.64,68
31449,female,1.58,72
31450,male,1.84,45
31451,male,1.76,70
31452,male,1.73,71
31453,female,1.55,82
31454,female,1.7,68
31455,female,1.5,43
31456,male,1.78,76
31457,male,1.85,58
31458,female,1.44,80
31459,female,1.65,74
31460,male,1.75,29
31461,female,1.56,80
31462,female,1.65,64
31463,female,1.65,56
31464,male,1.7,72
31465,female,1.7,60
31466,female,1.65,53
31467,male,1.75,69
31468,female,1.64,57
31469,female,1.55,89
31470,male,1.75,65
31471,male,1.8,46
31472,female,1.58,87
31473,male,1.75,80
31474,female,1.64,18
31475,male,1.78,54
31476,female,1.64,41
31477,female,1.6,76
31478,female,1.6,72
31479,female,1.5,65
31480,female,1.63,67
31481,female,1.56,61
31482,male,1.68,83
31483,female,1.65,44
31484,male,1.72,70
31485,male,1.82,57
31486,male,1.85,51
31487,female,1.56,36
31488,male,1.75,65
31489,male,1.85,65
31490,male,1.84,17
31491,male,1.76,59
31492,female,1.72,56
31493,male,1.8,61
31494,male,1.69,50
31495,female,1.52,48
31496,male,1.8,62
31497,female,1.6,49
31498,male,1.7,39
31499,female,1.66,83
31500,male,1.95,40
31501,male,1.76,58
31502,male,1.63,93
31503,male,1.68,75
31504,male,1.76,59
31505,male,1.74,34
31506,male,1.75,50
31507,female,1.62,43
31508,female,1.65,67
31509,female,1.64,75
31510,female,1.65,65
31511,male,1.8,45
31512,female,1.64,58
31513,male,1.68,59
31514,female,1.52,60
31515,male,1.8,78
31516,male,1.8,72
31517,female,1.68,56
31518,male,1.8,27
31519,male,1.68,48
31520,female,1.73,27
31521,female,1.6,71
31522,female,1.74,48
31523,male,1.85,32
31524,female,1.69,59
31525,male,1.77,61
31526,female,1.59,69
31527,male,1.6,84
31528,female,1.62,65
31529,female,1.56,53
31530,female,1.53,64
31531,female,1.57,50
31532,female,1.68,45
31533,female,1.64,67
31534,female,1.65,69
31535,female,1.55,77
31536,female,1.62,59
31537,female,1.6,80
31538,female,1.67,58
31539,male,1.68,81
31540,male,1.8,54
31541,female,1.55,76
31542,female,1.58,82
31543,male,1.73,54
31544,female,1.67,16
31545,male,1.7,74
31546,male,1.78,68
31547,male,1.78,69
31548,male,1.72,62
31549,male,1.85,22
31550,female,1.65,62
31551,female,1.64,51
31552,female,1.72,45
31553,female,1.53,70
31554,female,1.62,47
31555,female,1.56,79
31556,female,1.65,60
31557,male,1.72,85
31558,male,1.7,82
31559,male,1.57,54
31560,male,1.75,61
31561,female,1.74,52
31562,female,1.65,65
31563,male,1.75,62
31564,female,1.57,60
31565,male,1.7,66
31566,female,1.65,70
31567,male,1.58,89
31568,female,1.7,55
31569,male,1.7,62
31570,female,1.62,46
31571,male,1.7,46
31572,female,1.6,61
31573,female,1.64,60
31574,female,1.77,42
31575,male,1.78,62
31576,male,1.75,80
31577,male,1.75,48
31578,female,1.7,54
31579,female,1.65,43
31580,female,1.56,53
31581,male,1.75,55
31582,male,1.65,73
31583,female,1.64,32
31584,male,1.75,72
31585,male,1.74,51
31586,female,1.78,65
31587,male,1.78,72
31588,male,1.76,45
31589,female,1.62,81
31590,male,1.86,55
31591,male,1.67,41
31592,male,1.76,36
31593,male,1.72,75
31594,female,1.67,67
31595,female,1.65,63
31596,female,1.58,67
31597,female,1.73,64
31598,female,1.63,74
31599,female,1.75,74
31600,male,1.76,39
31601,male,1.72,69
31602,female,1.64,68
31603,female,1.58,69
31604,female,1.67,55
31605,male,1.79,68
31606,female,1.75,66
31607,female,1.7,51
31608,male,1.81,35
31609,female,1.7,67
31610,female,1.48,62
31611,male,1.83,52
31612,male,1.75,60
31613,male,1.84,66
31614,male,1.68,63
31615,female,1.6,81
31616,female,1.82,43
31617,male,1.85,30
31618,female,1.67,43
31619,female,1.63,76
31620,male,1.65,78
31621,female,1.62,46
31622,female,1.62,61
31623,female,1.68,59
31624,male,1.8,51
31625,male,1.78,65
31626,male,1.72,43
31627,female,1.62,70
31628,male,1.77,72
31629,male,1.68,79
31630,male,1.82,57
31631,male,1.75,77
31632,male,1.8,81
31633,male,1.7,70
31634,male,1.83,38
31635,male,1.73,52
31636,female,1.56,41
31637,male,1.72,72
31638,female,1.67,69
31639,female,1.65,55
31640,female,1.6,66
31641,female,1.65,56
31642,female,1.6,45
31643,female,1.65,22
31644,male,1.7,75
31645,male,1.72,65
31646,female,1.63,74
31647,male,1.72,83
31648,male,1.9,65
31649,female,1.74,68
31650,female,1.6,62
31651,male,1.68,53
31652,male,1.75,57
31653,male,1.86,70
31654,female,1.65,50
31655,female,1.6,79
31656,male,1.72,62
31657,female,1.55,66
31658,male,1.76,69
31659,male,1.75,63
31660,male,1.65,72
31661,male,1.75,65
31662,female,1.65,67
31663,female,1.6,72
31664,female,1.66,23
31665,female,1.65,42
31666,male,1.7,76
31667,female,1.6,61
31668,female,1.75,22
31669,male,1.75,56
31670,male,1.76,72
31671,male,1.76,71
31672,male,1.65,54
31673,female,1.65,75
31674,male,1.78,46
31675,female,1.5,53
31676,male,1.75,71
31677,male,1.76,67
31678,male,1.7,88
31679,male,1.73,71
31680,male,1.74,19
31681,female,1.65,45
31682,male,1.75,29
31683,male,1.76,63
31684,female,1.63,29
31685,female,1.62,41
31686,female,1.5,84
31687,male,1.75,69
31688,male,1.78,70
31689,female,1.53,58
31690,female,1.65,81
31691,male,1.85,47
31692,female,1.7,71
31693,female,1.68,40
31694,male,1.78,51
31695,male,1.82,70
31696,female,1.58,69
31697,male,1.7,76
31698,female,1.67,54
31699,male,1.65,59
31700,female,1.62,50
31701,male,1.67,51
31702,female,1.64,53
31703,male,1.7,58
31704,female,1.6,71
31705,female,1.58,71
31706,female,1.58,66
31707,male,1.8,66
31708,male,1.82,54
31709,female,1.6,89
31710,female,1.57,48
31711,male,1.74,66
31712,male,1.8,33
31713,female,1.64,33
31714,male,1.75,71
31715,male,1.83,71
31716,male,1.75,62
31717,female,1.58,68
31718,male,1.84,45
31719,male,1.65,64
31720,female,1.64,51
31721,female,1.65,77
31722,female,1.58,75
31723,female,1.73,45
31724,female,1.67,43
31725,female,1.72,73
31726,female,1.6,29
31727,female,1.7,72
31728,male,1.7,61
31729,male,1.74,24
31730,male,1.86,41
31731,male,1.65,62
31732,female,1.68,92
31733,female,1.7,30
31734,female,1.7,68
31735,female,1.6,85
31736,female,1.55,81
31737,female,1.65,60
31738,female,1.61,74
31739,female,1.7,62
31740,female,1.5,52
31741,female,1.52,76
31742,female,1.73,58
31743,female,1.71,26
31744,female,1.6,68
31745,female,1.7,74
31746,male,1.6,62
31747,female,1.58,35
31748,female,1.7,40
31749,female,1.54,74
31750,female,1.52,79
31751,male,1.82,55
31752,male,1.77,52
31753,male,1.8,39
31754,female,1.58,75
31755,male,1.68,55
31756,male,1.73,67
31757,male,1.75,65
31758,male,1.68,74
31759,female,1.45,46
31760,male,1.79,70
31761,female,1.67,55
31762,male,1.75,70
31763,female,1.56,73
31764,male,1.72,70
31765,female,1.66,16
31766,female,1.5,66
31767,female,1.62,62
31768,female,1.6,58
31769,female,1.56,79
31770,male,1.8,60
31771,female,1.6,75
31772,male,1.68,65
31773,female,1.67,40
31774,female,1.78,20
31775,male,1.74,61
31776,male,1.76,57
31777,male,1.9,49
31778,female,1.75,47
31779,male,1.75,48
31780,male,1.75,61
31781,male,1.7,73
31782,female,1.65,81
31783,male,1.7,51
31784,female,1.58,47
31785,male,1.8,65
31786,female,1.6,69
31787,male,1.78,37
31788,male,1.74,72
31789,male,1.7,73
31790,male,1.86,56
31791,male,1.72,47
31792,male,1.67,73
31793,female,1.64,68
31794,male,1.7,66
31795,male,1.79,58
31796,male,1.72,76
31797,male,1.7,58
31798,male,1.75,57
31799,female,1.66,75
31800,female,1.56,93
31801,male,1.8,38
31802,male,1.76,68
31803,female,1.8,61
31804,male,1.82,48
31805,female,1.63,53
31806,female,1.55,88
31807,female,1.65,41
31808,male,1.78,45
31809,male,1.85,77
31810,female,1.6,63
31811,female,1.6,73
31812,female,1.66,60
31813,female,1.77,63
31814,male,1.84,86
31815,female,1.56,45
31816,female,1.55,49
31817,male,1.77,44
31818,female,1.67,62
31819,male,1.7,20
31820,female,1.66,86
31821,male,1.74,49
31822,female,1.53,76
31823,female,1.67,67
31824,female,1.6,81
31825,male,1.7,65
31826,female,1.68,43
31827,male,1.91,60
31828,female,1.57,80
31829,female,1.57,80
31830,female,1.58,65
31831,male,1.8,60
31832,male,1.85,82
31833,male,1.75,35
31834,female,1.7,65
31835,male,1.75,48
31836,female,1.52,67
31837,female,1.59,67
31838,male,1.84,57
31839,male,1.75,69
31840,female,1.58,62
31841,male,1.76,75
31842,female,1.6,41
31843,male,1.7,75
31844,male,1.72,69
31845,female,1.54,70
31846,female,1.54,79
31847,female,1.65,39
31848,male,1.7,52
31849,male,1.85,63
31850,female,1.52,71
31851,male,1.72,72
31852,female,1.5,67
31853,male,1.77,44
31854,female,1.61,62
31855,male,1.72,51
31856,male,1.7,83
31857,female,1.64,46
31858,male,1.6,38
31859,female,1.65,44
31860,male,1.77,62
31861,female,1.65,66
31862,female,1.65,71
31863,female,1.65,40
31864,female,1.58,84
31865,male,1.7,52
31866,male,1.75,69
31867,male,1.72,20
31868,male,1.8,58
31869,male,1.9,37
31870,male,1.67,71
31871,female,1.65,74
31872,female,1.55,79
31873,male,1.76,29
31874,female,1.68,36
31875,female,1.54,79
31876,female,1.65,74
31877,male,1.72,42
31878,female,1.55,82
31879,female,1.62,67
31880,male,1.68,80
31881,male,1.72,70
31882,male,1.76,59
31883,male,1.71,76
31884,female,1.72,48
31885,female,1.58,57
31886,male,1.75,59
31887,female,1.56,59
31888,female,1.62,71
31889,female,1.63,74
31890,female,1.7,46
31891,male,1.72,20
31892,female,1.58,61
31893,male,1.67,59
31894,male,1.8,55
31895,female,1.67,31
31896,male,1.75,83
31897,male,1.73,47
31898,female,1.65,52
31899,female,1.6,65
31900,male,1.82,59
31901,male,1.65,48
31902,female,1.6,58
31903,female,1.65,44
31904,female,1.76,73
31905,male,1.86,67
31906,female,1.7,59
31907,male,1.75,56
31908,male,1.75,44
31909,female,1.6,76
31910,male,1.74,48
31911,female,1.65,62
31912,male,1.85,81
31913,female,1.6,71
31914,female,1.65,91
31915,male,1.64,71
31916,female,1.6,80
31917,male,1.6,84
31918,male,1.9,57
31919,female,1.72,76
31920,female,1.64,72
31921,male,1.85,79
31922,female,1.63,50
31923,male,1.75,38
31924,female,1.74,44
31925,male,1.76,57
31926,female,1.61,56
31927,male,1.86,65
31928,female,1.56,69
31929,male,1.73,69
31930,female,1.56,46
31931,female,1.6,88
31932,male,1.72,81
31933,female,1.7,56
31934,male,1.78,73
31935,female,1.68,46
31936,female,1.6,69
31937,male,1.78,36
31938,female,1.64,50
31939,female,1.52,69
31940,female,1.52,73
31941,male,1.72,45
31942,male,1.78,70
31943,female,1.68,56
31944,female,1.72,53
31945,male,1.58,60
31946,female,1.6,43
31947,female,1.64,78
31948,male,1.75,75
31949,female,1.56,57
31950,male,1.75,75
31951,male,1.64,71
31952,male,1.76,60
31953,female,1.75,69
31954,male,1.86,52
31955,male,1.7,62
31956,male,1.8,31
31957,male,1.9,75
31958,female,1.6,73
31959,male,1.7,48
31960,female,1.62,61
31961,male,1.74,50
31962,male,1.7,44
31963,female,1.62,81
31964,female,1.65,66
31965,female,1.6,76
31966,female,1.66,78
31967,male,1.55,78
31968,male,1.82,52
31969,male,1.67,78
31970,male,1.65,29
31971,male,1.78,45
31972,male,1.78,69
31973,male,1.76,72
31974,male,1.86,53
31975,male,1.65,73
31976,male,1.8,69
31977,male,1.9,52
31978,female,1.55,91
31979,female,1.69,54
31980,male,1.75,61
31981,female,1.74,61
31982,female,1.5,90
31983,male,1.65,71
31984,female,1.6,64
31985,male,1.72,68
31986,female,1.65,72
31987,female,1.63,65
31988,male,1.76,61
31989,female,1.65,66
31990,male,1.8,57
31991,male,1.8,77
31992,female,1.62,49
31993,male,1.79,47
31994,female,1.62,62
31995,male,1.68,59
31996,female,1.6,74
31997,female,1.72,49
31998,female,1.64,51
31999,male,1.78,73
32000,male,1.61,34
32001,female,1.64,60
32002,female,1.6,74
32003,male,1.75,50
32004,male,1.8,84
32005,female,1.6,74
32006,female,1.56,76
32007,female,1.7,36
32008,female,1.68,74
32009,female,1.68,68
32010,male,1.72,68
32011,female,1.53,54
32012,female,1.67,33
32013,female,1.58,37
32014,female,1.56,77
32015,female,1.61,47
32016,female,1.7,42
32017,female,1.53,66
32018,female,1.7,69
32019,female,1.64,52
32020,female,1.62,36
32021,male,1.8,49
32022,female,1.62,79
32023,male,1.8,29
32024,male,1.72,84
32025,female,1.63,29
32026,female,1.68,81
32027,male,1.77,46
32028,female,1.67,75
32029,male,1.73,64
32030,female,1.65,59
32031,female,1.6,56
32032,male,1.82,72
32033,female,1.62,51
32034,female,1.75,31
32035,female,1.65,55
32036,female,1.64,53
32037,female,1.5,73
32038,female,1.68,78
32039,female,1.68,50
32040,male,1.78,72
32041,female,1.72,67
32042,female,1.65,60
32043,female,1.55,68
32044,female,1.65,81
32045,female,1.68,63
32046,female,1.64,85
32047,male,1.75,68
32048,male,1.8,51
32049,male,1.73,67
32050,male,1.78,55
32051,female,1.58,62
32052,female,1.65,77
32053,male,1.6,66
32054,male,1.69,53
32055,female,1.57,67
32056,female,1.72,46
32057,male,1.83,40
32058,male,1.78,74
32059,female,1.64,37
32060,female,1.7,57
32061,male,1.8,46
32062,male,1.68,78
32063,female,1.65,43
32064,male,1.66,69
32065,female,1.54,66
32066,male,1.8,62
32067,female,1.5,65
32068,female,1.75,33
32069,female,1.63,49
32070,female,1.6,65
32071,female,1.64,56
32072,male,1.84,46
32073,female,1.65,72
32074,male,1.75,31
32075,female,1.62,74
32076,female,1.63,64
32077,female,1.68,67
32078,female,1.7,54
32079,female,1.56,54
32080,male,1.73,74
32081,female,1.7,55
32082,male,1.76,70
32083,female,1.55,68
32084,male,1.68,69
32085,male,1.67,71
32086,female,1.57,26
32087,male,1.74,53
32088,female,1.68,48
32089,female,1.6,51
32090,female,1.56,44
32091,female,1.56,66
32092,female,1.67,52
32093,male,1.82,44
32094,female,1.65,74
32095,female,1.58,67
32096,male,1.83,65
32097,male,1.8,74
32098,female,1.58,68
32099,female,1.65,50
32100,female,1.65,45
32101,female,1.64,61
32102,female,1.51,66
32103,female,1.68,56
32104,female,1.6,78
32105,male,1.89,59
32106,male,1.82,80
32107,female,1.6,57
32108,male,1.6,75
32109,female,1.57,61
32110,male,1.63,31
32111,male,1.93,60
32112,female,1.55,54
32113,female,1.7,51
32114,female,1.6,69
32115,female,1.65,68
32116,male,1.82,59
32117,female,1.65,74
32118,male,1.71,62
32119,female,1.56,81
32120,female,1.57,39
32121,male,1.78,48
32122,female,1.7,79
32123,male,1.7,85
32124,male,1.82,63
32125,female,1.6,81
32126,male,1.65,80
32127,male,1.75,56
32128,female,1.64,65
32129,female,1.48,66
32130,male,1.65,58
32131,female,1.68,46
32132,male,1.86,56
32133,female,1.64,53
32134,male,1.85,29
32135,female,1.65,66
32136,female,1.68,71
32137,male,1.82,46
32138,male,1.8,68
32139,female,1.6,62
32140,female,1.7,46
32141,male,1.74,46
32142,female,1.76,70
32143,male,1.8,67
32144,male,1.71,50
32145,female,1.74,45
32146,male,1.8,79
32147,male,1.74,68
32148,male,1.8,59
32149,male,1.68,62
32150,female,1.6,44
32151,male,1.84,71
32152,male,1.73,76
32153,male,1.82,64
32154,male,1.73,62
32155,male,1.8,18
32156,male,1.76,49
32157,female,1.75,47
32158,male,1.78,65
32159,male,1.88,72
32160,female,1.65,74
32161,male,1.72,61
32162,male,1.75,84
32163,female,1.65,34
32164,female,1.72,67
32165,male,1.83,54
32166,male,1.86,65
32167,male,1.78,65
32168,female,1.75,50
32169,female,1.62,76
32170,male,1.68,84
32171,female,1.62,58
32172,female,1.61,58
32173,female,1.58,86
32174,male,1.74,74
32175,female,1.63,70
32176,female,1.68,51
32177,female,1.65,53
32178,male,1.72,81
32179,female,1.6,70
32180,female,1.55,68
32181,male,1.7,79
32182,male,1.85,62
32183,female,1.64,52
32184,female,1.65,43
32185,female,1.56,38
32186,male,1.7,74
32187,male,1.78,45
32188,female,1.56,61
32189,male,1.9,31
32190,female,1.55,83
32191,female,1.5,49
32192,female,1.64,60
32193,female,1.68,69
32194,female,1.72,61
32195,female,1.58,75
32196,male,1.72,74
32197,male,1.82,55
32198,male,1.78,52
32199,male,1.7,31
32200,female,1.63,19
32201,female,1.45,88
32202,female,1.59,80
32203,female,1.52,71
32204,male,1.78,78
32205,male,1.85,32
32206,female,1.63,15
32207,female,1.58,71
32208,male,1.89,32
32209,female,1.59,77
32210,male,1.68,87
32211,male,1.7,63
32212,female,1.7,56
32213,female,1.5,77
32214,female,1.54,45
32215,female,1.65,29
32216,male,1.79,64
32217,male,1.74,69
32218,female,1.65,38
32219,female,1.55,70
32220,female,1.6,54
32221,male,1.7,72
32222,male,1.72,75
32223,male,1.78,49
32224,male,1.72,51
32225,female,1.68,60
32226,male,1.65,58
32227,female,1.6,59
32228,female,1.55,80
32229,male,1.87,48
32230,female,1.6,50
32231,female,1.6,75
32232,female,1.55,52
32233,male,1.78,39
32234,male,1.8,48
32235,female,1.56,62
32236,female,1.58,71
32237,female,1.56,76
32238,male,1.85,54
32239,male,1.64,52
32240,female,1.62,47
32241,male,1.76,60
32242,female,1.51,70
32243,female,1.55,56
32244,male,1.8,73
32245,male,1.68,38
32246,female,1.58,80
32247,female,1.64,59
32248,female,1.5,63
32249,male,1.75,76
32250,male,1.62,80
32251,female,1.63,69
32252,female,1.5,74
32253,female,1.6,66
32254,male,1.76,69
32255,male,1.75,74
32256,female,1.65,63
32257,female,1.72,49
32258,female,1.68,79
32259,male,1.7,83
32260,male,1.62,67
32261,female,1.64,53
32262,male,1.75,69
32263,male,1.65,66
32264,female,1.6,64
32265,male,1.92,39
32266,female,1.6,79
32267,male,1.87,37
32268,female,1.6,40
32269,male,1.8,47
32270,female,1.6,73
32271,female,1.6,69
32272,female,1.6,22
32273,male,1.75,68
32274,female,1.6,95
32275,male,1.7,58
32276,male,1.87,42
32277,female,1.42,73
32278,male,1.72,27
32279,female,1.64,62
32280,male,1.83,73
32281,male,1.7,73
32282,male,1.85,19
32283,male,1.72,73
32284,male,1.79,66
32285,female,1.65,70
32286,male,1.68,72
32287,female,1.6,82
32288,female,1.66,39
32289,female,1.65,79
32290,female,1.63,73
32291,female,1.83,45
32292,male,1.76,81
32293,female,1.72,41
32294,male,1.67,56
32295,female,1.65,43
32296,male,1.65,77
32297,female,1.7,17
32298,male,1.75,73
32299,male,1.75,58
32300,male,1.58,86
32301,male,1.72,51
32302,male,1.98,54
32303,male,1.6,73
32304,female,1.64,49
32305,male,1.6,74
32306,female,1.64,63
32307,female,1.6,60
32308,male,1.68,43
32309,male,1.67,62
32310,male,1.8,64
32311,female,1.62,48
32312,female,1.64,50
32313,male,1.93,47
32314,male,1.68,68
32315,female,1.64,66
32316,female,1.64,67
32317,female,1.53,70
32318,female,1.6,65
32319,male,1.72,71
32320,female,1.6,66
32321,male,1.74,76
32322,male,1.73,21
32323,female,1.55,55
32324,male,1.94,18
32325,male,1.68,73
32326,male,1.83,59
32327,male,1.66,67
32328,female,1.7,51
32329,female,1.62,29
32330,female,1.6,48
32331,male,1.7,55
32332,female,1.68,61
32333,female,1.62,26
32334,male,1.6,53
32335,male,1.7,51
32336,female,1.59,78
32337,male,1.75,71
32338,male,1.81,56
32339,female,1.62,63
32340,female,1.62,70
32341,female,1.64,73
32342,female,1.58,79
32343,male,1.62,50
32344,female,1.7,64
32345,female,1.56,74
32346,female,1.67,84
32347,female,1.6,78
32348,female,1.55,65
32349,female,1.5,73
32350,female,1.55,68
32351,female,1.72,68
32352,male,1.73,73
32353,male,1.86,51
32354,male,1.78,74
32355,female,1.65,71
32356,female,1.64,69
32357,male,1.7,54
32358,male,1.67,76
32359,male,1.73,66
32360,female,1.5,76
32361,female,1.63,44
32362,male,1.65,75
32363,female,1.68,65
32364,female,1.65,58
32365,female,1.55,47
32366,female,1.5,78
32367,male,1.6,80
32368,female,1.62,69
32369,female,1.62,41
32370,male,1.78,55
32371,female,1.64,57
32372,female,1.62,55
32373,female,1.68,49
32374,male,1.65,70
32375,female,1.56,42
32376,male,1.7,55
32377,female,1.79,34
32378,female,1.56,58
32379,male,1.76,64
32380,female,1.72,56
32381,male,1.76,78
32382,female,1.64,52
32383,male,1.67,64
32384,male,1.7,66
32385,female,1.65,52
32386,male,1.68,69
32387,female,1.62,62
32388,male,1.73,50
32389,male,1.75,48
32390,male,1.84,44
32391,female,1.7,57
32392,female,1.6,44
32393,male,1.84,67
32394,female,1.5,13
32395,male,1.72,77
32396,female,1.6,70
32397,female,1.58,48
32398,female,1.6,75
32399,female,1.6,35
32400,female,1.63,80
32401,female,1.6,48
32402,female,1.64,51
32403,female,1.5,79
32404,male,1.86,76
32405,male,1.7,55
32406,female,1.58,56
32407,female,1.6,64
32408,female,1.65,73
32409,male,1.7,92
32410,male,1.76,47
32411,male,1.83,36
32412,male,1.87,57
32413,female,1.73,21
32414,male,1.76,71
32415,male,1.87,33
32416,male,1.75,43
32417,male,1.93,23
32418,female,1.65,18
32419,male,1.76,77
32420,female,1.65,48
32421,female,1.65,76
32422,female,1.68,52
32423,male,1.63,81
32424,female,1.56,56
32425,male,1.8,23
32426,female,1.46,68
32427,male,1.78,59
32428,female,1.65,46
32429,female,1.6,86
32430,male,1.97,60
32431,female,1.58,86
32432,female,1.55,87
32433,female,1.58,49
32434,female,1.6,65
32435,male,1.8,51
32436,male,1.73,71
32437,male,1.8,54
32438,male,1.72,64
32439,female,1.65,68
32440,female,1.7,56
32441,female,1.53,52
32442,female,1.64,68
32443,male,1.87,67
32444,male,1.73,66
32445,male,1.78,50
32446,male,1.76,44
32447,female,1.6,90
32448,female,1.64,38
32449,female,1.65,62
32450,female,1.57,37
32451,female,1.72,46
32452,female,1.6,68
32453,female,1.5,57
32454,female,1.65,61
32455,male,1.72,66
32456,female,1.6,70
32457,female,1.12,5
32458,female,1.73,68
32459,male,1.75,62
32460,male,1.7,80
32461,male,1.72,69
32462,male,1.74,39
32463,female,1.6,71
32464,female,1.64,48
32465,male,1.8,36
32466,male,1.7,55
32467,male,1.72,49
32468,male,1.76,85
32469,female,1.67,67
32470,male,1.8,67
32471,male,1.8,64
32472,male,1.74,63
32473,male,1.73,36
32474,female,1.67,74
32475,female,1.64,54
32476,female,1.67,41
32477,female,1.62,78
32478,male,1.7,73
32479,male,1.83,42
32480,female,1.65,60
32481,male,1.68,74
32482,male,1.78,71
32483,male,1.7,68
32484,female,1.55,76
32485,female,1.65,51
32486,female,1.6,67
32487,female,1.65,53
32488,female,1.52,67
32489,female,1.6,77
32490,female,1.62,70
32491,female,1.69,50
32492,female,1.64,65
32493,female,1.68,60
32494,male,1.7,74
32495,female,1.65,42
32496,male,1.87,66
32497,male,1.63,70
32498,female,1.65,42
32499,male,1.74,64
32500,male,1.83,60
32501,male,1.65,72
32502,male,1.8,70
32503,female,1.6,63
32504,male,1.88,41
32505,male,1.8,60
32506,female,1.68,55
32507,female,1.69,67
32508,female,1.8,51
32509,female,1.5,73
32510,male,1.75,56
32511,female,1.65,79
32512,female,1.6,81
32513,male,1.6,66
32514,male,1.7,78
32515,female,1.65,65
32516,male,1.72,67
32517,female,1.65,46
32518,female,1.72,45
32519,female,1.62,21
32520,male,1.83,24
32521,male,1.74,66
32522,male,1.68,80
32523,female,1.5,79
32524,female,1.5,46
32525,male,1.8,72
32526,male,1.77,68
32527,female,1.62,54
32528,male,1.7,58
32529,male,1.8,70
32530,female,1.65,47
32531,female,1.7,67
32532,male,1.85,51
32533,female,1.62,75
32534,female,1.58,49
32535,male,1.8,44
32536,male,1.87,57
32537,male,1.72,53
32538,female,1.72,38
32539,male,1.83,62
32540,female,1.5,47
32541,female,1.65,63
32542,female,1.58,62
32543,male,1.8,54
32544,male,1.65,80
32545,male,1.82,19
32546,male,1.74,67
32547,male,1.82,38
32548,female,1.63,45
32549,female,1.65,55
32550,female,1.6,52
32551,male,1.75,61
32552,female,1.57,62
32553,male,1.85,46
32554,male,1.7,41
32555,female,1.6,51
32556,female,1.6,55
32557,male,1.86,46
32558,female,1.68,43
32559,male,1.75,57
32560,female,1.72,31
32561,female,1.64,64
32562,male,1.68,81
32563,female,1.64,75
32564,male,1.9,41
32565,male,1.75,33
32566,female,1.64,58
32567,female,1.65,72
32568,male,1.72,69
32569,male,1.7,62
32570,male,1.82,72
32571,male,1.8,54
32572,female,1.65,56
32573,female,1.71,83
32574,female,1.62,51
32575,male,1.6,87
32576,male,1.65,62
32577,male,1.65,63
32578,female,1.68,81
32579,female,1.6,53
32580,male,1.8,50
32581,male,1.7,60
32582,female,1.6,74
32583,male,1.7,67
32584,male,1.75,73
32585,male,1.73,50
32586,male,1.7,58
32587,female,1.68,66
32588,female,1.6,70
32589,female,1.64,55
32590,female,1.58,68
32591,male,1.8,47
32592,male,1.72,79
32593,female,1.7,72
32594,male,1.7,72
32595,male,1.7,60
32596,male,1.65,75
32597,female,1.64,67
32598,male,1.85,49
32599,male,1.78,71
32600,male,1.9,44
32601,male,1.7,64
32602,female,1.6,57
32603,male,1.75,89
32604,female,1.56,67
32605,female,1.7,86
32606,female,1.7,49
32607,female,1.5,85
32608,female,1.61,44
32609,female,1.58,72
32610,male,1.76,46
32611,female,1.68,52
32612,male,1.8,41
32613,male,1.85,57
32614,female,1.68,64
32615,female,1.56,56
32616,female,1.68,24
32617,female,1.58,80
32618,female,1.65,75
32619,female,1.58,76
32620,male,1.76,61
32621,male,1.72,68
32622,female,1.68,55
32623,male,1.75,28
32624,male,1.45,69
32625,female,1.68,47
32626,male,1.77,62
32627,male,1.68,64
32628,female,1.6,76
32629,female,16.73,17
32630,female,1.74,40
32631,female,1.58,50
32632,female,1.63,40
32633,female,1.53,78
32634,female,1.56,67
32635,female,1.64,66
32636,female,1.62,71
32637,male,1.63,80
32638,male,1.72,73
32639,female,1.73,83
32640,female,1.52,82
32641,male,1.62,53
32642,female,1.72,66
32643,female,1.38,83
32644,female,1.56,83
32645,male,1.65,73
32646,male,1.78,34
32647,female,1.65,68
32648,female,1.61,39
32649,male,1.7,52
32650,male,1.9,29
32651,female,1.58,65
32652,female,1.5,69
32653,female,1.6,85
32654,female,1.58,65
32655,male,1.8,61
32656,female,1.6,69
32657,male,1.6,49
32658,female,1.78,54
32659,female,1.58,60
32660,female,1.6,53
32661,female,1.5,75
32662,male,1.68,39
32663,female,1.73,59
32664,male,1.64,83
32665,male,1.8,77
32666,female,1.55,80
32667,female,1.5,69
32668,female,1.65,32
32669,female,1.6,81
32670,female,1.63,53
32671,male,1.7,53
32672,female,1.5,31
32673,male,1.92,74
32674,female,1.57,54
32675,female,1.55,47
32676,male,1.7,75
32677,male,1.75,84
32678,female,1.62,70
32679,female,1.7,15
32680,female,1.6,81
32681,female,1.6,86
32682,female,1.67,57
32683,female,1.65,52
32684,male,1.8,51
32685,female,1.65,75
32686,female,1.67,66
32687,female,1.6,67
32688,male,1.87,58
32689,male,1.65,85
32690,male,1.8,82
32691,female,1.56,71
32692,female,1.66,66
32693,male,1.64,69
32694,male,1.78,44
32695,male,1.74,73
32696,male,1.8,52
32697,female,1.58,72
32698,female,1.67,68
32699,male,1.73,38
32700,male,1.7,70
32701,male,1.73,63
32702,female,1.6,51
32703,female,1.64,73
32704,male,1.85,66
32705,female,1.6,57
32706,female,1.64,59
32707,female,1.65,40
32708,female,1.56,39
32709,female,1.68,70
32710,female,1.65,53
32711,male,1.68,65
32712,male,1.79,48
32713,male,1.68,55
32714,male,1.7,53
32715,female,1.52,67
32716,female,1.66,43
32717,male,1.82,65
32718,male,1.76,72
32719,female,1.73,43
32720,male,1.75,67
32721,male,1.85,85
32722,male,1.86,68
32723,male,1.8,62
32724,female,1.65,49
32725,male,1.84,55
32726,female,1.76,40
32727,male,1.83,70
32728,male,1.76,77
32729,male,1.88,53
32730,male,1.65,59
32731,female,1.55,82
32732,male,1.68,75
32733,female,1.6,67
32734,female,1.5,53
32735,male,1.82,65
32736,female,1.5,44
32737,male,1.82,43
32738,female,1.6,68
32739,male,1.8,54
32740,male,1.7,74
32741,male,1.77,62
32742,female,1.7,82
32743,male,1.75,68
32744,female,1.65,72
32745,male,1.78,56
32746,male,1.94,52
32747,male,1.7,69
32748,male,1.8,60
32749,male,1.65,58
32750,female,1.54,32
32751,female,1.7,68
32752,female,1.65,65
32753,female,1.75,60
32754,female,1.63,20
32755,male,1.85,36
32756,female,1.58,71
32757,female,1.6,65
32758,female,1.56,67
32759,female,1.68,77
32760,female,1.6,61
32761,male,1.94,54
32762,male,1.75,43
32763,female,1.63,43
32764,male,1.85,64
32765,male,1.8,46
32766,female,1.58,43
32767,male,1.85,42
32768,female,1.57,56
32769,male,1.7,55
32770,male,1.86,40
32771,male,1.8,64
32772,male,1.97,53
32773,female,1.64,52
32774,male,1.82,41
32775,female,1.68,47
32776,male,1.7,42
32777,male,1.85,61
32778,female,1.5,63
32779,male,1.86,63
32780,female,1.64,63
32781,female,1.55,48
32782,female,1.68,49
32783,male,1.7,58
32784,male,1.8,41
32785,female,1.69,46
32786,female,1.6,46
32787,male,1.87,46
32788,male,1.8,61
32789,male,1.76,52
32790,female,1.58,56
32791,male,1.6,47
32792,female,1.5,57
32793,female,1.5,54
32794,female,1.6,50
32795,male,1.74,74
32796,female,1.65,85
32797,female,1.68,69
32798,male,1.75,73
32799,male,1.56,67
32800,female,1.52,75
32801,female,1.72,30
32802,female,1.65,61
32803,female,1.68,73
32804,female,1.69,82
32805,female,1.7,44
32806,male,1.7,47
32807,female,1.6,51
32808,male,1.83,63
32809,female,1.55,56
32810,female,1.52,41
32811,female,1.7,73
32812,female,1.64,56
32813,female,1.68,48
32814,female,1.68,73
32815,female,1.58,45
32816,female,1.63,43
32817,male,1.7,72
32818,male,1.73,36
32819,female,1.5,57
32820,male,1.65,74
32821,female,1.62,52
32822,male,1.71,64
32823,male,1.76,61
32824,male,1.82,79
32825,female,1.65,74
32826,male,1.65,71
32827,male,1.75,75
32828,male,1.85,30
32829,female,1.65,70
32830,male,1.72,71
32831,male,1.63,85
32832,male,1.65,43
32833,female,1.5,84
32834,female,1.54,66
32835,female,1.6,70
32836,female,1.53,81
32837,female,1.61,42
32838,male,1.84,39
32839,male,1.78,37
32840,male,1.57,35
32841,male,1.65,87
32842,male,1.76,27
32843,male,1.75,71
32844,female,1.58,67
32845,male,1.75,61
32846,female,1.55,47
32847,female,1.57,60
32848,male,1.82,67
32849,female,1.66,75
32850,female,1.63,44
32851,male,1.81,66
32852,female,1.7,55
32853,male,1.78,36
32854,female,1.68,80
32855,female,1.67,77
32856,female,1.58,62
32857,male,1.78,67
32858,male,1.65,68
32859,female,1.6,78
32860,male,1.8,44
32861,female,1.55,61
32862,female,1.68,67
32863,male,1.67,57
32864,male,1.82,39
32865,female,1.5,85
32866,male,1.73,73
32867,male,1.75,60
32868,female,1.58,66
32869,male,1.65,41
32870,female,1.62,73
32871,female,1.7,54
32872,female,1.65,68
32873,female,1.68,56
32874,female,1.57,47
32875,female,1.62,72
32876,male,1.6,75
32877,female,1.67,59
32878,male,1.82,38
32879,female,1.51,70
32880,male,1.84,47
32881,female,1.65,45
32882,female,1.75,56
32883,male,1.7,67
32884,female,1.58,69
32885,female,1.6,41
32886,male,1.8,55
32887,male,1.76,85
32888,female,1.7,52
32889,male,1.68,62
32890,female,1.66,47
32891,male,1.7,68
32892,female,1.69,63
32893,male,1.75,81
32894,male,1.72,48
32895,female,1.58,45
32896,female,1.6,83
32897,female,1.64,58
32898,female,1.6,65
32899,female,1.55,81
32900,male,1.8,30
32901,male,1.7,78
32902,male,1.83,58
32903,male,1.74,75
32904,female,1.64,68
32905,female,1.7,44
32906,female,1.71,65
32907,male,1.76,81
32908,female,1.55,57
32909,female,1.76,47
32910,male,1.83,28
32911,female,1.59,68
32912,female,1.66,91
32913,female,1.65,48
32914,male,1.75,56
32915,female,1.63,32
32916,male,1.8,60
32917,male,1.8,71
32918,female,1.58,76
32919,male,1.82,74
32920,male,1.76,82
32921,female,1.7,63
32922,male,1.79,33
32923,male,1.73,56
32924,male,1.7,62
32925,female,1.65,48
32926,male,1.75,71
32927,female,1.5,47
32928,male,1.66,59
32929,male,1.7,56
32930,female,1.64,44
32931,male,1.7,70
32932,male,1.8,66
32933,female,1.5,47
32934,female,1.5,79
32935,male,1.86,67
32936,female,1.65,30
32937,female,1.65,74
32938,male,1.72,79
32939,male,1.82,60
32940,male,1.76,56
32941,female,1.62,77
32942,female,1.65,58
32943,female,1.64,78
32944,male,1.85,56
32945,female,1.62,53
32946,female,1.65,46
32947,male,1.72,68
32948,female,1.68,69
32949,male,1.76,61
32950,female,1.65,49
32951,male,1.68,64
32952,male,1.72,70
32953,female,1.65,84
32954,male,1.72,73
32955,female,1.7,62
32956,female,1.62,46
32957,male,1.7,46
32958,female,1.5,76
32959,female,1.62,45
32960,female,1.65,84
32961,male,1.72,66
32962,female,1.78,61
32963,male,1.83,62
32964,male,1.73,73
32965,male,1.83,76
32966,male,1.47,72
32967,male,1.8,45
32968,male,1.7,62
32969,female,1.64,35
32970,male,1.58,67
32971,male,1.73,36
32972,female,1.7,61
32973,male,1.82,53
32974,female,1.64,67
32975,female,1.64,76
32976,male,1.72,77
32977,female,1.7,46
32978,male,1.65,82
32979,male,1.73,33
32980,male,1.7,55
32981,female,1.6,57
32982,male,1.78,65
32983,male,1.73,54
32984,female,1.63,71
32985,female,1.58,78
32986,female,1.65,62
32987,female,1.64,53
32988,female,1.64,52
32989,female,1.5,82
32990,male,1.8,40
32991,male,1.72,64
32992,female,1.73,49
32993,male,1.87,67
32994,male,1.8,45
32995,male,1.8,52
32996,male,1.77,78
32997,female,1.72,34
32998,female,1.68,85
32999,male,1.77,59
33000,female,1.62,73
33001,male,1.7,61
33002,male,1.7,65
33003,male,1.87,46
33004,male,1.68,47
33005,female,1.53,46
33006,female,1.67,68
33007,male,1.78,79
33008,female,1.64,53
33009,female,1.56,41
33010,female,1.5,47
33011,male,1.74,56
33012,male,1.8,51
33013,female,1.58,65
33014,male,1.64,69
33015,female,1.68,70
33016,male,1.8,53
33017,male,1.72,62
33018,male,1.76,77
33019,male,1.8,56
33020,male,1.85,56
33021,female,1.58,62
33022,female,1.64,45
33023,male,1.65,78
33024,female,1.6,22
33025,male,1.7,74
33026,male,1.65,82
33027,female,1.74,68
33028,male,1.6,74
33029,male,1.75,76
33030,male,1.75,49
33031,female,1.72,18
33032,male,1.63,50
33033,male,1.77,44
33034,male,1.8,77
33035,female,1.63,36
33036,female,1.55,74
33037,female,1.64,41
33038,male,1.76,61
33039,male,1.8,38
33040,female,1.52,86
33041,female,1.64,56
33042,male,1.9,65
33043,male,1.92,38
33044,female,1.62,74
33045,female,1.62,64
33046,female,1.65,79
33047,male,1.64,68
33048,female,1.53,57
33049,female,1.54,69
33050,female,1.74,59
33051,female,1.6,83
33052,male,1.9,56
33053,male,1.7,74
33054,female,1.66,56
33055,female,1.5,71
33056,male,1.7,70
33057,female,1.62,59
33058,female,1.72,40
33059,female,1.67,49
33060,female,1.67,59
33061,female,1.6,69
33062,female,1.67,64
33063,female,1.54,35
33064,male,1.77,73
33065,male,1.8,69
33066,male,1.72,55
33067,male,1.7,53
33068,male,1.75,62
33069,male,1.7,69
33070,female,1.74,81
33071,male,1.74,64
33072,female,1.65,52
33073,female,1.68,36
33074,female,1.6,79
33075,female,1.58,64
33076,male,1.7,86
33077,male,1.82,76
33078,female,1.76,55
33079,female,1.6,88
33080,male,1.7,49
33081,female,1.68,63
33082,female,1.68,52
33083,male,1.78,64
33084,male,1.7,73
33085,male,1.78,66
33086,female,1.5,76
33087,male,1.7,71
33088,female,1.76,66
33089,female,1.75,51
33090,female,1.5,86
33091,female,1.5,71
33092,female,1.56,77
33093,male,1.14,4
33094,female,1.62,32
33095,male,1.7,46
33096,male,1.65,67
33097,male,1.85,71
33098,male,1.72,66
33099,female,1.7,25
33100,female,1.72,69
33101,female,1.5,82
33102,female,1.6,75
33103,female,1.65,77
33104,female,1.7,59
33105,female,1.6,69
33106,female,1.65,63
33107,male,1.75,66
33108,female,1.6,63
33109,female,1.58,66
33110,female,1.72,61
33111,female,1.6,66
33112,male,1.76,57
33113,male,1.84,64
33114,male,1.75,72
33115,male,1.67,56
33116,female,1.53,51
33117,male,1.8,50
33118,female,1.75,55
33119,female,1.68,31
33120,male,1.7,55
33121,male,1.85,83
33122,female,1.6,51
33123,female,1.64,56
33124,male,1.62,68
33125,female,1.63,23
33126,female,1.65,70
33127,male,1.8,55
33128,female,1.7,35
33129,male,1.78,63
33130,male,1.83,80
33131,female,1.68,71
33132,male,1.7,76
33133,female,1.5,75
33134,male,1.73,55
33135,female,1.52,49
33136,male,1.78,63
33137,male,1.76,65
33138,female,1.65,77
33139,female,1.52,77
33140,male,1.75,52
33141,female,1.63,62
33142,male,1.75,77
33143,male,1.72,55
33144,female,1.58,59
33145,male,1.8,71
33146,female,1.65,67
33147,male,1.65,75
33148,male,1.71,80
33149,female,1.56,78
33150,female,1.52,68
33151,female,1.74,52
33152,female,1.65,74
33153,male,1.83,48
33154,female,1.64,57
33155,female,1.52,31
33156,female,1.7,68
33157,female,1.5,78
33158,female,1.6,67
33159,male,1.86,41
33160,female,1.58,32
33161,female,1.56,51
33162,female,1.72,61
33163,female,1.4,79
33164,female,1.6,59
33165,male,1.8,45
33166,female,1.62,54
33167,female,1.92,40
33168,male,1.7,69
33169,female,1.6,52
33170,male,1.74,65
33171,female,1.5,57
33172,female,1.6,54
33173,female,1.68,48
33174,female,1.78,17
33175,male,1.72,85
33176,female,1.74,15
33177,female,1.62,71
33178,female,1.65,63
33179,male,1.8,57
33180,female,1.57,65
33181,female,1.57,74
33182,female,1.66,67
33183,female,1.65,49
33184,female,1.77,58
33185,female,1.68,50
33186,male,1.86,72
33187,female,1.6,81
33188,female,1.75,35
33189,male,1.77,54
33190,male,1.75,39
33191,female,1.53,52
33192,male,1.7,24
33193,male,1.75,75
33194,male,1.8,42
33195,female,1.59,63
33196,male,1.6,75
33197,male,1.82,68
33198,male,1.7,65
33199,male,1.75,60
33200,female,1.7,47
33201,male,1.76,48
33202,male,1.7,43
33203,female,1.55,85
33204,female,1.63,62
33205,female,1.75,76
33206,male,1.76,52
33207,female,1.63,60
33208,male,1.82,72
33209,male,1.71,38
33210,female,1.62,63
33211,female,1.65,22
33212,female,1.5,78
33213,female,1.65,61
33214,male,1.76,68
33215,female,1.55,70
33216,female,1.67,56
33217,female,1.6,49
33218,female,1.75,46
33219,male,1.83,40
33220,female,1.72,49
33221,male,1.76,63
33222,female,1.73,47
33223,female,1.67,56
33224,female,1.59,55
33225,female,1.68,46
33226,male,1.68,49
33227,female,1.56,48
33228,female,1.62,53
33229,male,1.88,45
33230,female,1.6,40
33231,female,1.74,40
33232,female,1.7,48
33233,male,1.69,53
33234,female,1.73,43
33235,male,1.68,44
33236,male,1.75,42
33237,female,1.64,51
33238,female,1.7,42
33239,female,1.56,50
33240,female,1.65,58
33241,female,1.75,51
33242,male,1.78,67
33243,female,1.6,60
33244,male,1.78,78
33245,female,1.5,72
33246,male,1.95,57
33247,female,1.64,83
33248,male,1.74,56
33249,male,1.68,46
33250,female,1.74,45
33251,female,1.64,73
33252,female,1.58,54
33253,male,1.8,53
33254,female,1.82,40
33255,male,1.72,63
33256,male,1.8,52
33257,female,1.6,67
33258,male,1.68,79
33259,female,1.78,66
33260,male,1.75,60
33261,female,1.76,33
33262,male,1.77,35
33263,male,1.8,61
33264,male,1.75,78
33265,female,1.53,31
33266,female,1.64,74
33267,female,1.65,48
33268,male,1.85,22
33269,male,1.7,58
33270,male,1.7,55
33271,female,1.7,70
33272,female,1.5,77
33273,male,1.8,66
33274,female,1.54,70
33275,female,1.55,61
33276,female,1.68,47
33277,female,1.62,73
33278,male,1.55,77
33279,female,1.56,34
33280,female,1.6,48
33281,female,1.65,23
33282,female,1.72,72
33283,male,1.82,63
33284,male,1.78,83
33285,male,1.84,75
33286,female,1.7,54
33287,male,1.7,81
33288,male,1.62,69
33289,female,1.7,35
33290,male,1.8,45
33291,female,1.68,65
33292,female,1.58,69
33293,female,1.68,72
33294,male,1.83,40
33295,female,1.6,20
33296,male,1.8,59
33297,female,1.68,67
33298,male,1.8,66
33299,female,1.65,30
33300,female,1.6,45
33301,female,1.63,48
33302,female,1.6,75
33303,male,1.8,42
33304,male,1.58,88
33305,female,1.6,70
33306,male,1.5,88
33307,male,1.87,55
33308,male,1.7,60
33309,male,1.7,46
33310,female,1.75,82
33311,male,1.8,63
33312,female,1.6,76
33313,male,1.73,64
33314,female,1.53,35
33315,female,1.62,74
33316,male,1.75,78
33317,female,1.8,49
33318,female,1.65,46
33319,female,1.67,56
33320,male,1.82,42
33321,male,1.86,45
33322,female,1.56,68
33323,male,1.8,65
33324,male,1.97,59
33325,female,1.63,56
33326,female,1.68,65
33327,female,1.72,62
33328,female,1.48,51
33329,male,1.75,21
33330,female,1.75,80
33331,female,1.68,70
33332,male,1.7,85
33333,male,1.83,53
33334,male,1.7,63
33335,female,1.54,69
33336,male,1.72,74
33337,female,1.58,53
33338,male,1.83,66
33339,female,1.72,45
33340,male,1.72,67
33341,male,1.8,70
33342,male,1.9,35
33343,female,1.6,58
33344,female,1.58,28
33345,male,1.73,45
33346,female,1.62,46
33347,female,1.67,74
33348,male,1.72,66
33349,female,1.6,88
33350,male,1.75,48
33351,female,1.68,66
33352,female,1.63,29
33353,male,1.85,67
33354,male,1.87,32
33355,female,1.7,65
33356,female,1.6,63
33357,male,1.76,49
33358,female,1.54,70
33359,male,1.65,70
33360,male,1.76,36
33361,female,1.59,80
33362,male,1.68,68
33363,female,1.65,69
33364,male,1.7,59
33365,female,1.51,83
33366,female,1.65,32
33367,male,1.76,38
33368,female,1.65,40
33369,female,1.64,78
33370,male,1.83,70
33371,male,1.65,79
33372,female,1.68,63
33373,male,1.82,63
33374,female,1.7,42
33375,female,1.62,87
33376,male,1.73,68
33377,female,1.55,80
33378,female,1.6,49
33379,male,1.84,59
33380,male,1.67,69
33381,female,1.65,63
33382,male,1.7,55
33383,male,1.8,72
33384,female,1.62,44
33385,male,1.85,62
33386,female,1.6,41
33387,male,1.78,48
33388,male,1.87,60
33389,male,1.9,62
33390,male,1.8,83
33391,female,1.63,38
33392,male,1.8,48
33393,male,1.82,49
33394,female,1.64,62
33395,male,1.78,56
33396,male,1.65,72
33397,female,1.6,48
33398,female,1.65,75
33399,female,1.55,34
33400,female,1.7,74
33401,female,1.67,56
33402,female,1.7,32
33403,female,1.6,28
33404,male,1.62,56
33405,female,1.55,73
33406,male,1.68,54
33407,female,1.71,62
33408,male,1.8,47
33409,female,1.58,59
33410,male,1.6,72
33411,female,1.6,62
33412,female,1.64,74
33413,female,1.68,48
33414,female,1.75,48
33415,female,1.7,74
33416,female,1.6,87
33417,male,1.8,77
33418,female,1.54,70
33419,male,1.64,69
33420,female,1.55,73
33421,female,1.6,39
33422,male,1.85,47
33423,male,1.78,76
33424,female,1.6,61
33425,male,1.8,68
33426,female,1.7,74
33427,male,1.85,61
33428,female,1.5,56
33429,female,1.7,72
33430,female,1.65,48
33431,female,1.6,60
33432,male,1.78,63
33433,male,1.7,66
33434,female,1.75,68
33435,male,1.8,48
33436,female,1.65,76
33437,female,1.56,82
33438,female,1.68,50
33439,female,1.58,59
33440,female,1.63,66
33441,female,1.6,66
33442,male,1.75,52
33443,female,1.64,46
33444,female,1.69,67
33445,male,1.76,51
33446,male,1.7,62
33447,male,1.65,64
33448,male,1.68,79
33449,male,1.8,47
33450,female,1.62,60
33451,male,1.65,58
33452,male,1.76,37
33453,female,1.69,43
33454,female,1.7,31
33455,male,1.66,79
33456,female,1.65,80
33457,female,1.62,82
33458,female,1.76,52
33459,female,1.73,42
33460,male,1.65,65
33461,male,1.74,80
33462,female,1.64,69
33463,male,1.74,55
33464,male,1.75,53
33465,male,1.74,60
33466,female,1.58,67
33467,female,1.47,82
33468,female,1.58,68
33469,female,1.62,51
33470,female,1.5,80
33471,male,1.7,52
33472,female,1.65,40
33473,male,1.65,67
33474,female,1.66,57
33475,male,1.8,62
33476,female,1.7,71
33477,male,1.74,60
33478,female,1.58,83
33479,male,1.78,69
33480,male,1.73,77
33481,female,1.56,64
33482,female,1.5,25
33483,male,1.78,55
33484,female,1.6,76
33485,female,1.68,75
33486,female,1.73,37
33487,female,1.6,71
33488,male,1.7,70
33489,female,1.56,73
33490,female,1.6,73
33491,female,1.68,49
33492,female,1.65,24
33493,male,1.87,55
33494,male,1.78,62
33495,male,1.66,80
33496,female,1.64,59
33497,male,1.7,50
33498,male,1.75,32
33499,female,1.58,85
33500,male,1.65,61
33501,male,1.7,69
33502,female,1.6,75
33503,male,1.83,64
33504,female,1.65,70
33505,female,1.74,49
33506,female,1.64,78
33507,male,1.8,78
33508,male,1.7,68
33509,male,1.83,68
33510,male,1.76,63
33511,female,1.72,60
33512,male,1.76,48
33513,female,1.56,39
33514,male,1.83,47
33515,female,1.6,60
33516,female,1.55,83
33517,male,1.84,75
33518,female,1.65,50
33519,male,1.7,32
33520,female,1.73,18
33521,female,1.69,57
33522,female,1.64,48
33523,male,1.82,57
33524,male,1.7,82
33525,female,1.62,52
33526,male,1.82,73
33527,male,1.65,81
33528,female,1.65,87
33529,male,1.8,32
33530,female,1.6,61
33531,female,1.75,62
33532,male,1.75,68
33533,female,1.58,54
33534,female,1.64,54
33535,female,1.6,79
33536,female,1.62,85
33537,female,1.55,33
33538,male,1.75,48
33539,female,1.58,82
33540,male,1.72,63
33541,male,1.77,60
33542,male,1.77,42
33543,male,1.7,60
33544,male,1.71,71
33545,male,1.81,50
33546,female,1.66,71
33547,female,1.52,69
33548,female,1.58,57
33549,male,1.7,67
33550,female,1.65,46
33551,male,1.83,66
33552,male,1.78,63
33553,female,1.7,71
33554,male,1.79,80
33555,female,1.5,73
33556,female,1.65,41
33557,male,1.8,73
33558,female,1.78,68
33559,male,1.64,78
33560,male,1.82,47
33561,male,1.84,66
33562,female,1.52,69
33563,male,1.83,78
33564,female,1.52,57
33565,male,1.81,73
33566,female,1.58,50
33567,male,1.74,78
33568,male,1.73,72
33569,male,1.84,47
33570,male,1.96,56
33571,male,1.85,49
33572,male,1.7,68
33573,male,1.75,65
33574,male,1.8,69
33575,male,1.67,71
33576,male,1.77,37
33577,female,1.68,62
33578,male,1.8,46
33579,female,1.65,71
33580,female,1.75,79
33581,male,1.85,68
33582,female,1.5,68
33583,male,1.8,69
33584,male,1.73,53
33585,male,1.72,74
33586,male,1.78,46
33587,female,1.65,65
33588,female,1.72,28
33589,male,1.82,45
33590,female,1.63,42
33591,male,1.65,60
33592,male,1.92,69
33593,male,1.7,35
33594,female,1.64,69
33595,male,1.8,47
33596,female,1.55,59
33597,female,1.64,70
33598,male,1.8,63
33599,female,1.63,63
33600,male,1.8,33
33601,female,1.58,63
33602,female,1.6,71
33603,female,1.65,67
33604,female,1.58,59
33605,female,1.6,65
33606,male,1.7,24
33607,male,1.68,79
33608,female,1.5,86
33609,male,1.75,67
33610,female,1.65,40
33611,female,1.5,77
33612,female,1.65,61
33613,female,1.65,67
33614,female,1.6,68
33615,male,1.65,64
33616,female,1.57,66
33617,male,1.82,49
33618,female,1.68,73
33619,male,1.72,85
33620,female,1.68,16
33621,female,1.6,90
33622,male,1.8,71
33623,female,1.68,40
33624,male,1.72,63
33625,male,1.75,70
33626,male,1.75,49
33627,female,1.55,66
33628,male,1.65,62
33629,male,1.8,62
33630,female,0.6,59
33631,female,1.67,60
33632,female,1.73,33
33633,male,1.76,72
33634,female,1.6,63
33635,male,1.82,42
33636,male,1.72,54
33637,male,1.83,39
33638,male,1.74,63
33639,male,1.75,56
33640,male,1.73,49
33641,female,1.67,50
33642,male,1.73,68
33643,female,1.62,45
33644,male,1.68,40
33645,female,1.7,86
33646,male,1.76,50
33647,female,1.62,69
33648,male,1.86,76
33649,female,1.78,45
33650,female,1.71,47
33651,male,1.73,74
33652,male,1.65,79
33653,female,1.6,34
33654,female,1.5,81
33655,male,1.74,39
33656,female,1.65,86
33657,female,1.55,36
33658,female,1.72,83
33659,female,1.82,55
33660,male,1.82,76
33661,male,1.84,49
33662,female,1.7,63
33663,male,1.78,28
33664,male,1.87,60
33665,female,1.6,78
33666,female,1.55,66
33667,female,1.58,72
33668,male,1.8,43
33669,female,1.6,80
33670,female,1.55,21
33671,female,1.67,82
33672,male,1.76,71
33673,female,1.58,74
33674,female,1.67,69
33675,female,1.58,54
33676,female,1.6,98
33677,female,1.65,72
33678,female,1.45,64
33679,female,1.51,73
33680,female,1.68,52
33681,male,1.78,50
33682,female,1.68,45
33683,male,1.81,33
33684,female,1.7,61
33685,male,1.71,31
33686,male,1.73,64
33687,male,1.7,63
33688,male,1.84,48
33689,female,1.6,75
33690,female,1.58,57
33691,female,1.65,25
33692,male,1.75,43
33693,female,1.64,59
33694,female,1.58,69
33695,male,1.75,52
33696,male,1.82,49
33697,female,1.7,76
33698,female,1.5,72
33699,female,1.75,32
33700,male,1.65,52
33701,male,1.71,53
33702,female,1.65,88
33703,female,1.52,59
33704,female,1.62,45
33705,female,1.65,50
33706,female,1.64,65
33707,male,1.65,72
33708,male,1.85,23
33709,male,1.96,35
33710,female,1.72,62
33711,female,1.57,66
33712,male,1.85,32
33713,male,1.65,58
33714,female,1.63,30
33715,male,1.78,69
33716,female,1.49,71
33717,male,1.76,75
33718,female,1.65,49
33719,male,1.78,76
33720,male,1.75,77
33721,male,1.78,61
33722,female,1.78,39
33723,female,1.55,81
33724,male,1.8,50
33725,female,1.52,70
33726,female,1.53,70
33727,female,1.67,61
33728,male,1.75,65
33729,male,1.8,41
33730,female,1.64,55
33731,male,1.7,34
33732,female,1.6,90
33733,male,1.75,60
33734,male,1.75,71
33735,female,1.71,43
33736,female,1.64,70
33737,male,1.93,47
33738,male,1.8,61
33739,female,1.58,73
33740,male,1.87,68
33741,male,1.61,66
33742,female,1.69,74
33743,male,1.71,73
33744,female,1.5,45
33745,female,1.65,53
33746,male,1.73,70
33747,female,1.73,33
33748,female,1.55,66
33749,female,1.6,73
33750,female,1.62,42
33751,male,1.72,83
33752,female,1.5,73
33753,male,1.65,67
33754,male,1.7,45
33755,female,1.55,61
33756,female,1.7,75
33757,male,1.65,88
33758,female,1.6,88
33759,female,1.64,42
33760,female,1.75,47
33761,male,1.76,65
33762,female,1.64,56
33763,female,1.5,77
33764,male,1.62,86
33765,female,1.62,67
33766,male,1.82,36
33767,female,1.52,66
33768,male,1.78,68
33769,female,1.7,52
33770,female,1.75,51
33771,male,1.73,52
33772,female,1.65,88
33773,male,1.74,64
33774,male,1.7,74
33775,female,1.64,55
33776,male,1.73,76
33777,female,1.64,47
33778,male,1.67,61
33779,male,1.83,61
33780,male,1.88,73
33781,male,1.8,66
33782,female,1.64,68
33783,female,1.64,35
33784,female,1.65,66
33785,female,1.64,56
33786,male,1.68,69
33787,female,1.6,61
33788,female,1.6,77
33789,female,1.57,78
33790,male,1.86,20
33791,male,1.8,74
33792,male,1.7,73
33793,female,1.56,35
33794,male,1.74,53
33795,female,1.77,46
33796,male,1.7,62
33797,female,1.7,69
33798,male,1.62,93
33799,female,1.6,66
33800,female,1.6,70
33801,male,2.0,52
33802,female,1.58,49
33803,female,1.68,71
33804,male,1.88,51
33805,female,1.68,56
33806,male,1.6,62
33807,male,1.85,70
33808,male,1.8,46
33809,male,1.85,63
33810,male,1.7,52
33811,female,1.65,79
33812,male,1.6,70
33813,male,1.8,54
33814,female,1.67,37
33815,female,1.75,78
33816,female,1.62,67
33817,male,1.8,74
33818,female,1.76,88
33819,male,1.7,64
33820,female,1.67,56
33821,female,1.56,72
33822,male,1.8,71
33823,male,1.89,80
33824,male,1.7,74
33825,female,1.5,48
33826,male,1.74,56
33827,male,1.73,42
33828,female,1.49,38
33829,male,1.58,83
33830,female,1.56,52
33831,female,1.64,51
33832,male,1.76,68
33833,female,1.65,67
33834,female,1.58,66
33835,female,1.56,42
33836,male,1.76,55
33837,female,1.5,79
33838,female,1.83,51
33839,male,1.78,64
33840,male,1.69,61
33841,male,1.77,40
33842,female,1.6,64
33843,female,1.65,83
33844,male,1.6,71
33845,female,1.58,41
33846,female,1.64,68
33847,female,1.63,82
33848,male,1.75,27
33849,male,1.86,34
33850,female,1.6,51
33851,male,1.85,61
33852,male,1.93,61
33853,female,1.65,56
33854,male,1.75,64
33855,male,1.8,71
33856,male,1.87,67
33857,female,1.56,30
33858,male,1.82,61
33859,female,1.58,32
33860,female,1.6,74
33861,male,1.91,45
33862,female,1.6,59
33863,male,1.75,93
33864,female,1.65,81
33865,male,1.64,74
33866,male,1.8,76
33867,male,1.75,69
33868,male,1.8,30
33869,male,1.83,69
33870,male,1.83,81
33871,female,1.68,32
33872,male,1.78,80
33873,male,1.7,83
33874,female,1.55,84
33875,female,1.58,72
33876,female,1.56,55
33877,male,1.75,36
33878,male,1.67,63
33879,female,1.72,57
33880,male,1.86,46
33881,male,1.77,80
33882,female,1.7,51
33883,female,1.56,65
33884,male,1.75,44
33885,male,1.75,68
33886,male,1.82,70
33887,male,1.8,43
33888,female,1.77,46
33889,female,1.65,66
33890,female,1.67,76
33891,female,1.7,64
33892,female,1.54,78
33893,female,1.56,44
33894,female,1.53,76
33895,male,1.89,47
33896,female,1.67,51
33897,female,1.64,61
33898,male,1.8,64
33899,female,1.65,62
33900,female,1.61,76
33901,male,1.7,79
33902,female,1.74,62
33903,female,1.68,69
33904,male,1.82,39
33905,female,1.65,59
33906,female,1.6,71
33907,female,1.64,63
33908,female,1.65,75
33909,female,1.55,67
33910,female,1.65,78
33911,female,1.62,74
33912,male,1.8,49
33913,male,1.82,52
33914,female,1.75,23
33915,male,1.71,68
33916,male,1.78,79
33917,female,1.7,37
33918,male,1.8,67
33919,female,1.78,78
33920,male,1.72,64
33921,female,1.6,77
33922,female,1.65,69
33923,female,1.65,61
33924,male,1.76,39
33925,male,1.8,75
33926,female,1.66,68
33927,female,1.65,29
33928,female,1.6,57
33929,male,1.72,54
33930,female,1.62,65
33931,male,1.65,65
33932,female,1.5,69
33933,male,1.75,74
33934,male,1.78,45
33935,female,1.73,53
33936,female,1.58,57
33937,male,1.72,78
33938,male,1.73,67
33939,male,1.74,56
33940,female,1.59,81
33941,male,1.76,48
33942,male,1.76,62
33943,male,1.78,71
33944,male,1.65,47
33945,male,1.8,75
33946,female,1.6,68
33947,female,1.56,74
33948,female,1.65,36
33949,male,1.78,40
33950,female,1.54,80
33951,female,1.5,73
33952,female,1.51,68
33953,female,1.56,70
33954,male,1.75,76
33955,female,1.7,38
33956,male,1.85,64
33957,female,1.6,67
33958,female,1.6,84
33959,male,1.75,64
33960,male,1.68,60
33961,male,1.72,52
33962,male,1.73,50
33963,male,1.7,67
33964,female,1.59,71
33965,female,1.63,64
33966,female,1.6,38
33967,male,1.75,64
33968,male,1.9,27
33969,female,1.6,70
33970,female,1.65,74
33971,female,1.6,86
33972,female,1.6,49
33973,female,1.66,24
33974,female,1.68,35
33975,female,1.63,27
33976,male,1.65,68
33977,female,1.6,73
33978,male,1.85,62
33979,male,1.75,74
33980,female,1.7,77
33981,female,1.68,46
33982,female,1.51,81
33983,female,1.57,30
33984,female,1.7,48
33985,female,1.56,64
33986,female,1.65,50
33987,male,1.6,67
33988,female,1.5,82
33989,male,1.68,67
33990,female,1.58,72
33991,male,1.81,73
33992,female,1.6,54
33993,male,1.7,78
33994,female,1.6,37
33995,female,1.63,48
33996,female,1.56,59
33997,female,1.58,64
33998,female,1.55,65
33999,male,1.5,59
34000,female,1.68,66
34001,female,1.56,51
34002,female,1.64,64
34003,male,1.75,63
34004,female,1.6,50
34005,female,1.7,45
34006,female,1.68,69
34007,male,1.73,64
34008,female,1.73,65
34009,female,1.6,48
34010,female,1.75,57
34011,male,1.7,65
34012,female,1.73,57
34013,female,1.58,66
34014,female,1.54,73
34015,female,1.7,58
34016,female,1.65,58
34017,female,1.7,46
34018,female,1.69,53
34019,female,1.58,58
34020,female,1.57,71
34021,female,1.7,63
34022,male,1.75,73
34023,female,1.73,28
34024,female,1.57,43
34025,female,1.58,60
34026,male,1.72,55
34027,female,1.6,79
34028,female,1.58,46
34029,male,1.7,67
34030,female,1.68,62
34031,male,1.85,77
34032,male,1.8,53
34033,male,1.79,64
34034,male,1.72,61
34035,female,1.5,79
34036,male,1.85,52
34037,male,1.7,77
34038,male,1.71,66
34039,female,1.6,84
34040,female,1.62,41
34041,male,1.7,45
34042,female,1.72,44
34043,female,1.64,68
34044,female,1.65,54
34045,male,1.75,70
34046,female,1.65,17
34047,female,1.6,68
34048,female,1.67,81
34049,female,1.58,51
34050,female,1.7,45
34051,male,1.75,76
34052,male,1.75,88
34053,female,1.58,64
34054,female,1.56,61
34055,female,1.58,64
34056,male,1.75,83
34057,male,1.8,62
34058,female,1.56,61
34059,male,1.65,63
34060,male,1.72,63
34061,male,1.78,51
34062,male,1.6,70
34063,female,1.68,65
34064,female,1.62,67
34065,female,1.55,30
34066,female,1.58,29
34067,male,1.84,42
34068,male,1.88,57
34069,male,1.8,44
34070,female,1.63,52
34071,male,1.83,62
34072,male,1.7,71
34073,male,1.65,65
34074,male,1.85,37
34075,male,1.84,43
34076,male,1.82,55
34077,male,1.7,74
34078,male,1.89,39
34079,male,1.73,64
34080,female,1.65,65
34081,female,1.74,35
34082,female,1.6,25
34083,female,1.56,47
34084,male,1.78,66
34085,female,1.68,52
34086,female,1.58,35
34087,female,1.6,72
34088,female,1.76,46
34089,male,1.75,75
34090,female,1.65,61
34091,female,1.74,39
34092,male,1.65,63
34093,male,1.72,76
34094,male,1.8,61
34095,male,1.68,73
34096,male,1.65,69
34097,male,1.78,68
34098,female,1.73,53
34099,male,1.68,79
34100,male,1.72,72
34101,female,1.6,68
34102,male,1.92,45
34103,female,1.6,71
34104,female,1.69,57
34105,female,1.62,74
34106,female,1.7,59
34107,female,1.75,33
34108,female,1.61,85
34109,female,1.58,60
34110,male,1.9,27
34111,female,1.65,60
34112,male,1.8,57
34113,male,1.8,30
34114,male,1.68,79
34115,female,1.58,59
34116,male,1.8,54
34117,female,1.5,87
34118,female,1.76,71
34119,female,1.6,80
34120,female,1.68,49
34121,male,1.66,58
34122,female,1.6,52
34123,female,1.67,64
34124,female,1.65,65
34125,female,1.62,48
34126,male,1.93,48
34127,female,1.58,65
34128,female,1.71,48
34129,male,1.72,68
34130,female,1.7,49
34131,female,1.55,33
34132,female,1.64,70
34133,male,1.8,71
34134,male,1.62,53
34135,female,1.67,44
34136,male,1.99,27
34137,male,1.76,64
34138,male,1.84,67
34139,female,1.75,51
34140,female,1.68,51
34141,female,1.5,84
34142,male,1.8,33
34143,female,1.68,69
34144,female,1.74,68
34145,female,1.6,73
34146,male,1.85,57
34147,male,1.9,28
34148,female,1.63,53
34149,female,1.58,37
34150,female,1.55,84
34151,female,1.6,31
34152,female,1.74,68
34153,male,1.75,25
34154,male,1.8,68
34155,male,1.8,73
34156,female,1.56,68
34157,female,1.6,58
34158,female,1.6,78
34159,female,1.58,51
34160,female,1.5,73
34161,male,1.72,68
34162,male,1.8,41
34163,female,1.6,64
34164,female,1.69,44
34165,male,1.72,81
34166,female,1.65,59
34167,female,1.65,72
34168,male,1.7,36
34169,male,1.9,71
34170,female,1.64,70
34171,male,1.8,59
34172,male,1.72,65
34173,male,1.75,68
34174,female,1.7,39
34175,male,1.7,50
34176,male,1.75,71
34177,female,1.62,79
34178,female,1.54,70
34179,female,1.68,60
34180,female,1.57,48
34181,male,1.79,51
34182,female,1.68,71
34183,female,1.63,65
34184,male,1.78,35
34185,female,1.67,55
34186,male,1.76,72
34187,male,1.7,69
34188,male,1.82,53
34189,male,1.8,64
34190,female,1.65,47
34191,female,1.54,47
34192,male,1.7,65
34193,male,1.76,68
34194,female,1.78,65
34195,female,1.68,52
34196,female,1.72,54
34197,female,1.6,60
34198,male,1.82,68
34199,male,1.76,53
34200,male,1.62,66
34201,male,1.83,42
34202,male,1.7,71
34203,male,1.65,57
34204,male,1.7,73
34205,female,1.64,59
34206,female,1.58,74
34207,male,1.93,43
34208,male,1.78,81
34209,female,1.7,16
34210,female,1.65,65
34211,male,1.9,55
34212,male,1.7,75
34213,male,1.82,44
34214,female,1.6,60
34215,female,1.64,57
34216,female,1.75,43
34217,male,1.7,39
34218,female,1.68,78
34219,male,1.75,65
34220,male,1.8,35
34221,female,1.55,76
34222,female,1.68,58
34223,female,1.76,84
34224,male,1.65,85
34225,female,1.58,84
34226,female,1.5,81
34227,female,1.65,80
34228,male,1.74,54
34229,female,1.68,47
34230,male,1.7,67
34231,female,1.64,77
34232,male,1.68,73
34233,male,1.68,72
34234,female,1.64,73
34235,female,1.52,67
34236,male,1.82,48
34237,female,1.56,55
34238,female,1.53,65
34239,male,1.7,65
34240,female,1.6,51
34241,female,1.68,49
34242,female,1.58,72
34243,female,1.49,40
34244,male,1.72,70
34245,male,1.8,55
34246,female,1.64,55
34247,male,1.65,59
34248,male,1.68,70
34249,male,1.77,56
34250,female,1.7,68
34251,female,1.55,64
34252,female,1.68,51
34253,male,1.75,50
34254,male,1.83,61
34255,male,1.8,72
34256,female,1.64,49
34257,male,1.78,66
34258,male,1.74,76
34259,female,1.72,40
34260,male,1.73,73
34261,male,1.76,71
34262,male,1.84,22
34263,male,1.8,61
34264,female,1.66,50
34265,male,1.8,67
34266,female,1.7,32
34267,female,1.7,80
34268,female,1.6,67
34269,female,1.77,47
34270,female,1.65,62
34271,male,1.75,78
34272,female,1.6,81
34273,female,1.6,68
34274,male,1.78,71
34275,male,1.65,71
34276,female,1.68,61
34277,female,1.6,62
34278,female,1.65,48
34279,female,1.64,46
34280,female,1.62,76
34281,male,1.76,53
34282,male,1.73,62
34283,male,1.65,66
34284,male,1.65,68
34285,female,1.6,88
34286,female,1.63,70
34287,male,1.72,70
34288,female,1.7,56
34289,female,1.57,86
34290,male,1.75,56
34291,male,1.65,27
34292,female,1.58,43
34293,female,1.68,65
34294,female,1.52,59
34295,female,1.6,35
34296,female,1.58,46
34297,female,1.7,49
34298,female,1.67,78
34299,male,1.78,50
34300,female,1.54,68
34301,female,1.68,64
34302,male,1.78,49
34303,female,1.66,72
34304,male,1.2,53
34305,male,1.83,36
34306,female,1.62,78
34307,female,1.53,69
34308,female,1.63,70
34309,male,1.65,61
34310,female,1.63,39
34311,male,1.7,69
34312,female,1.76,44
34313,male,1.73,77
34314,female,1.5,79
34315,male,1.65,65
34316,female,1.64,43
34317,male,1.62,51
34318,female,1.65,69
34319,female,1.65,56
34320,female,1.65,81
34321,male,1.65,71
34322,male,1.74,38
34323,male,1.68,11
34324,female,1.63,70
34325,male,1.65,76
34326,female,1.5,65
34327,male,1.85,62
34328,male,1.83,51
34329,female,1.6,90
34330,male,1.7,70
34331,male,1.68,87
34332,male,1.78,70
34333,female,1.78,31
34334,male,1.85,56
34335,male,1.81,39
34336,male,1.68,41
34337,female,1.65,90
34338,female,1.8,56
34339,male,1.75,41
34340,female,1.72,70
34341,male,1.64,47
34342,male,1.72,66
34343,female,1.72,69
34344,male,1.75,54
34345,female,1.7,67
34346,female,1.65,87
34347,male,1.6,81
34348,male,1.67,79
34349,female,1.7,50
34350,female,1.52,63
34351,female,1.71,46
34352,female,1.52,70
34353,female,1.63,46
34354,male,1.7,75
34355,male,1.8,64
34356,male,1.72,68
34357,female,1.6,69
34358,female,1.5,72
34359,male,1.76,74
34360,female,1.68,50
34361,female,1.62,74
34362,female,1.73,43
34363,female,1.6,44
34364,female,1.67,56
34365,female,1.58,65
34366,male,1.76,70
34367,female,1.75,50
34368,female,1.51,53
34369,female,1.59,61
34370,male,1.81,72
34371,female,1.58,67
34372,female,1.56,73
34373,male,1.68,55
34374,female,1.62,45
34375,female,1.65,79
34376,male,1.76,47
34377,male,1.7,71
34378,male,1.73,50
34379,female,1.63,51
34380,male,1.95,41
34381,female,1.68,66
34382,male,1.8,50
34383,male,1.76,70
34384,male,1.83,47
34385,female,1.61,67
34386,female,1.74,44
34387,female,1.58,59
34388,male,1.78,54
34389,female,1.55,74
34390,male,1.88,44
34391,male,1.8,46
34392,male,1.85,52
34393,female,1.5,91
34394,female,1.63,37
34395,female,1.56,71
34396,female,1.65,83
34397,female,1.64,66
34398,male,1.7,70
34399,male,1.73,51
34400,male,1.83,68
34401,female,1.53,70
34402,female,1.72,31
34403,male,1.82,22
34404,female,1.56,65
34405,male,1.86,45
34406,male,1.67,33
34407,female,1.54,66
34408,male,1.75,31
34409,male,1.7,60
34410,male,1.68,68
34411,female,1.5,72
34412,female,1.54,78
34413,female,1.67,45
34414,female,1.6,44
34415,female,1.64,57
34416,male,1.9,52
34417,male,1.85,40
34418,male,1.74,65
34419,male,1.78,39
34420,male,1.6,89
34421,female,1.74,44
34422,female,1.65,48
34423,female,1.65,84
34424,female,1.6,55
34425,male,1.75,70
34426,male,1.7,82
34427,female,1.68,62
34428,female,1.65,47
34429,female,1.6,89
34430,male,1.78,29
34431,male,1.78,72
34432,female,1.5,69
34433,female,1.75,42
34434,male,1.9,77
34435,female,1.7,53
34436,female,1.49,65
34437,male,1.68,42
34438,male,1.76,62
34439,female,1.76,68
34440,female,1.6,53
34441,male,1.85,20
34442,male,1.7,90
34443,male,1.72,81
34444,female,1.64,75
34445,male,1.76,61
34446,female,1.78,25
34447,female,1.5,61
34448,male,1.84,47
34449,male,1.75,21
34450,male,1.6,84
34451,male,1.75,66
34452,female,1.55,66
34453,female,1.67,62
34454,female,1.67,47
34455,female,1.66,61
34456,female,1.65,72
34457,male,1.82,54
34458,female,1.5,82
34459,male,1.72,55
34460,male,1.86,64
34461,male,1.82,64
34462,male,1.7,85
34463,male,1.75,71
34464,female,1.71,53
34465,male,1.83,54
34466,female,1.62,70
34467,male,1.7,52
34468,female,1.7,31
34469,male,1.7,66
34470,male,1.8,65
34471,female,1.65,39
34472,male,1.85,55
34473,female,1.64,58
34474,female,1.1,79
34475,female,1.6,82
34476,female,1.62,77
34477,female,1.53,65
34478,male,1.82,57
34479,female,1.57,47
34480,female,1.6,72
34481,female,1.64,52
34482,male,1.79,71
34483,female,1.67,54
34484,female,1.6,28
34485,female,1.6,55
34486,female,1.65,64
34487,female,1.64,66
34488,male,1.75,61
34489,female,1.6,64
34490,female,1.6,47
34491,male,1.68,84
34492,female,1.7,54
34493,female,1.66,28
34494,female,1.57,14
34495,female,1.65,62
34496,male,1.72,70
34497,female,1.6,52
34498,male,1.75,75
34499,male,1.86,54
34500,female,1.74,66
34501,female,1.5,39
34502,female,1.67,59
34503,female,1.51,70
34504,male,1.6,76
34505,female,1.59,63
34506,male,1.7,69
34507,male,1.76,56
34508,female,1.64,65
34509,male,1.75,38
34510,male,1.78,72
34511,female,1.54,69
34512,male,1.63,64
34513,male,1.7,64
34514,male,1.82,29
34515,female,1.5,80
34516,female,1.64,78
34517,female,1.78,54
34518,female,1.78,44
34519,male,1.7,80
34520,male,1.76,41
34521,female,1.7,30
34522,female,1.55,69
34523,male,1.7,82
34524,female,1.46,63
34525,female,1.68,66
34526,female,1.57,66
34527,male,1.65,69
34528,female,1.67,77
34529,female,1.64,68
34530,female,1.82,50
34531,male,1.94,57
34532,male,1.72,66
34533,female,1.62,67
34534,female,1.6,67
34535,female,1.62,91
34536,female,1.63,62
34537,male,1.67,67
34538,male,1.81,58
34539,male,1.85,35
34540,male,2.0,49
34541,female,1.7,82
34542,female,1.59,73
34543,female,1.7,75
34544,female,1.6,63
34545,female,1.67,41
34546,male,1.7,72
34547,male,1.76,71
34548,female,1.52,49
34549,male,1.8,68
34550,male,1.4,9
34551,male,1.64,59
34552,male,1.66,69
34553,male,1.75,64
34554,female,1.64,81
34555,female,1.73,42
34556,male,1.83,79
34557,female,1.55,79
34558,male,1.55,87
34559,male,1.86,37
34560,male,1.74,65
34561,female,1.7,77
34562,male,1.85,33
34563,female,1.68,72
34564,male,1.76,57
34565,female,1.73,50
34566,male,1.6,68
34567,female,1.65,38
34568,female,1.55,20
34569,male,1.98,22
34570,female,1.6,46
34571,female,1.62,44
34572,male,1.8,33
34573,female,1.55,55
34574,female,1.6,53
34575,male,1.6,71
34576,male,1.95,66
34577,female,1.6,70
34578,female,1.64,78
34579,female,1.53,58
34580,male,1.65,68
34581,male,1.6,67
34582,male,1.76,57
34583,female,1.7,58
34584,male,1.82,55
34585,male,1.74,56
34586,male,1.7,74
34587,male,1.8,68
34588,female,1.68,57
34589,female,1.63,67
34590,male,1.6,65
34591,female,1.67,60
34592,female,1.65,54
34593,male,1.67,66
34594,male,1.7,59
34595,male,1.85,47
34596,female,1.73,53
34597,female,1.62,78
34598,male,1.74,67
34599,female,1.58,61
34600,female,1.7,36
34601,female,1.68,57
34602,male,1.74,52
34603,male,1.76,74
34604,female,1.7,78
34605,male,1.72,68
34606,female,1.63,61
34607,male,1.76,51
34608,male,1.72,81
34609,male,1.72,53
34610,male,1.78,34
34611,male,1.75,58
34612,female,1.7,60
34613,female,1.72,42
34614,male,1.8,66
34615,female,1.6,47
34616,male,1.7,43
34617,male,1.74,62
34618,female,1.7,71
34619,male,1.72,57
34620,male,1.86,47
34621,female,1.63,64
34622,female,1.76,50
34623,male,1.82,54
34624,male,1.68,75
34625,male,1.8,54
34626,male,1.69,69
34627,female,1.55,68
34628,male,1.75,43
34629,female,1.55,64
34630,female,1.57,45
34631,male,1.7,71
34632,female,1.49,65
34633,male,1.85,41
34634,male,1.74,55
34635,male,1.8,67
34636,male,1.75,81
34637,female,1.6,40
34638,male,1.6,52
34639,female,1.65,63
34640,female,1.67,68
34641,female,1.62,53
34642,female,1.52,68
34643,male,1.75,67
34644,female,1.67,32
34645,female,1.6,72
34646,male,1.92,50
34647,male,1.76,45
34648,male,1.7,60
34649,male,1.8,73
34650,male,1.72,52
34651,male,1.73,74
34652,male,1.7,43
34653,female,1.6,47
34654,female,1.73,62
34655,male,1.72,54
34656,female,1.62,47
34657,female,1.67,71
34658,male,1.78,63
34659,male,1.7,41
34660,male,1.8,46
34661,male,1.8,63
34662,male,1.71,53
34663,male,1.62,42
34664,male,1.75,80
34665,female,1.52,73
34666,male,1.74,73
34667,female,1.79,44
34668,female,1.58,41
34669,female,1.57,64
34670,male,1.53,79
34671,female,1.6,64
34672,male,1.7,75
34673,male,1.74,60
34674,male,1.65,72
34675,female,1.7,38
34676,female,1.55,72
34677,female,1.7,41
34678,male,1.7,56
34679,female,1.7,43
34680,female,1.64,66
34681,female,1.6,83
34682,female,1.62,62
34683,female,1.6,36
34684,male,1.83,40
34685,female,1.75,28
34686,male,1.8,64
34687,female,1.61,36
34688,male,1.89,42
34689,male,1.72,65
34690,male,1.62,47
34691,female,1.55,77
34692,female,1.75,61
34693,male,1.75,53
34694,male,1.65,72
34695,male,1.84,42
34696,female,1.5,79
34697,female,1.7,64
34698,female,1.5,79
34699,male,1.83,63
34700,female,1.6,81
34701,male,1.68,65
34702,female,1.6,50
34703,male,1.83,67
34704,female,1.55,80
34705,female,1.68,68
34706,female,1.63,63
34707,female,1.63,60
34708,female,1.6,75
34709,female,1.73,74
34710,female,1.56,87
34711,female,1.55,45
34712,male,1.76,48
34713,female,1.67,53
34714,female,1.65,57
34715,female,1.55,74
34716,female,1.62,66
34717,female,1.62,60
34718,male,1.75,84
34719,male,1.72,68
34720,female,1.65,46
34721,male,1.98,51
34722,female,1.65,46
34723,male,1.8,52
34724,female,1.58,63
34725,female,1.64,49
34726,female,1.65,83
34727,female,1.67,65
34728,male,1.7,61
34729,male,1.78,48
34730,female,1.6,52
34731,female,1.61,47
34732,male,1.86,34
34733,female,1.58,52
34734,female,1.5,69
34735,female,1.6,71
34736,male,1.73,53
34737,female,1.65,47
34738,male,1.74,43
34739,female,1.55,56
34740,male,1.78,68
34741,male,1.74,71
34742,female,1.54,53
34743,male,1.7,61
34744,female,1.7,58
34745,female,1.59,37
34746,male,1.84,71
34747,male,1.68,54
34748,female,1.6,65
34749,male,1.75,70
34750,female,1.6,58
34751,female,1.74,49
34752,female,1.64,69
34753,male,1.65,59
34754,male,1.74,84
34755,male,1.79,40
34756,male,1.7,74
34757,male,1.76,74
34758,male,1.74,76
34759,male,1.93,22
34760,male,1.7,60
34761,male,1.5,14
34762,female,1.58,72
34763,male,1.82,74
34764,female,1.65,66
34765,male,1.76,74
34766,female,1.65,60
34767,male,1.78,70
34768,female,1.53,60
34769,male,1.7,60
34770,male,1.85,62
34771,female,1.65,73
34772,male,1.78,40
34773,female,1.6,66
34774,male,1.65,76
34775,male,1.68,70
34776,female,1.62,65
34777,male,1.85,52
34778,male,1.7,73
34779,male,1.79,68
34780,male,1.78,68
34781,female,1.67,43
34782,male,1.7,67
34783,male,1.67,58
34784,male,2.02,29
34785,female,1.58,80
34786,male,1.75,70
34787,female,1.5,76
34788,male,1.78,28
34789,male,1.88,33
34790,male,1.73,44
34791,female,1.56,64
34792,male,1.95,69
34793,female,1.45,71
34794,female,1.6,71
34795,female,1.6,89
34796,female,1.7,79
34797,male,1.75,77
34798,female,1.68,43
34799,female,1.64,48
34800,female,1.58,73
34801,female,1.6,38
34802,female,1.65,75
34803,female,1.6,73
34804,female,1.6,62
34805,male,1.79,69
34806,male,1.68,59
34807,female,1.65,69
34808,female,1.65,74
34809,female,1.74,49
34810,male,1.76,56
34811,female,1.56,48
34812,male,1.65,69
34813,male,1.72,62
34814,male,1.72,73
34815,male,1.73,77
34816,male,1.6,64
34817,male,1.78,40
34818,male,1.73,69
34819,male,1.72,56
34820,male,1.65,80
34821,male,1.95,46
34822,female,1.7,66
34823,female,1.64,17
34824,female,1.65,80
34825,male,1.8,44
34826,female,1.62,73
34827,female,1.64,42
34828,female,1.5,80
34829,male,1.75,72
34830,male,1.69,53
34831,male,1.77,16
34832,female,1.5,74
34833,female,1.64,55
34834,female,1.64,69
34835,female,1.58,58
34836,male,1.71,67
34837,female,1.56,52
34838,male,1.67,21
34839,male,1.7,68
34840,female,1.6,81
34841,female,1.75,57
34842,female,1.65,88
34843,female,1.6,66
34844,female,1.56,64
34845,male,1.82,49
34846,female,1.7,44
34847,male,1.7,54
34848,female,1.65,42
34849,female,1.65,65
34850,female,1.6,38
34851,male,1.65,82
34852,male,1.75,53
34853,male,1.7,41
34854,female,1.65,73
34855,female,1.82,42
34856,female,1.6,71
34857,male,1.68,32
34858,female,1.62,85
34859,male,1.9,45
34860,male,1.72,75
34861,female,1.64,67
34862,male,1.82,48
34863,female,1.54,46
34864,female,1.6,79
34865,male,1.75,42
34866,female,1.6,48
34867,female,1.74,69
34868,male,1.74,57
34869,male,1.72,65
34870,female,1.63,29
34871,female,1.58,61
34872,female,1.7,42
34873,female,1.76,40
34874,female,1.68,69
34875,male,1.78,70
34876,male,1.76,48
34877,male,1.86,60
34878,female,1.6,57
34879,female,1.63,28
34880,female,1.6,36
34881,male,1.71,62
34882,male,1.83,61
34883,male,1.77,55
34884,male,1.8,39
34885,male,2.0,57
34886,female,1.68,73
34887,male,1.67,60
34888,female,1.69,73
34889,male,1.69,83
34890,male,1.73,78
34891,male,1.75,80
34892,female,1.56,54
34893,female,1.61,55
34894,female,1.68,64
34895,female,1.61,56
34896,male,1.78,76
34897,male,1.82,56
34898,male,1.83,70
34899,male,1.7,72
34900,female,1.6,59
34901,female,1.62,39
34902,female,1.6,43
34903,male,1.7,76
34904,male,1.96,46
34905,female,1.55,78
34906,male,1.73,57
34907,male,1.67,49
34908,female,1.6,68
34909,male,1.86,61
34910,female,1.6,69
34911,female,1.6,38
34912,female,1.64,50
34913,male,1.65,57
34914,female,1.69,52
34915,female,1.67,33
34916,male,1.8,71
34917,male,1.77,59
34918,male,1.72,67
34919,male,1.73,71
34920,female,1.69,64
34921,female,1.6,72
34922,male,1.82,50
34923,male,1.68,69
34924,male,1.74,59
34925,female,1.7,62
34926,male,1.8,51
34927,male,1.7,73
34928,male,1.84,76
34929,male,1.76,74
34930,male,1.72,69
34931,male,1.7,61
34932,male,1.78,56
34933,male,1.7,51
34934,male,1.76,66
34935,female,1.58,63
34936,female,1.68,54
34937,female,1.65,61
34938,female,1.55,68
34939,male,1.77,56
34940,male,1.68,70
34941,male,1.75,49
34942,male,1.84,47
34943,female,1.65,76
34944,female,1.57,89
34945,male,1.79,62
34946,male,1.73,37
34947,female,1.65,86
34948,female,1.61,81
34949,female,1.6,82
34950,male,1.83,47
34951,male,1.86,52
34952,male,1.7,76
34953,male,1.83,40
34954,male,1.8,61
34955,male,1.75,68
34956,female,1.58,82
34957,male,1.7,73
34958,female,1.65,89
34959,male,1.75,61
34960,female,1.6,54
34961,male,1.86,47
34962,male,1.95,28
34963,male,1.67,68
34964,female,1.66,55
34965,male,1.7,69
34966,male,1.7,64
34967,male,1.65,79
34968,male,1.7,79
34969,male,1.76,73
34970,female,1.65,79
34971,female,1.58,68
34972,female,1.7,29
34973,male,1.77,60
34974,female,1.65,56
34975,male,1.83,67
34976,male,1.8,73
34977,female,1.7,56
34978,female,1.63,60
34979,female,1.65,38
34980,female,1.5,82
34981,female,1.64,63
34982,female,1.59,67
34983,female,1.7,46
34984,male,1.7,85
34985,female,1.57,71
34986,female,1.6,52
34987,female,1.67,57
34988,male,1.69,70
34989,female,1.48,56
34990,male,1.8,67
34991,female,1.58,55
34992,female,1.67,43
34993,male,1.78,75
34994,female,1.56,76
34995,female,1.68,53
34996,male,1.75,63
34997,female,1.67,53
34998,male,1.78,52
34999,female,1.53,54
35000,male,1.75,42
35001,female,1.65,69
35002,female,1.71,43
35003,female,1.52,68
35004,male,1.75,71
35005,male,1.75,54
35006,female,1.63,67
35007,female,1.6,68
35008,female,1.48,67
35009,female,1.65,49
35010,female,1.73,66
35011,female,1.6,68
35012,female,1.62,62
35013,male,1.85,40
35014,female,1.73,43
35015,male,1.85,74
35016,female,1.65,75
35017,male,1.6,68
35018,female,1.78,59
35019,male,1.83,77
35020,male,1.68,68
35021,female,1.5,56
35022,female,1.6,70
35023,male,1.65,74
35024,male,1.68,79
35025,male,1.75,50
35026,male,1.8,71
35027,female,1.5,73
35028,male,1.73,72
35029,male,1.8,45
35030,female,1.69,29
35031,female,1.67,56
35032,male,1.86,57
35033,female,1.7,44
35034,female,1.5,60
35035,female,1.52,67
35036,male,1.83,82
35037,female,1.64,30
35038,male,1.8,65
35039,male,1.82,74
35040,male,1.7,67
35041,female,1.64,64
35042,female,1.5,58
35043,female,1.5,74
35044,female,1.52,66
35045,male,1.88,68
35046,male,1.8,79
35047,female,1.62,74
35048,female,1.73,64
35049,female,1.73,54
35050,female,1.59,69
35051,female,1.63,56
35052,male,1.7,52
35053,male,1.76,69
35054,male,1.7,56
35055,female,1.6,70
35056,male,1.81,67
35057,female,1.63,68
35058,male,1.78,27
35059,female,1.58,79
35060,female,1.72,59
35061,female,1.64,54
35062,female,1.72,56
35063,male,1.7,81
35064,female,1.56,72
35065,female,1.68,38
35066,male,1.8,62
35067,female,1.62,64
35068,female,1.65,62
35069,female,1.7,70
35070,female,1.55,48
35071,male,1.6,53
35072,male,1.71,50
35073,female,1.5,84
35074,female,1.54,69
35075,male,1.86,53
35076,female,1.73,42
35077,male,1.7,49
35078,female,1.6,61
35079,male,1.75,63
35080,female,1.64,69
35081,female,1.65,73
35082,female,1.65,63
35083,male,1.72,67
35084,male,1.74,54
35085,male,1.73,64
35086,male,1.73,42
35087,female,1.64,44
35088,male,1.79,60
35089,male,1.45,61
35090,female,1.64,17
35091,female,1.62,68
35092,male,1.71,54
35093,male,1.68,69
35094,male,1.75,34
35095,male,1.8,54
35096,female,1.65,64
35097,female,1.65,62
35098,female,1.68,63
35099,male,1.82,64
35100,male,1.73,79
35101,female,1.67,54
35102,male,1.76,60
35103,male,1.75,26
35104,male,1.83,62
35105,male,1.76,64
35106,male,1.66,76
35107,male,1.8,54
35108,male,1.65,77
35109,female,1.57,60
35110,female,1.55,58
35111,male,1.71,67
35112,male,1.75,64
35113,female,1.68,82
35114,female,1.68,73
35115,male,1.82,80
35116,female,1.63,68
35117,male,1.71,69
35118,female,1.55,81
35119,female,1.71,68
35120,female,1.66,57
35121,female,1.52,69
35122,female,1.6,60
35123,male,1.85,29
35124,male,1.7,62
35125,male,1.76,58
35126,female,1.6,66
35127,female,1.64,72
35128,male,1.75,65
35129,female,1.6,64
35130,female,1.56,69
35131,female,1.63,64
35132,male,1.81,48
35133,male,1.7,78
35134,female,1.56,62
35135,male,1.83,70
35136,male,1.65,74
35137,male,1.63,60
35138,male,1.67,56
35139,male,1.69,79
35140,male,1.76,54
35141,male,1.92,38
35142,male,1.76,76
35143,male,1.92,40
35144,female,1.6,73
35145,female,1.65,70
35146,female,1.56,77
35147,female,1.66,62
35148,female,1.65,45
35149,male,1.85,41
35150,female,1.67,69
35151,female,1.65,71
35152,male,1.68,65
35153,male,1.67,66
35154,female,1.5,69
35155,female,1.64,53
35156,female,1.72,49
35157,male,1.73,69
35158,female,1.58,74
35159,male,1.7,84
35160,female,1.64,78
35161,female,1.52,63
35162,male,1.75,69
35163,male,1.78,56
35164,female,1.58,57
35165,female,1.63,55
35166,female,1.62,79
35167,female,1.54,66
35168,female,1.65,48
35169,male,1.7,51
35170,male,1.7,46
35171,male,1.72,23
35172,female,1.72,23
35173,male,1.83,47
35174,female,1.55,59
35175,male,2.0,52
35176,female,1.65,31
35177,male,1.84,34
35178,male,1.7,60
35179,female,1.74,39
35180,male,1.72,74
35181,female,1.72,53
35182,male,1.8,52
35183,male,1.72,55
35184,female,1.61,53
35185,female,1.69,45
35186,male,1.3,9
35187,female,1.65,48
35188,female,1.62,67
35189,male,1.8,54
35190,female,1.58,82
35191,female,1.62,71
35192,male,1.6,23
35193,female,1.59,41
35194,female,1.63,49
35195,male,1.7,71
35196,female,1.58,51
35197,male,1.93,71
35198,female,1.58,73
35199,female,1.63,68
35200,male,1.72,31
35201,female,1.58,51
35202,female,1.75,55
35203,male,1.68,67
35204,male,1.81,54
35205,female,1.54,57
35206,female,1.65,52
35207,female,1.64,62
35208,male,1.7,58
35209,female,1.8,40
35210,male,1.7,48
35211,male,1.8,38
35212,male,1.82,35
35213,male,1.8,57
35214,male,1.67,72
35215,female,1.7,21
35216,male,1.73,45
35217,female,1.6,45
35218,female,1.5,56
35219,male,1.78,72
35220,female,1.7,68
35221,female,1.6,68
35222,female,1.69,38
35223,male,1.83,26
35224,female,1.7,52
35225,female,1.6,59
35226,male,1.79,53
35227,female,1.64,72
35228,female,1.6,77
35229,male,1.63,58
35230,female,1.6,71
35231,female,1.64,71
35232,male,1.8,59
35233,male,1.63,62
35234,female,1.6,76
35235,male,1.84,29
35236,female,1.6,77
35237,male,1.71,48
35238,male,1.75,69
35239,female,1.61,60
35240,male,1.83,22
35241,female,1.58,59
35242,female,1.7,48
35243,female,1.67,49
35244,female,1.65,58
35245,male,1.78,49
35246,female,1.62,42
35247,female,1.7,64
35248,male,1.82,70
35249,male,1.7,83
35250,female,1.58,69
35251,male,1.8,55
35252,male,1.72,73
35253,female,1.75,89
35254,male,1.82,51
35255,female,1.62,47
35256,male,1.76,70
35257,female,1.79,59
35258,male,1.7,83
35259,male,1.68,74
35260,female,1.65,76
35261,male,1.73,55
35262,male,1.78,36
35263,female,1.64,70
35264,female,1.62,46
35265,male,1.75,56
35266,female,1.7,44
35267,female,1.54,42
35268,female,1.63,43
35269,female,1.57,30
35270,male,1.74,50
35271,female,1.55,63
35272,female,1.7,57
35273,male,1.73,73
35274,male,1.86,46
35275,female,1.7,73
35276,male,1.84,63
35277,male,1.65,52
35278,female,1.5,84
35279,male,1.7,20
35280,female,1.69,56
35281,female,1.6,62
35282,male,1.73,85
35283,female,1.65,76
35284,female,1.5,78
35285,female,1.64,59
35286,male,1.63,78
35287,female,1.56,63
35288,female,1.62,46
35289,female,1.7,65
35290,male,1.8,74
35291,male,1.8,58
35292,female,1.56,70
35293,male,1.83,54
35294,female,1.6,71
35295,male,1.8,57
35296,female,1.62,72
35297,female,1.72,54
35298,female,1.52,53
35299,female,1.65,63
35300,male,1.68,68
35301,male,1.67,67
35302,female,1.6,78
35303,female,1.65,35
35304,male,1.85,23
35305,male,1.71,71
35306,male,1.75,44
35307,female,1.7,71
35308,male,1.75,68
35309,female,1.75,24
35310,male,1.72,66
35311,female,1.78,50
35312,male,1.8,51
35313,female,1.68,69
35314,female,1.57,79
35315,male,1.78,60
35316,female,1.65,65
35317,female,1.5,73
35318,female,1.64,81
35319,female,1.63,73
35320,male,1.72,68
35321,female,1.54,69
35322,male,1.71,67
35323,male,1.73,58
35324,male,1.69,67
35325,female,1.7,47
35326,female,1.62,83
35327,female,1.45,72
35328,female,1.67,35
35329,male,1.82,73
35330,female,1.72,73
35331,male,1.72,47
35332,male,1.65,63
35333,female,1.55,62
35334,male,1.87,32
35335,female,1.63,58
35336,male,1.65,65
35337,female,1.53,63
35338,female,1.54,69
35339,male,1.6,77
35340,male,1.63,63
35341,female,1.62,29
35342,female,1.66,65
35343,male,1.7,48
35344,male,1.72,63
35345,male,1.89,55
35346,female,1.68,59
35347,male,1.74,43
35348,female,1.62,69
35349,male,1.85,50
35350,male,1.88,54
35351,female,1.58,44
35352,male,1.7,53
35353,female,1.56,33
35354,female,1.58,79
35355,female,1.72,77
35356,female,1.6,82
35357,female,1.64,33
35358,male,1.7,84
35359,female,1.68,61
35360,male,1.75,69
35361,male,1.67,59
35362,female,1.63,88
35363,male,1.72,67
35364,female,1.51,85
35365,female,1.6,80
35366,male,1.68,82
35367,male,1.85,71
35368,female,1.56,85
35369,male,1.65,72
35370,male,1.7,54
35371,female,1.6,68
35372,male,1.61,70
35373,female,1.78,72
35374,male,1.74,46
35375,male,1.88,72
35376,male,1.78,64
35377,male,1.77,71
35378,female,1.68,47
35379,male,1.76,55
35380,male,1.75,69
35381,male,1.8,73
35382,male,1.75,57
35383,male,1.65,67
35384,male,1.65,58
35385,female,1.66,77
35386,male,1.66,57
35387,female,1.65,32
35388,male,1.65,77
35389,male,1.72,81
35390,male,1.73,77
35391,female,1.7,32
35392,male,1.75,70
35393,female,1.6,85
35394,male,1.72,75
35395,male,1.8,35
35396,male,1.7,74
35397,female,1.4,51
35398,female,1.52,53
35399,male,1.76,53
35400,male,1.68,67
35401,female,1.64,41
35402,male,1.78,29
35403,male,1.7,23
35404,male,1.7,67
35405,male,1.72,67
35406,female,1.73,41
35407,male,1.83,81
35408,male,1.8,65
35409,female,1.68,36
35410,female,1.6,76
35411,female,1.5,65
35412,female,1.67,53
35413,male,1.73,50
35414,male,1.1,57
35415,female,1.58,58
35416,female,1.58,78
35417,female,1.68,59
35418,male,1.75,49
35419,female,1.68,55
35420,male,1.82,71
35421,male,1.72,54
35422,male,1.87,49
35423,male,1.87,54
35424,female,1.67,81
35425,male,1.81,50
35426,male,1.8,76
35427,male,1.83,18
35428,female,1.56,59
35429,female,1.73,54
35430,female,1.55,66
35431,male,1.87,46
35432,male,1.85,67
35433,female,1.6,88
35434,male,1.87,38
35435,female,1.5,77
35436,female,1.74,45
35437,female,1.72,47
35438,male,1.85,68
35439,female,1.62,52
35440,male,1.85,49
35441,female,1.55,41
35442,male,1.8,60
35443,female,1.64,70
35444,female,1.64,66
35445,male,1.7,55
35446,male,1.76,93
35447,female,1.62,41
35448,female,1.67,63
35449,male,1.72,80
35450,female,1.52,74
35451,female,1.68,40
35452,female,1.55,74
35453,female,1.7,63
35454,female,1.66,62
35455,female,1.5,58
35456,female,1.68,56
35457,male,1.73,57
35458,female,1.65,79
35459,male,1.72,75
35460,male,1.76,74
35461,male,1.85,80
35462,female,1.5,70
35463,female,1.81,69
35464,female,1.65,67
35465,male,1.81,36
35466,female,1.72,68
35467,male,1.63,60
35468,male,1.8,60
35469,male,1.68,80
35470,male,1.86,44
35471,male,1.62,65
35472,male,1.71,59
35473,male,1.55,62
35474,female,1.55,52
35475,male,1.64,68
35476,male,1.78,25
35477,female,1.65,62
35478,male,1.84,48
35479,male,1.73,60
35480,female,1.7,68
35481,female,1.67,61
35482,male,1.76,63
35483,female,1.71,59
35484,female,1.64,61
35485,male,1.65,86
35486,female,1.62,62
35487,female,1.62,66
35488,male,1.85,69
35489,female,1.57,78
35490,male,1.81,34
35491,male,1.79,16
35492,female,1.6,60
35493,male,1.75,65
35494,male,1.78,65
35495,female,1.61,44
35496,male,1.76,66
35497,male,1.72,78
35498,male,1.85,43
35499,male,1.65,68
35500,female,1.69,39
35501,female,1.58,52
35502,female,1.7,49
35503,male,1.76,65
35504,male,1.76,18
35505,male,1.86,38
35506,female,1.71,77
35507,male,1.71,73
35508,male,1.8,68
35509,male,1.73,63
35510,female,1.65,54
35511,female,1.67,65
35512,male,1.6,69
35513,female,1.65,55
35514,male,1.79,28
35515,male,1.75,68
35516,male,1.83,45
35517,male,1.8,47
35518,female,1.65,72
35519,female,1.68,80
35520,female,1.63,59
35521,male,1.8,55
35522,female,1.64,72
35523,male,1.75,86
35524,male,1.87,68
35525,female,1.6,67
35526,male,1.76,68
35527,female,1.6,55
35528,male,1.72,73
35529,female,1.67,49
35530,male,1.78,48
35531,male,1.72,75
35532,female,1.6,18
35533,male,1.75,64
35534,female,1.75,34
35535,female,1.65,34
35536,male,0.65,43
35537,female,1.64,52
35538,male,1.85,47
35539,male,1.74,64
35540,female,1.58,47
35541,male,1.68,75
35542,female,1.5,84
35543,male,1.6,54
35544,male,1.68,64
35545,female,1.8,52
35546,male,1.65,76
35547,female,1.63,46
35548,male,1.95,47
35549,female,1.65,75
35550,female,1.65,74
35551,male,1.7,72
35552,male,1.76,40
35553,male,1.7,86
35554,male,1.75,64
35555,female,1.7,73
35556,female,1.74,29
35557,female,1.7,77
35558,male,1.68,73
35559,male,1.85,17
35560,male,1.75,37
35561,female,1.63,71
35562,male,1.78,60
35563,male,1.72,67
35564,female,1.7,35
35565,male,1.75,69
35566,female,1.7,76
35567,female,1.65,56
35568,female,1.7,67
35569,male,1.78,70
35570,female,1.58,88
35571,female,1.65,75
35572,female,1.65,81
35573,male,1.8,36
35574,female,1.6,43
35575,male,1.82,42
35576,female,1.65,67
35577,female,1.58,71
35578,female,1.73,46
35579,female,1.76,52
35580,female,1.67,18
35581,male,1.76,55
35582,female,1.7,66
35583,male,1.74,49
35584,female,1.58,27
35585,male,1.82,66
35586,male,1.7,31
35587,male,1.68,71
35588,female,1.78,52
35589,male,1.83,57
35590,female,1.68,49
35591,male,1.6,68
35592,male,1.85,58
35593,female,1.5,77
35594,female,1.51,66
35595,female,1.65,59
35596,female,1.6,72
35597,male,1.65,60
35598,female,1.58,73
35599,male,1.78,46
35600,female,1.68,56
35601,male,1.87,51
35602,female,1.58,54
35603,female,1.5,85
35604,male,1.94,29
35605,male,1.8,60
35606,male,1.7,63
35607,male,1.7,59
35608,female,1.7,68
35609,male,1.78,46
35610,male,1.82,53
35611,female,1.65,45
35612,female,1.64,72
35613,male,1.8,57
35614,female,1.56,69
35615,female,1.7,57
35616,female,1.63,71
35617,female,1.74,48
35618,male,1.73,58
35619,female,1.6,47
35620,female,1.62,61
35621,female,1.6,44
35622,female,1.63,78
35623,male,1.81,56
35624,male,1.68,73
35625,female,1.68,17
35626,male,1.68,50
35627,female,1.7,54
35628,female,1.76,67
35629,female,1.5,74
35630,female,1.5,52
35631,female,1.55,37
35632,male,1.82,55
35633,male,1.82,73
35634,male,1.73,55
35635,male,1.85,72
35636,male,1.74,64
35637,male,1.7,74
35638,male,1.71,67
35639,female,1.77,38
35640,female,1.7,41
35641,female,1.62,69
35642,male,1.73,70
35643,female,1.68,79
35644,female,1.75,67
35645,female,1.65,41
35646,male,1.7,61
35647,female,1.6,75
35648,female,1.6,64
35649,male,1.74,52
35650,male,1.98,56
35651,female,1.68,65
35652,female,1.6,70
35653,male,1.82,69
35654,female,1.56,69
35655,female,1.5,71
35656,male,1.88,69
35657,male,1.82,32
35658,male,1.82,21
35659,female,1.63,66
35660,male,1.8,50
35661,male,1.7,78
35662,male,1.8,69
35663,female,1.57,61
35664,male,1.75,71
35665,male,1.8,72
35666,male,1.68,72
35667,female,1.65,47
35668,male,1.82,67
35669,female,1.68,69
35670,female,1.57,66
35671,male,1.65,44
35672,female,1.62,69
35673,female,1.63,63
35674,female,1.65,57
35675,female,1.6,44
35676,male,1.83,47
35677,female,1.67,59
35678,female,1.65,59
35679,female,1.6,69
35680,female,1.58,79
35681,female,1.46,79
35682,male,1.6,52
35683,male,1.82,46
35684,female,1.65,75
35685,female,1.74,30
35686,female,1.64,50
35687,male,1.79,61
35688,female,1.58,84
35689,female,1.65,72
35690,female,1.65,24
35691,female,1.65,58
35692,female,1.6,79
35693,male,1.7,37
35694,female,1.8,49
35695,male,1.65,64
35696,male,1.75,84
35697,female,1.67,64
35698,male,1.63,78
35699,female,1.44,74
35700,female,1.63,47
35701,male,1.75,54
35702,female,1.6,71
35703,female,1.65,80
35704,female,1.66,58
35705,female,1.65,40
35706,female,1.67,53
35707,female,1.67,80
35708,male,1.83,62
35709,male,1.83,63
35710,male,1.8,50
35711,male,1.9,54
35712,male,1.67,48
35713,female,1.52,78
35714,male,1.76,65
35715,female,1.6,65
35716,female,1.55,70
35717,female,1.74,43
35718,female,1.64,58
35719,male,1.7,56
35720,female,1.65,70
35721,male,1.8,69
35722,male,1.7,80
35723,female,1.64,59
35724,female,1.63,61
35725,male,1.68,76
35726,male,1.9,49
35727,female,1.52,67
35728,female,1.64,47
35729,male,1.8,48
35730,male,1.7,69
35731,male,1.91,64
35732,female,1.6,56
35733,female,1.68,53
35734,female,1.5,75
35735,female,1.68,61
35736,female,1.45,76
35737,male,1.76,76
35738,male,1.8,58
35739,male,1.74,72
35740,male,1.76,30
35741,female,1.78,66
35742,female,1.75,64
35743,female,1.65,30
35744,male,1.6,48
35745,male,1.6,76
35746,male,1.9,69
35747,female,1.61,58
35748,male,1.72,55
35749,male,1.74,37
35750,female,1.6,78
35751,female,1.57,67
35752,female,1.56,80
35753,male,1.8,52
35754,female,1.53,40
35755,female,1.65,82
35756,female,1.56,92
35757,male,1.75,32
35758,female,1.66,79
35759,female,1.71,38
35760,male,1.72,56
35761,male,1.74,67
35762,male,1.83,63
35763,female,1.57,53
35764,female,1.58,65
35765,male,1.7,71
35766,female,1.64,54
35767,female,1.65,37
35768,female,1.65,28
35769,female,1.64,65
35770,female,1.6,72
35771,female,1.5,56
35772,male,1.76,39
35773,female,1.6,58
35774,female,1.72,64
35775,female,1.6,51
35776,female,1.75,28
35777,male,1.8,48
35778,female,1.67,68
35779,female,1.6,37
35780,male,1.78,32
35781,male,1.8,83
35782,female,1.7,77
35783,male,1.81,81
35784,female,1.6,63
35785,male,1.7,75
35786,male,1.7,70
35787,male,1.81,50
35788,male,1.8,77
35789,male,1.78,67
35790,male,1.68,78
35791,female,1.6,67
35792,female,1.7,59
35793,female,1.74,50
35794,male,1.85,49
35795,female,1.56,61
35796,female,1.56,71
35797,female,1.76,51
35798,female,1.6,63
35799,male,1.8,46
35800,male,1.76,66
35801,female,1.6,48
35802,female,1.7,65
35803,female,1.65,69
35804,male,1.8,60
35805,male,1.75,80
35806,female,1.65,68
35807,male,1.86,61
35808,male,1.76,71
35809,female,1.64,42
35810,male,1.68,64
35811,male,1.85,79
35812,female,1.63,69
35813,female,1.72,55
35814,female,1.64,52
35815,female,1.6,73
35816,female,1.65,64
35817,female,1.56,51
35818,female,1.6,69
35819,male,1.74,62
35820,female,1.67,38
35821,female,1.6,45
35822,female,1.64,58
35823,female,1.6,70
35824,male,1.88,44
35825,female,1.6,49
35826,male,1.73,77
35827,male,1.75,48
35828,female,1.55,73
35829,male,1.65,53
35830,male,1.7,57
35831,female,1.7,44
35832,female,1.61,73
35833,female,1.72,76
35834,male,1.7,69
35835,male,1.68,62
35836,male,1.7,62
35837,male,1.86,60
35838,female,1.69,44
35839,female,1.63,48
35840,female,1.67,77
35841,male,1.76,45
35842,male,1.83,67
35843,male,1.89,78
35844,female,1.7,54
35845,male,1.79,66
35846,female,1.6,81
35847,male,1.84,53
35848,male,1.77,49
35849,female,1.64,62
35850,male,1.75,69
35851,female,1.68,42
35852,female,1.64,66
35853,female,1.64,64
35854,male,1.7,59
35855,male,1.76,77
35856,male,1.88,59
35857,female,1.67,36
35858,female,1.6,88
35859,female,1.64,37
35860,male,1.73,49
35861,male,1.83,75
35862,female,1.7,45
35863,female,1.63,70
35864,male,1.82,60
35865,male,1.67,68
35866,male,1.8,36
35867,male,1.6,69
35868,male,1.6,65
35869,female,1.65,53
35870,female,1.52,63
35871,female,1.55,73
35872,female,1.74,60
35873,male,1.9,40
35874,female,1.64,80
35875,male,1.79,47
35876,female,1.8,31
35877,female,1.58,62
35878,female,1.5,59
35879,female,1.65,72
35880,male,1.76,85
35881,male,1.83,28
35882,male,1.7,54
35883,female,1.62,61
35884,female,1.72,75
35885,female,1.69,61
35886,female,1.63,61
35887,female,1.65,30
35888,male,1.75,68
35889,female,1.53,71
35890,female,1.5,70
35891,female,1.58,64
35892,female,1.61,44
35893,male,1.78,45
35894,male,1.75,63
35895,male,1.74,37
35896,female,1.65,33
35897,male,1.82,58
35898,male,1.76,48
35899,male,1.8,75
35900,male,1.8,54
35901,male,1.89,63
35902,female,1.64,41
35903,male,1.92,48
35904,male,1.94,43
35905,male,1.78,50
35906,female,1.7,59
35907,female,1.64,59
35908,male,1.73,49
35909,female,1.6,64
35910,female,1.68,62
35911,female,1.55,24
35912,female,1.65,84
35913,male,1.83,37
35914,female,1.7,62
35915,male,1.78,61
35916,female,1.59,63
35917,male,1.75,48
35918,male,1.8,50
35919,male,1.83,63
35920,female,1.63,44
35921,female,1.5,66
35922,male,1.81,52
35923,female,1.64,48
35924,female,1.63,74
35925,male,1.65,78
35926,female,1.75,45
35927,female,1.62,55
35928,female,1.59,56
35929,female,1.58,57
35930,male,1.65,77
35931,male,1.82,71
35932,female,1.68,75
35933,male,1.78,60
35934,female,1.65,57
35935,female,1.6,83
35936,female,1.55,63
35937,female,1.59,53
35938,male,1.83,71
35939,female,1.67,81
35940,female,1.68,45
35941,male,1.75,18
35942,male,1.8,55
35943,female,1.65,63
35944,male,1.86,16
35945,female,1.55,73
35946,male,1.65,33
35947,female,1.57,83
35948,male,1.76,43
35949,female,1.55,64
35950,male,1.6,74
35951,male,1.7,52
35952,female,1.65,57
35953,male,1.82,66
35954,female,1.61,70
35955,male,1.73,69
35956,male,1.79,81
35957,female,1.47,40
35958,male,1.64,64
35959,female,1.6,70
35960,female,1.57,79
35961,female,1.64,82
35962,male,1.75,41
35963,male,1.8,81
35964,female,1.58,65
35965,male,1.76,61
35966,female,1.6,44
35967,female,1.62,76
35968,male,1.8,23
35969,female,1.68,67
35970,male,1.65,60
35971,male,1.72,76
35972,female,1.5,74
35973,male,1.8,55
35974,female,1.55,85
35975,male,1.9,77
35976,female,1.56,75
35977,male,1.86,61
35978,male,1.68,73
35979,male,1.74,57
35980,male,1.66,79
35981,male,1.77,70
35982,female,1.75,71
35983,male,1.8,38
35984,male,1.76,72
35985,female,1.74,53
35986,female,1.6,78
35987,male,1.8,34
35988,female,1.78,47
35989,female,1.54,54
35990,male,1.78,36
35991,male,1.67,64
35992,female,1.62,55
35993,male,1.89,54
35994,male,1.75,73
35995,male,1.8,50
35996,male,1.65,52
35997,female,1.65,69
35998,male,1.87,58
35999,male,1.75,59
36000,female,1.65,73
36001,female,1.58,65
36002,female,1.68,42
36003,female,1.56,76
36004,male,1.71,60
36005,male,1.75,54
36006,female,1.53,61
36007,female,1.7,55
36008,male,1.62,73
36009,female,1.65,51
36010,female,1.65,52
36011,male,1.7,71
36012,male,1.8,74
36013,female,1.65,67
36014,male,1.85,71
36015,female,1.63,71
36016,female,1.65,75
36017,male,1.76,62
36018,female,1.57,69
36019,female,1.62,80
36020,female,1.6,64
36021,male,1.73,63
36022,female,1.67,40
36023,male,1.8,72
36024,female,1.67,60
36025,female,1.65,54
36026,male,1.75,47
36027,male,1.72,77
36028,female,1.56,61
36029,male,1.87,43
36030,male,1.7,77
36031,male,1.75,63
36032,male,1.82,85
36033,female,1.65,45
36034,male,1.78,68
36035,female,1.64,60
36036,female,1.6,30
36037,female,1.6,76
36038,female,1.6,64
36039,female,1.64,64
36040,female,1.57,67
36041,male,1.71,80
36042,female,1.58,76
36043,male,1.67,76
36044,male,1.72,77
36045,male,1.76,48
36046,male,1.74,52
36047,female,1.64,78
36048,female,1.7,44
36049,female,1.6,65
36050,female,1.64,74
36051,female,1.54,53
36052,female,1.5,58
36053,male,1.68,74
36054,female,1.58,82
36055,female,1.65,46
36056,female,1.65,61
36057,female,1.63,81
36058,female,1.72,74
36059,female,1.6,77
36060,male,1.82,30
36061,male,1.68,70
36062,female,1.58,65
36063,female,1.7,33
36064,female,1.5,90
36065,female,1.75,69
36066,male,1.67,72
36067,female,1.53,52
36068,male,1.76,73
36069,male,1.73,36
36070,male,1.76,66
36071,female,1.61,41
36072,male,1.74,76
36073,male,1.78,62
36074,male,1.87,19
36075,male,1.65,75
36076,female,1.65,72
36077,female,1.64,60
36078,female,1.55,24
36079,female,1.68,46
36080,male,1.76,84
36081,male,1.65,76
36082,female,1.61,49
36083,male,1.85,67
36084,female,1.65,69
36085,male,1.87,57
36086,male,1.7,74
36087,male,1.76,57
36088,male,1.7,45
36089,male,1.63,49
36090,male,1.8,68
36091,male,1.62,60
36092,female,1.58,55
36093,male,1.9,76
36094,female,1.6,70
36095,male,1.7,55
36096,male,1.74,70
36097,male,1.78,69
36098,male,1.75,69
36099,female,1.58,72
36100,female,1.68,46
36101,female,1.6,75
36102,male,1.7,76
36103,female,1.75,69
36104,female,1.62,40
36105,female,1.63,61
36106,female,1.5,66
36107,female,1.7,55
36108,female,1.5,60
36109,female,1.63,45
36110,male,1.75,49
36111,male,1.72,68
36112,female,1.5,83
36113,male,1.91,45
36114,male,1.8,89
36115,female,1.6,74
36116,female,1.53,88
36117,male,1.67,53
36118,female,1.7,82
36119,male,1.76,76
36120,female,1.66,55
36121,male,1.75,69
36122,female,1.66,64
36123,male,1.72,81
36124,male,1.75,63
36125,male,1.7,64
36126,male,1.83,65
36127,male,1.88,58
36128,female,1.52,81
36129,female,1.66,52
36130,male,1.59,45
36131,female,1.6,73
36132,female,1.5,24
36133,male,1.78,69
36134,male,1.76,65
36135,male,1.78,58
36136,female,1.7,66
36137,male,1.72,45
36138,male,1.78,60
36139,male,1.72,81
36140,female,1.56,46
36141,male,1.82,69
36142,male,1.6,61
36143,female,1.6,68
36144,female,1.5,58
36145,female,1.67,57
36146,female,1.82,52
36147,female,1.65,69
36148,female,1.58,62
36149,male,1.92,50
36150,male,1.78,50
36151,male,1.9,62
36152,male,1.8,38
36153,female,1.68,78
36154,male,1.68,67
36155,male,1.7,79
36156,male,1.6,78
36157,female,1.6,67
36158,male,1.8,62
36159,male,1.68,65
36160,female,1.62,34
36161,male,1.83,68
36162,male,1.7,74
36163,female,1.7,85
36164,female,1.6,67
36165,male,1.98,66
36166,female,1.65,79
36167,female,1.65,51
36168,female,1.6,75
36169,female,1.65,53
36170,female,1.74,52
36171,female,1.64,47
36172,female,1.65,63
36173,male,1.64,61
36174,male,1.77,56
36175,male,1.8,30
36176,female,1.58,66
36177,female,1.6,33
36178,female,1.58,52
36179,female,1.6,50
36180,male,1.73,50
36181,male,1.9,43
36182,female,1.5,68
36183,female,1.64,66
36184,female,1.62,73
36185,female,1.54,55
36186,female,1.8,44
36187,female,1.6,74
36188,female,1.74,49
36189,male,1.76,81
36190,male,1.77,36
36191,male,1.65,90
36192,female,1.58,64
36193,female,1.6,74
36194,male,1.76,33
36195,male,1.66,66
36196,male,1.75,78
36197,male,1.74,47
36198,female,1.61,71
36199,female,1.53,71
36200,male,1.8,72
36201,female,1.64,74
36202,female,1.6,67
36203,male,1.7,91
36204,female,1.63,48
36205,female,1.64,75
36206,female,1.64,44
36207,male,1.8,63
36208,male,1.73,68
36209,male,1.75,77
36210,female,1.58,69
36211,male,1.7,60
36212,female,1.72,36
36213,male,1.75,46
36214,female,1.62,70
36215,male,1.68,67
36216,female,1.6,68
36217,female,1.58,76
36218,female,1.6,81
36219,male,1.7,64
36220,female,1.66,68
36221,female,1.62,41
36222,female,1.7,43
36223,male,1.8,47
36224,female,1.45,48
36225,female,1.64,54
36226,male,1.75,68
36227,female,1.6,47
36228,male,1.75,48
36229,female,1.52,77
36230,female,1.6,84
36231,female,1.5,53
36232,female,1.58,76
36233,male,1.7,65
36234,female,1.63,52
36235,male,1.76,62
36236,female,1.53,56
36237,male,1.65,36
36238,female,1.64,72
36239,female,1.6,69
36240,male,1.9,36
36241,male,1.7,80
36242,female,1.72,51
36243,female,1.63,42
36244,male,1.7,70
36245,female,1.52,44
36246,male,1.7,57
36247,female,1.73,23
36248,male,1.8,34
36249,female,1.58,72
36250,female,1.55,55
36251,male,1.83,65
36252,female,1.74,38
36253,female,1.75,52
36254,male,1.7,72
36255,male,1.8,42
36256,female,1.56,60
36257,female,1.63,80
36258,female,1.64,63
36259,male,1.72,67
36260,male,1.65,46
36261,male,1.82,49
36262,male,1.76,63
36263,female,1.6,60
36264,male,1.67,74
36265,male,1.84,53
36266,male,1.7,72
36267,female,1.51,73
36268,female,1.58,69
36269,female,1.5,75
36270,female,1.58,53
36271,female,1.65,69
36272,male,1.78,79
36273,female,1.52,71
36274,male,1.65,74
36275,female,1.53,64
36276,female,1.6,69
36277,male,1.75,67
36278,male,1.67,72
36279,female,1.5,74
36280,female,1.68,52
36281,female,1.58,44
36282,female,1.7,42
36283,male,1.6,90
36284,female,1.64,35
36285,female,1.65,64
36286,female,1.6,74
36287,female,1.6,78
36288,female,1.72,74
36289,female,1.56,52
36290,male,1.73,68
36291,male,1.75,74
36292,female,1.57,79
36293,male,1.6,72
36294,female,1.5,73
36295,female,1.65,80
36296,female,1.6,69
36297,female,1.69,74
36298,male,1.84,40
36299,female,1.64,59
36300,female,1.58,60
36301,male,1.76,84
36302,male,1.75,44
36303,female,1.55,72
36304,female,1.7,47
36305,female,1.63,61
36306,female,1.7,74
36307,male,1.75,81
36308,male,1.7,84
36309,female,1.67,62
36310,female,1.07,39
36311,male,1.72,59
36312,female,1.65,75
36313,female,1.58,67
36314,female,1.63,57
36315,male,1.86,70
36316,female,1.52,83
36317,female,1.6,72
36318,male,1.82,68
36319,female,1.71,19
36320,male,1.85,57
36321,female,1.58,56
36322,female,1.6,77
36323,female,1.7,86
36324,female,1.67,76
36325,male,1.75,78
36326,male,1.88,46
36327,male,1.65,58
36328,male,1.92,42
36329,male,1.67,72
36330,male,1.68,55
36331,female,1.72,51
36332,male,1.75,73
36333,male,1.76,79
36334,male,1.8,70
36335,female,1.7,74
36336,male,1.7,67
36337,male,1.75,71
36338,female,1.64,47
36339,male,1.76,68
36340,female,1.65,50
36341,female,1.56,79
36342,female,1.7,28
36343,male,1.65,82
36344,female,1.54,55
36345,female,1.6,72
36346,female,1.5,46
36347,female,1.55,85
36348,male,1.7,69
36349,male,1.79,62
36350,female,1.65,50
36351,female,1.63,81
36352,female,1.7,72
36353,male,1.65,85
36354,female,1.8,43
36355,male,1.77,21
36356,male,1.73,46
36357,male,1.75,71
36358,male,1.62,36
36359,female,1.58,52
36360,male,1.74,55
36361,female,1.58,67
36362,male,1.7,71
36363,male,1.87,55
36364,female,1.65,63
36365,male,1.76,74
36366,male,1.65,29
36367,female,1.65,73
36368,female,1.6,65
36369,male,1.7,70
36370,female,1.6,91
36371,female,1.69,43
36372,male,1.85,73
36373,female,1.57,76
36374,male,1.65,74
36375,male,1.78,55
36376,female,1.52,67
36377,female,1.58,66
36378,male,1.9,58
36379,male,1.79,38
36380,female,1.6,67
36381,female,1.65,81
36382,male,1.82,71
36383,male,1.8,72
36384,male,1.75,54
36385,male,1.72,46
36386,male,1.87,53
36387,female,1.63,48
36388,female,1.68,64
36389,female,1.65,42
36390,female,1.7,65
36391,male,1.83,47
36392,male,1.75,57
36393,male,1.8,41
36394,female,1.65,73
36395,female,1.62,34
36396,male,1.8,68
36397,male,1.89,47
36398,female,1.64,44
36399,female,1.72,51
36400,male,1.7,58
36401,male,1.7,85
36402,male,1.7,64
36403,female,1.6,67
36404,female,1.77,52
36405,male,1.8,79
36406,female,1.55,85
36407,female,1.56,80
36408,male,1.8,49
36409,male,1.75,62
36410,male,1.65,77
36411,male,1.66,57
36412,female,1.7,48
36413,male,1.78,83
36414,female,1.6,54
36415,female,1.6,63
36416,male,1.65,43
36417,female,1.55,60
36418,female,1.6,75
36419,female,1.74,66
36420,female,1.65,58
36421,female,1.6,86
36422,female,1.69,68
36423,female,1.75,67
36424,female,1.48,69
36425,female,1.66,78
36426,female,1.56,56
36427,female,1.65,53
36428,male,1.68,66
36429,female,1.7,75
36430,male,1.76,66
36431,female,1.5,54
36432,female,1.53,85
36433,female,1.72,62
36434,female,1.52,33
36435,male,1.78,73
36436,male,1.83,61
36437,male,1.75,65
36438,female,1.56,54
36439,male,1.78,64
36440,male,1.92,67
36441,female,1.6,50
36442,female,1.58,61
36443,female,1.75,37
36444,male,1.5,64
36445,female,1.65,60
36446,female,1.65,73
36447,female,1.73,62
36448,male,1.75,90
36449,female,1.65,60
36450,female,1.64,72
36451,male,1.74,70
36452,female,1.72,75
36453,male,1.78,68
36454,male,1.63,71
36455,male,1.7,62
36456,male,1.75,68
36457,female,1.75,42
36458,male,1.82,65
36459,female,1.63,88
36460,female,1.73,43
36461,female,1.54,78
36462,male,1.7,54
36463,male,1.72,73
36464,male,1.65,84
36465,female,1.65,76
36466,female,1.59,61
36467,female,1.52,66
36468,female,1.62,65
36469,male,1.78,69
36470,male,1.68,61
36471,female,1.61,63
36472,male,1.73,58
36473,female,1.62,54
36474,female,1.63,31
36475,female,1.57,21
36476,female,1.5,51
36477,female,1.63,31
36478,male,1.65,45
36479,male,1.71,73
36480,male,1.75,51
36481,female,1.5,61
36482,female,1.61,57
36483,female,1.59,58
36484,male,1.78,70
36485,female,1.58,75
36486,female,1.6,65
36487,female,1.7,81
36488,female,1.5,67
36489,female,1.55,71
36490,female,1.75,80
36491,male,1.76,59
36492,male,1.74,75
36493,female,1.58,69
36494,male,1.76,42
36495,male,1.7,73
36496,male,1.72,64
36497,male,1.66,75
36498,female,1.54,47
36499,female,1.65,74
36500,male,1.74,53
36501,female,1.55,31
36502,female,1.62,67
36503,female,1.68,78
36504,female,1.58,55
36505,female,1.72,81
36506,male,1.35,8
36507,female,1.6,56
36508,male,1.76,47
36509,female,1.76,55
36510,female,1.65,58
36511,male,1.8,72
36512,female,1.63,64
36513,male,1.77,46
36514,female,1.67,62
36515,female,1.58,78
36516,male,1.56,51
36517,female,1.67,45
36518,female,1.5,73
36519,male,1.78,55
36520,female,1.64,56
36521,male,1.72,78
36522,male,1.62,78
36523,male,1.86,48
36524,male,1.75,76
36525,female,1.58,80
36526,female,1.53,67
36527,female,1.51,66
36528,female,1.6,44
36529,female,1.7,45
36530,male,1.7,65
36531,male,1.7,48
36532,male,1.7,81
36533,female,1.62,65
36534,male,1.7,55
36535,male,1.75,65
36536,male,1.9,67
36537,female,1.55,63
36538,female,1.65,84
36539,female,1.7,67
36540,female,1.68,67
36541,male,1.72,63
36542,female,1.65,52
36543,male,1.93,30
36544,female,1.6,60
36545,female,1.64,51
36546,male,1.86,46
36547,female,1.65,74
36548,female,1.68,46
36549,male,1.83,59
36550,female,1.59,55
36551,male,1.75,74
36552,male,1.78,60
36553,female,1.6,80
36554,male,1.72,86
36555,male,1.72,52
36556,male,1.73,62
36557,female,1.6,72
36558,female,1.56,63
36559,male,1.72,73
36560,male,1.75,66
36561,male,1.75,35
36562,female,1.63,28
36563,female,1.6,78
36564,male,1.8,63
36565,male,1.74,49
36566,female,1.58,71
36567,female,1.7,52
36568,male,1.62,92
36569,female,1.6,56
36570,female,1.5,81
36571,female,1.64,42
36572,female,1.75,50
36573,female,1.7,44
36574,male,1.8,74
36575,male,1.83,70
36576,female,1.55,84
36577,male,1.8,52
36578,male,1.79,55
36579,male,1.83,60
36580,male,1.7,69
36581,female,1.65,35
36582,female,1.64,46
36583,male,1.65,62
36584,male,1.7,73
36585,male,1.8,47
36586,male,1.8,70
36587,male,1.51,78
36588,male,1.68,73
36589,male,1.78,76
36590,female,1.52,58
36591,male,1.7,64
36592,female,1.59,56
36593,female,1.7,69
36594,female,1.67,74
36595,female,1.62,49
36596,male,1.72,57
36597,male,1.69,72
36598,male,1.8,60
36599,female,1.63,67
36600,male,1.78,79
36601,female,1.78,34
36602,female,1.51,89
36603,male,1.67,88
36604,male,1.7,78
36605,female,1.6,89
36606,female,1.62,75
36607,male,1.6,84
36608,male,1.72,73
36609,female,1.65,58
36610,male,1.75,70
36611,female,1.45,58
36612,male,1.88,50
36613,male,1.75,62
36614,male,1.74,70
36615,male,1.85,65
36616,female,1.69,51
36617,female,1.58,68
36618,female,1.6,71
36619,male,1.7,71
36620,female,1.7,77
36621,male,1.65,60
36622,male,1.75,73
36623,male,1.27,56
36624,female,1.6,67
36625,male,1.77,72
36626,male,1.57,87
36627,female,1.63,71
36628,female,1.6,73
36629,male,1.74,72
36630,male,1.83,70
36631,male,1.8,51
36632,male,1.8,67
36633,male,1.87,65
36634,male,1.79,50
36635,female,1.7,71
36636,female,1.53,58
36637,female,1.65,42
36638,male,1.8,69
36639,female,1.6,47
36640,male,1.7,66
36641,female,1.48,73
36642,male,1.91,34
36643,female,1.7,29
36644,male,1.73,77
36645,female,1.67,52
36646,male,1.7,61
36647,female,1.55,68
36648,female,1.58,59
36649,female,1.78,73
36650,male,1.65,64
36651,female,1.67,78
36652,female,1.6,75
36653,female,1.64,59
36654,female,1.58,64
36655,male,1.8,73
36656,male,1.72,85
36657,male,1.78,32
36658,male,1.73,53
36659,female,1.58,58
36660,male,1.72,51
36661,male,1.83,51
36662,female,1.65,47
36663,female,1.68,71
36664,female,1.75,66
36665,female,1.65,32
36666,male,1.75,63
36667,male,1.72,71
36668,female,1.8,45
36669,female,1.5,76
36670,male,1.7,32
36671,male,1.8,49
36672,female,1.65,66
36673,female,1.62,73
36674,male,1.7,64
36675,female,1.64,50
36676,female,1.58,71
36677,female,1.62,72
36678,female,1.5,83
36679,male,1.65,59
36680,female,1.57,82
36681,female,1.59,84
36682,male,1.18,69
36683,female,1.7,47
36684,female,1.6,42
36685,male,1.68,24
36686,male,1.72,70
36687,male,1.8,19
36688,male,1.82,67
36689,male,1.7,62
36690,male,1.8,56
36691,female,1.66,55
36692,male,1.76,70
36693,female,1.63,77
36694,female,1.7,48
36695,female,1.7,31
36696,female,1.7,83
36697,male,1.82,54
36698,male,1.86,78
36699,female,1.56,79
36700,male,1.75,71
36701,female,1.77,33
36702,female,1.7,73
36703,female,1.61,79
36704,female,1.58,70
36705,female,1.7,59
36706,female,1.69,48
36707,female,1.64,70
36708,male,1.7,64
36709,female,1.55,78
36710,male,1.7,62
36711,female,1.68,36
36712,male,1.6,72
36713,female,1.68,48
36714,female,1.67,39
36715,female,1.7,37
36716,male,1.65,84
36717,male,1.68,69
36718,male,1.73,73
36719,female,1.64,67
36720,female,1.72,47
36721,female,1.65,68
36722,female,1.65,83
36723,male,1.6,64
36724,female,1.5,63
36725,male,1.68,76
36726,male,1.7,81
36727,male,1.78,74
36728,female,1.48,74
36729,female,1.63,57
36730,male,1.75,73
36731,male,1.7,57
36732,male,1.78,82
36733,female,1.8,58
36734,female,1.57,65
36735,male,1.78,59
36736,female,1.72,46
36737,male,1.65,65
36738,female,1.6,70
36739,male,1.82,40
36740,female,1.5,60
36741,male,1.78,42
36742,male,1.76,72
36743,male,1.65,65
36744,female,1.65,50
36745,female,1.73,46
36746,male,1.65,63
36747,male,1.63,78
36748,female,1.65,68
36749,female,1.64,69
36750,female,1.55,57
36751,female,1.72,59
36752,female,1.77,70
36753,male,1.77,67
36754,male,1.77,27
36755,female,1.68,69
36756,male,1.8,70
36757,female,1.65,55
36758,male,1.8,85
36759,male,1.73,68
36760,male,1.76,56
36761,male,1.76,51
36762,male,1.82,30
36763,female,1.6,74
36764,female,1.6,59
36765,female,1.6,63
36766,male,1.51,54
36767,female,1.56,37
36768,female,1.64,50
36769,female,1.51,85
36770,male,1.75,37
36771,female,1.65,36
36772,male,1.87,71
36773,female,1.59,79
36774,female,1.53,75
36775,male,1.74,47
36776,male,1.72,77
36777,male,1.77,54
36778,male,1.8,54
36779,female,1.7,83
36780,male,1.6,62
36781,male,1.79,90
36782,female,1.54,70
36783,female,1.67,56
36784,male,1.83,69
36785,female,1.58,75
36786,male,1.78,64
36787,female,1.63,65
36788,male,1.85,74
36789,female,1.65,78
36790,male,1.72,51
36791,female,1.62,61
36792,female,1.58,56
36793,male,1.72,79
36794,male,1.68,53
36795,male,1.65,75
36796,female,1.7,82
36797,female,1.58,68
36798,female,1.55,67
36799,male,1.83,66
36800,male,1.78,46
36801,male,1.68,63
36802,female,1.75,38
36803,male,1.9,55
36804,female,1.55,62
36805,male,1.75,60
36806,male,1.79,58
36807,female,1.73,66
36808,female,1.62,32
36809,male,1.86,49
36810,male,1.75,77
36811,female,1.6,77
36812,female,1.54,74
36813,male,1.72,51
36814,female,1.56,50
36815,male,1.75,62
36816,male,1.72,56
36817,female,1.75,55
36818,male,1.65,80
36819,male,1.75,59
36820,male,1.65,68
36821,male,1.75,68
36822,female,1.63,81
36823,female,1.65,69
36824,female,1.52,55
36825,female,1.58,63
36826,female,1.61,41
36827,male,1.88,29
36828,male,1.73,44
36829,female,1.55,51
36830,female,1.55,43
36831,female,1.68,72
36832,male,1.85,49
36833,male,1.55,66
36834,male,1.75,67
36835,male,1.74,30
36836,female,1.72,43
36837,male,1.7,60
36838,male,1.83,45
36839,male,1.75,74
36840,female,1.62,42
36841,female,1.62,49
36842,male,1.85,56
36843,male,1.76,66
36844,male,1.69,24
36845,female,1.68,56
36846,male,1.85,52
36847,female,1.7,69
36848,female,1.55,12
36849,female,1.63,65
36850,female,1.54,15
36851,male,1.84,48
36852,male,1.73,64
36853,male,1.69,70
36854,female,1.57,49
36855,female,1.64,63
36856,female,1.6,85
36857,female,1.52,83
36858,male,1.84,30
36859,male,1.65,59
36860,male,1.71,65
36861,female,1.4,9
36862,male,1.86,51
36863,male,1.65,65
36864,male,1.64,84
36865,female,0.17,46
36866,female,1.66,49
36867,male,1.65,79
36868,female,1.63,46
36869,female,1.6,80
36870,female,1.52,76
36871,male,1.95,47
36872,female,1.72,74
36873,female,1.75,49
36874,male,1.76,18
36875,female,1.7,71
36876,female,1.86,52
36877,female,1.6,52
36878,male,1.78,60
36879,female,1.64,45
36880,male,1.78,73
36881,female,1.68,59
36882,female,1.57,72
36883,female,1.55,67
36884,female,1.6,73
36885,female,1.52,73
36886,female,1.65,83
36887,male,1.7,83
36888,male,1.68,82
36889,male,1.67,80
36890,male,1.75,83
36891,male,1.75,68
36892,female,1.64,60
36893,female,1.6,61
36894,female,1.53,63
36895,female,1.7,51
36896,female,1.65,77
36897,male,1.65,72
36898,female,0.7,71
36899,female,1.68,41
36900,female,1.65,18
36901,female,1.68,79
36902,male,1.63,46
36903,female,1.68,64
36904,male,1.76,77
36905,male,1.75,52
36906,female,1.68,68
36907,female,1.64,45
36908,male,1.86,63
36909,male,1.76,70
36910,female,1.7,53
36911,male,1.91,71
36912,female,1.63,64
36913,male,1.7,74
36914,female,1.6,70
36915,female,1.62,48
36916,female,1.72,45
36917,female,1.6,64
36918,female,1.64,40
36919,male,1.68,67
36920,female,1.56,70
36921,female,1.75,65
36922,male,1.68,68
36923,female,1.68,82
36924,female,1.7,72
36925,male,1.82,59
36926,male,1.73,69
36927,female,1.72,58
36928,male,1.72,69
36929,male,1.86,52
36930,female,1.67,40
36931,female,1.5,69
36932,male,1.67,65
36933,female,1.68,47
36934,female,1.6,78
36935,male,1.87,71
36936,female,1.6,72
36937,male,1.76,70
36938,female,1.46,81
36939,male,1.85,25
36940,female,1.7,52
36941,female,1.68,79
36942,male,1.67,44
36943,male,1.75,71
36944,female,1.56,66
36945,male,1.78,55
36946,female,1.55,79
36947,male,1.8,58
36948,male,1.67,70
36949,male,1.8,36
36950,male,1.65,67
36951,female,1.7,61
36952,male,1.8,88
36953,male,1.77,61
36954,female,1.54,83
36955,male,1.77,67
36956,female,1.64,49
36957,female,1.6,76
36958,male,1.7,60
36959,female,1.6,68
36960,female,1.77,31
36961,female,1.63,63
36962,female,1.55,90
36963,female,1.68,64
36964,male,1.77,72
36965,female,1.6,63
36966,male,1.8,64
36967,female,1.59,70
36968,female,1.6,51
36969,female,1.73,65
36970,female,1.47,58
36971,female,1.58,62
36972,female,1.63,80
36973,male,1.76,23
36974,male,1.87,64
36975,female,1.35,55
36976,female,1.54,76
36977,female,1.74,35
36978,female,1.62,67
36979,male,1.75,69
36980,female,1.5,66
36981,male,1.72,36
36982,female,1.5,80
36983,male,1.75,57
36984,female,1.74,72
36985,male,1.74,73
36986,female,1.63,65
36987,female,1.6,82
36988,male,1.73,66
36989,male,1.75,69
36990,male,1.76,48
36991,female,1.5,79
36992,male,1.7,79
36993,male,1.79,52
36994,male,1.6,59
36995,female,1.5,49
36996,male,1.63,72
36997,male,1.8,81
36998,male,1.72,71
36999,male,1.8,74
37000,male,1.4,6
37001,male,1.82,68
37002,female,1.51,75
37003,male,1.8,47
37004,female,1.6,61
37005,female,1.67,70
37006,male,1.77,53
37007,female,1.6,58
37008,male,1.75,46
37009,male,1.79,63
37010,male,1.77,47
37011,male,1.72,59
37012,female,1.64,86
37013,female,1.64,59
37014,female,1.68,66
37015,female,1.71,56
37016,male,1.7,69
37017,male,1.85,54
37018,female,1.56,75
37019,female,1.66,62
37020,female,1.64,67
37021,male,1.82,62
37022,male,1.63,78
37023,male,1.85,42
37024,male,1.7,62
37025,male,1.8,48
37026,male,1.75,69
37027,female,1.6,91
37028,female,1.6,49
37029,female,1.6,67
37030,male,1.75,70
37031,female,1.64,60
37032,male,1.76,48
37033,female,1.7,54
37034,female,1.6,77
37035,male,1.65,47
37036,female,1.4,79
37037,male,1.75,71
37038,male,1.68,24
37039,male,1.6,78
37040,male,1.65,44
37041,male,1.76,68
37042,male,1.82,48
37043,female,1.58,75
37044,male,1.7,66
37045,male,1.87,69
37046,male,1.76,15
37047,male,1.78,51
37048,male,1.82,65
37049,female,1.78,37
37050,female,1.56,68
37051,male,1.75,17
37052,male,1.76,68
37053,female,1.54,78
37054,male,1.65,69
37055,male,1.65,50
37056,male,1.85,51
37057,female,1.64,65
37058,female,1.55,59
37059,male,1.76,58
37060,female,1.68,70
37061,female,1.63,67
37062,male,1.75,61
37063,male,1.67,71
37064,female,1.63,79
37065,male,1.76,71
37066,male,1.7,72
37067,female,1.54,69
37068,male,1.75,56
37069,male,1.72,53
37070,male,1.76,51
37071,female,1.69,53
37072,male,1.75,77
37073,male,1.76,59
37074,male,1.76,75
37075,male,1.67,80
37076,male,1.8,70
37077,female,1.7,59
37078,female,1.64,61
37079,male,1.76,60
37080,male,1.8,73
37081,male,1.55,89
37082,male,1.84,45
37083,female,1.67,45
37084,male,1.73,63
37085,female,1.73,55
37086,male,1.82,56
37087,male,1.82,82
37088,female,1.7,43
37089,male,1.63,72
37090,female,1.68,66
37091,female,1.61,52
37092,male,1.8,64
37093,male,1.68,80
37094,male,1.8,20
37095,female,1.6,76
37096,male,1.8,39
37097,male,1.65,76
37098,male,1.73,66
37099,female,1.73,52
37100,female,1.58,65
37101,female,1.56,73
37102,female,1.55,77
37103,male,1.9,68
37104,female,1.6,69
37105,male,1.65,65
37106,male,1.85,34
37107,male,1.75,54
37108,female,1.64,39
37109,male,1.83,63
37110,male,1.7,55
37111,male,1.75,71
37112,female,0.15,23
37113,male,1.8,75
37114,male,1.73,51
37115,male,1.75,60
37116,female,1.48,76
37117,male,1.75,66
37118,male,1.62,58
37119,female,1.7,55
37120,male,1.74,44
37121,male,1.74,69
37122,male,1.74,53
37123,male,1.87,61
37124,female,1.7,53
37125,female,1.5,30
37126,male,1.7,69
37127,male,1.78,53
37128,male,1.73,69
37129,male,1.85,51
37130,male,1.72,73
37131,male,1.84,54
37132,male,1.88,42
37133,male,1.68,53
37134,female,1.56,65
37135,male,1.68,77
37136,male,1.66,73
37137,female,1.62,71
37138,male,1.98,62
37139,male,1.8,38
37140,female,1.48,53
37141,female,1.5,58
37142,male,1.73,55
37143,male,1.75,50
37144,male,1.8,81
37145,male,1.93,61
37146,male,1.72,62
37147,female,1.63,34
37148,female,1.66,51
37149,female,1.62,71
37150,male,1.65,72
37151,male,1.7,69
37152,male,1.9,52
37153,female,1.75,52
37154,female,1.74,42
37155,female,1.68,30
37156,female,1.73,52
37157,female,1.6,67
37158,female,1.7,37
37159,female,1.74,42
37160,female,1.67,70
37161,female,1.65,68
37162,male,1.73,62
37163,male,1.72,55
37164,female,1.63,52
37165,male,1.75,61
37166,female,1.53,39
37167,female,1.75,36
37168,female,1.7,44
37169,male,1.85,50
37170,female,1.69,54
37171,female,1.71,48
37172,female,1.5,75
37173,female,1.66,72
37174,male,1.69,68
37175,male,1.75,44
37176,female,1.7,45
37177,female,1.7,43
37178,male,1.84,39
37179,male,1.82,56
37180,female,1.52,70
37181,male,1.6,69
37182,female,1.55,29
37183,female,1.64,43
37184,male,1.6,83
37185,female,1.65,53
37186,female,1.58,67
37187,male,1.76,61
37188,male,1.74,60
37189,male,1.9,24
37190,male,1.76,48
37191,female,1.5,82
37192,male,1.75,70
37193,female,1.55,65
37194,female,1.77,42
37195,male,1.65,79
37196,female,1.56,68
37197,female,1.5,61
37198,female,1.65,65
37199,male,1.8,66
37200,male,1.82,75
37201,male,1.7,67
37202,male,1.72,31
37203,male,1.76,61
37204,male,1.76,54
37205,male,1.65,100
37206,female,1.65,60
37207,male,1.78,73
37208,female,1.45,85
37209,female,1.67,50
37210,male,1.64,76
37211,female,1.65,26
37212,male,1.62,71
37213,female,1.62,60
37214,male,1.78,45
37215,male,1.83,31
37216,female,1.73,49
37217,male,1.78,56
37218,male,1.81,55
37219,female,1.7,41
37220,male,1.71,60
37221,male,1.67,55
37222,male,1.88,43
37223,male,1.76,58
37224,male,1.78,46
37225,male,1.68,81
37226,female,1.7,71
37227,male,1.7,71
37228,male,1.78,23
37229,male,1.82,50
37230,male,1.6,62
37231,female,1.74,48
37232,male,1.77,76
37233,female,1.63,83
37234,male,1.7,67
37235,male,1.76,74
37236,male,1.7,62
37237,male,1.78,50
37238,male,1.7,79
37239,female,1.6,87
37240,male,1.68,64
37241,female,1.65,75
37242,male,1.63,64
37243,male,1.68,62
37244,male,1.83,52
37245,female,1.65,50
37246,female,1.6,50
37247,male,1.74,49
37248,female,1.6,68
37249,male,1.75,79
37250,female,1.68,59
37251,female,1.64,61
37252,male,1.76,46
37253,female,1.65,31
37254,female,1.64,69
37255,female,1.74,50
37256,male,1.65,67
37257,female,1.58,60
37258,female,1.5,40
37259,female,1.65,80
37260,male,1.7,71
37261,female,1.64,69
37262,female,1.7,58
37263,male,1.7,63
37264,male,1.76,48
37265,female,1.52,50
37266,female,1.65,68
37267,female,1.6,69
37268,female,1.7,57
37269,female,1.64,84
37270,male,1.8,43
37271,female,1.6,75
37272,male,1.9,79
37273,female,1.52,74
37274,male,1.7,30
37275,female,1.65,56
37276,male,1.9,18
37277,female,1.64,34
37278,female,1.68,39
37279,female,1.64,57
37280,female,1.65,50
37281,male,1.78,56
37282,male,1.8,40
37283,male,1.8,67
37284,female,1.6,68
37285,female,1.68,54
37286,male,1.79,39
37287,male,1.83,53
37288,female,1.67,70
37289,male,1.7,61
37290,male,1.6,57
37291,female,1.6,61
37292,female,1.62,66
37293,female,1.56,66
37294,female,1.64,55
37295,male,1.85,59
37296,female,1.76,32
37297,male,1.75,69
37298,male,1.7,67
37299,female,1.58,75
37300,male,1.78,65
37301,female,1.65,63
37302,female,1.6,44
37303,male,1.68,63
37304,male,1.73,42
37305,male,1.92,57
37306,male,1.76,71
37307,female,1.6,76
37308,male,1.91,66
37309,male,1.72,62
37310,female,1.68,51
37311,female,1.64,70
37312,female,1.76,39
37313,female,1.67,56
37314,female,1.54,56
37315,male,1.78,13
37316,male,1.7,83
37317,female,1.57,57
37318,female,1.69,67
37319,male,1.74,73
37320,male,1.6,67
37321,male,1.85,76
37322,female,1.64,67
37323,male,1.75,59
37324,female,1.68,52
37325,female,1.55,69
37326,male,1.8,31
37327,female,1.65,77
37328,male,1.2,64
37329,male,1.7,60
37330,female,1.64,54
37331,female,1.63,65
37332,female,1.64,73
37333,female,1.65,86
37334,male,1.8,71
37335,female,1.65,68
37336,male,1.7,79
37337,male,1.72,78
37338,female,1.66,52
37339,male,1.84,75
37340,female,1.5,86
37341,male,1.84,72
37342,female,1.65,71
37343,male,1.76,65
37344,female,1.78,36
37345,female,1.64,67
37346,male,1.85,81
37347,female,1.57,63
37348,female,1.58,74
37349,female,1.7,71
37350,male,1.69,74
37351,male,1.78,54
37352,male,1.73,60
37353,male,1.7,21
37354,female,1.76,49
37355,female,1.76,16
37356,male,1.68,70
37357,female,1.65,67
37358,male,1.73,72
37359,male,1.76,68
37360,male,1.82,65
37361,female,1.68,40
37362,female,1.64,21
37363,male,1.73,52
37364,female,1.6,74
37365,female,1.66,70
37366,male,1.8,55
37367,female,1.73,55
37368,male,1.72,49
37369,female,1.68,40
37370,male,1.85,15
37371,female,1.63,46
37372,male,1.74,71
37373,male,1.82,60
37374,male,1.7,64
37375,female,1.74,45
37376,female,1.49,69
37377,male,1.7,63
37378,male,1.78,45
37379,female,1.7,66
37380,male,1.76,46
37381,female,1.68,77
37382,female,1.72,67
37383,male,1.73,53
37384,female,1.59,77
37385,female,1.64,69
37386,male,1.73,54
37387,female,1.55,56
37388,male,1.8,72
37389,male,1.8,56
37390,male,1.85,75
37391,male,1.76,64
37392,male,1.85,24
37393,male,1.75,63
37394,female,1.58,69
37395,male,1.7,45
37396,male,1.74,64
37397,male,1.64,60
37398,male,1.71,60
37399,male,1.8,68
37400,female,1.64,56
37401,male,1.78,49
37402,male,1.8,56
37403,female,1.56,73
37404,male,1.7,48
37405,male,1.74,63
37406,female,1.63,38
37407,female,1.58,64
37408,female,1.6,66
37409,male,1.7,69
37410,female,1.68,76
37411,female,1.63,37
37412,male,1.68,43
37413,male,1.75,38
37414,female,1.61,17
37415,female,1.62,41
37416,female,1.6,74
37417,male,1.7,67
37418,male,1.74,70
37419,male,1.67,64
37420,male,1.66,46
37421,male,1.7,54
37422,male,1.75,63
37423,male,1.8,57
37424,female,1.7,68
37425,female,1.68,70
37426,female,1.58,84
37427,female,1.66,80
37428,female,1.69,45
37429,male,1.9,28
37430,male,1.8,65
37431,female,1.7,57
37432,male,1.76,89
37433,male,1.87,20
37434,female,1.55,36
37435,male,1.62,57
37436,male,1.62,61
37437,female,1.68,51
37438,female,1.65,74
37439,male,1.8,71
37440,female,1.7,66
37441,male,1.84,74
37442,male,1.9,55
37443,female,1.63,66
37444,male,1.72,70
37445,female,1.59,70
37446,male,1.75,46
37447,female,1.6,62
37448,male,1.95,37
37449,female,1.65,59
37450,male,1.82,45
37451,male,1.8,72
37452,female,1.7,67
37453,male,1.76,64
37454,female,1.52,76
37455,female,1.7,58
37456,female,1.64,57
37457,female,1.77,80
37458,male,1.75,70
37459,female,1.66,52
37460,male,1.72,58
37461,male,1.74,85
37462,female,1.58,65
37463,male,1.75,51
37464,male,1.76,69
37465,male,1.6,52
37466,female,1.66,68
37467,male,1.87,61
37468,female,1.58,69
37469,female,1.61,55
37470,female,1.65,81
37471,male,1.7,65
37472,male,1.75,70
37473,female,1.62,71
37474,female,1.67,36
37475,male,1.73,57
37476,female,1.7,60
37477,male,1.86,34
37478,male,1.86,25
37479,female,1.65,48
37480,male,1.77,39
37481,male,1.83,76
37482,male,1.75,25
37483,female,1.67,61
37484,female,1.6,62
37485,female,1.65,55
37486,male,1.8,72
37487,female,1.63,64
37488,male,1.68,72
37489,female,1.63,62
37490,female,1.68,58
37491,male,1.77,71
37492,female,1.5,59
37493,female,1.72,68
37494,male,1.86,37
37495,female,1.65,51
37496,female,1.54,43
37497,male,1.83,40
37498,female,1.5,73
37499,female,1.52,60
37500,female,1.65,65
37501,male,1.82,55
37502,male,1.7,65
37503,male,1.7,70
37504,female,1.52,47
37505,male,1.66,78
37506,female,1.56,73
37507,female,1.55,80
37508,male,1.76,80
37509,female,1.7,77
37510,male,1.89,42
37511,female,1.63,62
37512,female,1.8,58
37513,female,1.64,64
37514,female,1.6,75
37515,male,1.88,48
37516,male,1.69,77
37517,female,1.63,74
37518,female,1.64,64
37519,female,1.6,63
37520,female,1.55,80
37521,female,1.6,17
37522,male,1.74,54
37523,male,1.87,71
37524,female,1.6,75
37525,male,1.75,70
37526,female,1.56,76
37527,male,1.73,70
37528,male,1.88,75
37529,male,1.75,72
37530,female,1.74,51
37531,male,1.74,80
37532,male,1.67,85
37533,male,1.8,70
37534,male,1.8,70
37535,female,1.6,75
37536,female,1.6,66
37537,female,1.64,39
37538,male,1.7,49
37539,female,1.6,51
37540,female,1.7,52
37541,female,1.68,46
37542,female,1.64,65
37543,male,1.8,69
37544,male,1.8,55
37545,male,1.65,49
37546,female,1.5,65
37547,female,1.56,68
37548,female,1.68,56
37549,male,1.7,62
37550,male,1.67,65
37551,female,1.65,57
37552,male,1.65,34
37553,female,1.7,63
37554,female,1.65,88
37555,male,1.73,79
37556,male,1.68,71
37557,male,1.78,76
37558,male,1.77,47
37559,female,1.7,63
37560,female,1.5,68
37561,male,1.73,54
37562,male,1.75,65
37563,male,1.8,82
37564,female,1.67,78
37565,female,1.6,59
37566,female,1.5,85
37567,female,1.63,26
37568,female,1.54,31
37569,female,1.7,80
37570,female,1.64,53
37571,female,1.68,34
37572,female,1.73,30
37573,female,1.6,93
37574,female,1.6,53
37575,female,1.61,75
37576,female,1.58,52
37577,female,1.65,76
37578,female,1.63,68
37579,female,1.55,53
37580,female,1.6,56
37581,female,1.67,62
37582,male,1.88,48
37583,female,1.57,70
37584,female,1.71,51
37585,female,1.65,62
37586,male,1.64,56
37587,female,1.6,31
37588,female,1.54,70
37589,male,1.71,52
37590,female,1.71,69
37591,female,1.68,64
37592,female,1.6,69
37593,female,1.6,61
37594,female,1.62,68
37595,female,1.72,85
37596,female,1.55,62
37597,female,1.73,36
37598,male,1.72,60
37599,male,1.8,43
37600,male,1.6,79
37601,female,1.62,69
37602,male,1.72,24
37603,female,1.64,80
37604,female,1.57,71
37605,male,1.78,62
37606,male,1.73,80
37607,female,1.7,37
37608,female,1.66,31
37609,female,1.68,62
37610,female,1.65,71
37611,female,1.6,55
37612,female,1.7,59
37613,male,1.8,40
37614,male,1.97,26
37615,female,1.52,79
37616,female,1.77,47
37617,male,1.7,55
37618,male,1.87,35
37619,male,1.73,82
37620,male,1.6,58
37621,male,1.7,76
37622,female,1.55,73
37623,female,1.56,71
37624,female,1.52,73
37625,male,1.72,72
37626,female,1.64,62
37627,female,1.65,53
37628,female,1.6,74
37629,male,1.71,29
37630,male,1.74,29
37631,male,1.65,62
37632,male,1.56,73
37633,female,1.65,59
37634,female,1.65,66
37635,male,1.82,43
37636,male,1.77,58
37637,male,1.86,59
37638,female,1.68,56
37639,female,1.62,77
37640,male,1.82,70
37641,female,1.69,60
37642,female,1.7,57
37643,female,1.62,77
37644,female,1.57,36
37645,female,1.65,92
37646,female,1.68,67
37647,female,1.7,80
37648,male,1.64,80
37649,male,1.7,76
37650,male,1.82,56
37651,male,1.83,42
37652,male,1.76,55
37653,male,1.62,61
37654,female,1.7,88
37655,male,1.7,73
37656,male,1.65,72
37657,male,1.78,81
37658,female,1.54,52
37659,female,1.6,45
37660,male,1.62,60
37661,female,1.53,67
37662,female,1.7,69
37663,female,1.69,85
37664,male,1.75,34
37665,female,1.71,43
37666,female,1.55,53
37667,male,1.7,60
37668,male,1.87,50
37669,female,1.54,85
37670,male,1.57,75
37671,male,1.83,52
37672,female,1.66,20
37673,female,1.5,81
37674,female,1.64,43
37675,female,1.64,75
37676,female,1.6,66
37677,male,1.8,79
37678,male,1.9,28
37679,female,1.56,77
37680,female,1.73,72
37681,female,1.7,61
37682,male,1.93,67
37683,male,1.92,62
37684,male,1.78,47
37685,male,1.85,53
37686,female,1.69,32
37687,female,1.64,69
37688,female,1.76,55
37689,female,1.64,73
37690,female,1.72,52
37691,male,1.65,60
37692,female,1.6,86
37693,female,1.6,78
37694,female,1.62,62
37695,female,1.6,81
37696,female,1.64,60
37697,male,1.86,47
37698,female,1.64,63
37699,female,1.67,57
37700,male,1.82,63
37701,female,1.65,38
37702,female,1.52,74
37703,female,1.63,33
37704,female,1.59,76
37705,female,1.6,58
37706,female,1.65,43
37707,male,1.73,67
37708,male,1.7,80
37709,female,1.56,73
37710,male,1.77,68
37711,female,1.56,71
37712,female,1.72,67
37713,female,1.72,21
37714,male,1.72,72
37715,female,1.67,27
37716,female,1.54,40
37717,female,1.54,89
37718,male,1.8,71
37719,female,1.48,77
37720,male,1.8,30
37721,male,1.88,71
37722,female,1.65,51
37723,male,1.82,65
37724,male,1.72,69
37725,female,1.68,51
37726,female,1.76,58
37727,female,1.64,55
37728,female,1.75,60
37729,male,1.65,77
37730,male,1.83,76
37731,male,1.66,71
37732,male,1.7,68
37733,male,1.76,44
37734,male,1.71,49
37735,male,1.93,41
37736,male,1.75,50
37737,female,1.64,82
37738,female,1.7,54
37739,female,1.6,79
37740,male,1.72,76
37741,male,1.85,49
37742,male,1.9,66
37743,female,1.48,67
37744,female,1.65,76
37745,male,1.89,48
37746,male,1.8,85
37747,male,1.8,70
37748,female,1.65,69
37749,female,1.61,52
37750,female,1.71,77
37751,female,1.67,52
37752,female,1.6,68
37753,female,1.5,43
37754,female,1.63,24
37755,male,1.73,74
37756,female,1.8,20
37757,male,1.85,26
37758,female,1.54,24
37759,male,1.76,65
37760,female,1.5,49
37761,male,1.65,67
37762,female,1.56,47
37763,male,1.65,67
37764,female,1.65,71
37765,male,1.77,64
37766,female,1.63,61
37767,female,1.6,54
37768,female,1.73,63
37769,male,1.76,66
37770,male,1.75,61
37771,female,1.52,63
37772,female,1.72,74
37773,female,1.7,59
37774,male,1.67,79
37775,female,1.5,70
37776,female,1.72,47
37777,female,1.68,74
37778,female,1.6,64
37779,female,1.55,49
37780,female,1.62,79
37781,male,1.85,45
37782,male,1.66,67
37783,male,1.75,73
37784,male,1.89,68
37785,male,1.86,69
37786,female,1.78,41
37787,female,1.5,70
37788,male,1.78,40
37789,male,1.72,72
37790,female,1.53,71
37791,female,1.68,53
37792,male,1.65,75
37793,male,1.64,81
37794,male,1.98,47
37795,male,1.73,73
37796,male,1.76,76
37797,male,1.65,81
37798,male,1.82,50
37799,male,1.82,64
37800,male,1.82,49
37801,female,1.74,67
37802,female,1.67,72
37803,female,1.64,50
37804,male,1.74,68
37805,male,1.7,37
37806,male,1.62,62
37807,female,1.58,49
37808,male,1.76,13
37809,female,1.59,38
37810,female,1.7,46
37811,female,1.62,53
37812,male,1.67,64
37813,female,1.57,67
37814,female,1.63,68
37815,male,2.1,24
37816,female,1.56,68
37817,female,1.54,75
37818,male,1.7,69
37819,female,1.6,54
37820,male,1.7,68
37821,male,1.7,68
37822,male,1.8,77
37823,male,1.7,84
37824,male,1.77,72
37825,male,1.76,46
37826,male,1.78,62
37827,male,1.8,58
37828,female,1.52,73
37829,female,1.68,45
37830,male,1.8,69
37831,male,1.9,54
37832,male,1.8,67
37833,male,1.68,56
37834,male,1.78,75
37835,male,1.85,43
37836,female,1.7,66
37837,female,1.6,62
37838,male,1.89,48
37839,male,1.7,81
37840,male,1.72,76
37841,male,1.8,73
37842,male,1.75,57
37843,male,1.83,65
37844,male,1.8,53
37845,male,1.87,52
37846,female,1.68,53
37847,female,1.65,68
37848,female,1.65,29
37849,female,1.64,61
37850,female,1.68,52
37851,male,1.75,50
37852,female,1.6,70
37853,male,1.76,76
37854,female,1.55,74
37855,female,1.57,47
37856,female,1.6,76
37857,female,1.66,78
37858,female,1.65,40
37859,male,1.8,69
37860,male,1.7,69
37861,female,1.52,47
37862,female,1.55,64
37863,female,1.65,64
37864,female,1.58,69
37865,female,1.65,70
37866,female,1.68,47
37867,female,1.56,77
37868,female,1.62,64
37869,female,1.64,81
37870,female,1.52,43
37871,female,1.7,43
37872,female,1.65,69
37873,female,1.55,78
37874,female,1.6,47
37875,female,1.65,50
37876,male,1.76,70
37877,female,1.7,28
37878,female,1.66,58
37879,male,1.82,90
37880,male,1.73,61
37881,female,1.65,48
37882,female,1.6,90
37883,female,1.63,74
37884,male,1.7,74
37885,male,1.8,46
37886,female,1.56,59
37887,male,1.78,25
37888,male,1.68,76
37889,male,1.78,29
37890,male,1.68,55
37891,male,1.73,44
37892,female,1.65,38
37893,female,1.66,68
37894,female,1.75,43
37895,male,1.75,61
37896,female,1.58,50
37897,male,1.75,35
37898,male,1.8,74
37899,female,1.59,53
37900,male,1.68,68
37901,male,1.67,57
37902,female,1.65,74
37903,male,1.71,78
37904,male,1.75,50
37905,female,1.6,32
37906,female,1.8,54
37907,male,1.82,75
37908,female,1.67,51
37909,female,1.45,70
37910,female,1.65,37
37911,female,1.64,55
37912,female,1.63,70
37913,male,1.73,78
37914,female,1.52,56
37915,female,1.6,67
37916,male,1.69,56
37917,male,1.83,44
37918,male,1.82,71
37919,female,1.56,74
37920,male,1.76,77
37921,female,1.43,19
37922,male,1.67,64
37923,male,1.82,72
37924,female,1.76,48
37925,female,1.62,74
37926,male,1.71,71
37927,female,1.69,74
37928,female,1.6,64
37929,female,1.6,76
37930,male,1.81,49
37931,male,1.81,62
37932,female,1.62,64
37933,female,1.72,42
37934,female,1.7,52
37935,female,1.6,34
37936,female,1.58,71
37937,male,1.86,59
37938,male,1.7,79
37939,male,1.7,70
37940,female,1.55,39
37941,female,1.6,74
37942,female,1.57,51
37943,female,1.72,62
37944,male,1.75,80
37945,male,1.8,67
37946,female,1.65,43
37947,female,1.6,44
37948,male,1.65,91
37949,male,1.7,62
37950,female,1.6,75
37951,female,1.58,71
37952,female,1.65,64
37953,female,1.52,74
37954,male,1.85,53
37955,male,1.75,82
37956,male,1.76,34
37957,male,1.8,80
37958,female,1.64,44
37959,female,1.7,57
37960,female,1.65,51
37961,female,1.62,71
37962,female,1.6,74
37963,male,1.8,57
37964,male,1.82,56
37965,female,1.52,76
37966,male,1.75,49
37967,female,1.51,76
37968,female,1.56,73
37969,male,1.75,73
37970,male,1.86,63
37971,female,1.54,53
37972,male,1.75,57
37973,male,1.79,71
37974,female,1.68,34
37975,female,1.58,79
37976,male,1.65,77
37977,female,1.8,74
37978,male,1.76,67
37979,female,1.58,59
37980,female,1.74,36
37981,female,1.58,72
37982,male,1.63,71
37983,female,1.65,73
37984,female,1.64,44
37985,male,1.76,62
37986,female,1.65,49
37987,female,1.64,60
37988,male,1.72,52
37989,male,1.64,77
37990,female,1.56,53
37991,female,1.69,76
37992,male,1.7,71
37993,male,1.78,71
37994,male,1.85,69
37995,female,1.65,69
37996,female,1.57,61
37997,female,1.65,58
37998,female,1.68,75
37999,male,1.74,44
38000,female,1.7,41
38001,female,1.64,64
38002,female,1.63,66
38003,male,1.78,53
38004,male,1.7,75
38005,male,1.78,56
38006,female,1.7,40
38007,female,1.58,39
38008,female,1.64,40
38009,male,1.7,72
38010,male,1.78,76
38011,female,1.58,38
38012,female,1.68,56
38013,female,1.55,69
38014,female,1.6,82
38015,male,1.65,67
38016,female,1.65,69
38017,female,1.76,48
38018,female,1.6,54
38019,female,1.73,44
38020,female,1.6,79
38021,male,1.77,52
38022,female,1.53,71
38023,female,1.7,68
38024,female,1.74,73
38025,female,1.6,59
38026,male,1.68,37
38027,female,1.58,73
38028,female,1.52,60
38029,female,1.57,67
38030,female,1.7,75
38031,female,1.5,73
38032,female,1.66,62
38033,male,1.83,53
38034,female,1.5,42
38035,female,1.64,76
38036,male,1.65,71
38037,female,1.62,36
38038,female,1.65,64
38039,female,1.73,55
38040,female,1.68,55
38041,female,1.65,47
38042,female,1.6,42
38043,female,1.6,49
38044,male,1.8,45
38045,female,1.58,66
38046,male,1.7,43
38047,female,1.63,70
38048,male,1.53,47
38049,female,1.64,51
38050,female,1.56,48
38051,male,1.82,42
38052,male,1.82,19
38053,female,1.5,48
38054,female,1.5,74
38055,female,1.64,67
38056,male,1.77,44
38057,male,1.65,64
38058,female,1.75,40
38059,male,1.74,72
38060,female,1.73,73
38061,male,1.75,63
38062,male,1.9,46
38063,female,1.6,47
38064,female,1.7,56
38065,male,1.65,52
38066,male,1.86,48
38067,male,1.69,53
38068,male,1.65,45
38069,female,1.7,31
38070,female,1.49,78
38071,male,1.8,45
38072,female,1.6,80
38073,female,1.54,58
38074,female,1.7,63
38075,male,1.75,79
38076,female,1.67,62
38077,female,1.68,66
38078,female,1.7,54
38079,female,1.6,63
38080,male,1.57,68
38081,female,1.65,78
38082,male,1.72,77
38083,male,1.76,57
38084,female,1.7,77
38085,male,1.67,64
38086,female,1.63,41
38087,male,1.78,59
38088,male,1.68,74
38089,male,1.85,43
38090,female,1.7,53
38091,male,1.72,73
38092,male,1.67,71
38093,female,1.65,78
38094,female,1.45,86
38095,female,1.67,74
38096,male,1.87,62
38097,female,1.56,55
38098,male,1.89,57
38099,female,1.68,81
38100,male,1.85,83
38101,male,1.75,67
38102,female,1.47,72
38103,male,1.64,70
38104,male,1.73,50
38105,male,1.65,63
38106,female,1.65,75
38107,male,1.76,73
38108,female,1.64,72
38109,male,1.78,59
38110,female,1.62,39
38111,female,1.52,55
38112,female,1.62,65
38113,female,1.55,68
38114,male,1.39,48
38115,male,1.75,67
38116,male,1.76,71
38117,female,1.5,87
38118,male,1.72,40
38119,female,1.65,65
38120,female,1.45,78
38121,male,1.77,81
38122,male,1.65,81
38123,female,1.6,61
38124,female,1.58,45
38125,female,1.56,53
38126,female,1.65,84
38127,male,1.76,78
38128,male,1.71,70
38129,female,1.6,57
38130,female,1.56,62
38131,male,1.84,74
38132,male,1.75,54
38133,male,1.75,26
38134,female,1.62,76
38135,female,1.66,40
38136,male,1.9,42
38137,male,1.75,52
38138,male,1.75,53
38139,female,1.58,84
38140,female,1.64,68
38141,female,1.7,53
38142,male,1.76,71
38143,female,1.58,69
38144,male,1.78,43
38145,male,1.6,75
38146,male,1.82,56
38147,female,1.59,76
38148,female,1.66,68
38149,male,1.71,79
38150,male,1.82,56
38151,female,1.7,55
38152,male,1.67,69
38153,female,1.68,68
38154,male,1.76,74
38155,female,1.64,69
38156,female,1.68,50
38157,female,1.67,57
38158,male,1.73,57
38159,female,1.65,56
38160,female,1.9,79
38161,female,1.7,60
38162,male,1.78,44
38163,female,1.7,68
38164,female,1.59,61
38165,female,1.58,79
38166,female,1.5,69
38167,female,1.65,78
38168,female,1.6,71
38169,female,1.68,62
38170,female,1.65,40
38171,male,1.68,62
38172,female,1.6,72
38173,female,1.62,74
38174,male,1.6,80
38175,male,1.86,56
38176,male,1.73,82
38177,male,1.8,47
38178,male,1.72,59
38179,female,1.57,73
38180,female,1.6,67
38181,female,1.6,59
38182,female,1.65,70
38183,male,1.88,55
38184,female,1.73,62
38185,male,1.69,54
38186,male,1.68,77
38187,female,1.64,62
38188,female,1.62,75
38189,male,1.74,52
38190,male,1.88,66
38191,female,1.6,67
38192,female,1.66,20
38193,female,1.64,74
38194,female,1.55,24
38195,male,1.8,63
38196,male,1.7,69
38197,male,1.76,81
38198,male,1.75,71
38199,male,1.87,47
38200,female,1.74,41
38201,male,1.74,61
38202,female,1.57,46
38203,male,1.75,76
38204,male,1.82,47
38205,female,1.7,80
38206,female,1.65,82
38207,female,1.7,82
38208,female,1.55,59
38209,male,1.82,25
38210,male,1.8,72
38211,female,1.62,59
38212,male,1.84,35
38213,male,1.8,70
38214,male,1.8,52
38215,male,1.78,59
38216,male,1.76,79
38217,female,1.72,29
38218,female,1.56,71
38219,male,1.8,49
38220,female,1.63,70
38221,male,1.7,73
38222,male,1.6,73
38223,male,1.7,74
38224,female,1.56,68
38225,male,1.81,56
38226,male,1.65,41
38227,female,1.7,71
38228,male,1.78,75
38229,male,1.69,52
38230,male,1.68,14
38231,female,1.6,75
38232,female,1.57,68
38233,male,1.79,52
38234,male,1.75,75
38235,male,1.69,70
38236,male,1.82,64
38237,female,1.62,71
38238,female,1.54,64
38239,male,1.76,57
38240,female,1.6,47
38241,male,1.71,56
38242,female,1.69,57
38243,male,1.78,65
38244,female,1.73,66
38245,female,1.57,76
38246,male,1.87,34
38247,female,1.68,70
38248,male,1.72,70
38249,male,1.5,11
38250,male,1.75,53
38251,female,1.67,71
38252,female,1.7,43
38253,female,1.55,66
38254,female,1.64,45
38255,female,1.65,85
38256,female,1.62,57
38257,male,1.69,78
38258,male,1.7,64
38259,female,1.64,40
38260,male,1.69,57
38261,male,1.68,63
38262,female,1.65,68
38263,male,1.69,44
38264,male,1.77,44
38265,male,1.76,43
38266,male,1.8,85
38267,female,1.73,64
38268,male,1.84,58
38269,female,1.82,67
38270,male,1.65,69
38271,male,1.9,64
38272,male,1.7,70
38273,female,1.5,82
38274,male,1.88,72
38275,female,1.6,61
38276,female,1.65,79
38277,male,1.34,10
38278,female,1.55,53
38279,male,1.62,58
38280,male,1.72,43
38281,male,1.8,68
38282,male,1.8,65
38283,female,1.59,78
38284,female,1.65,88
38285,male,1.65,80
38286,female,1.65,36
38287,male,1.8,67
38288,female,1.6,82
38289,male,1.72,82
38290,male,1.75,60
38291,female,1.73,71
38292,female,1.6,66
38293,male,1.86,67
38294,male,1.77,58
38295,female,1.5,66
38296,female,1.6,38
38297,male,1.76,54
38298,female,1.72,29
38299,male,1.8,82
38300,male,1.75,79
38301,female,1.7,77
38302,female,1.76,56
38303,female,1.73,50
38304,male,1.75,48
38305,male,1.76,69
38306,female,1.62,51
38307,female,1.5,59
38308,female,1.73,51
38309,male,1.76,67
38310,male,1.7,61
38311,male,1.72,38
38312,female,1.55,76
38313,female,1.59,18
38314,female,1.8,46
38315,male,1.72,43
38316,male,1.75,85
38317,male,1.83,49
38318,female,1.65,64
38319,female,1.55,78
38320,male,1.8,56
38321,female,1.73,50
38322,female,1.65,88
38323,male,1.64,70
38324,male,1.82,64
38325,female,1.57,74
38326,female,1.68,75
38327,female,1.68,60
38328,female,1.65,78
38329,male,1.7,76
38330,female,1.72,38
38331,male,1.75,27
38332,male,1.71,16
38333,female,1.7,41
38334,male,1.83,31
38335,male,1.76,45
38336,male,1.5,78
38337,male,1.88,63
38338,female,1.62,77
38339,female,1.66,81
38340,female,1.68,54
38341,female,1.62,48
38342,male,1.88,59
38343,male,1.76,78
38344,male,1.7,70
38345,male,1.63,75
38346,female,1.55,85
38347,male,1.7,70
38348,male,1.69,45
38349,male,1.85,74
38350,female,1.65,75
38351,female,1.6,68
38352,male,1.75,62
38353,female,1.6,81
38354,male,1.85,59
38355,female,1.63,64
38356,male,1.7,70
38357,male,1.8,53
38358,female,1.56,68
38359,male,1.8,46
38360,male,1.68,76
38361,male,1.64,71
38362,male,1.72,77
38363,female,1.73,44
38364,female,1.68,41
38365,female,1.68,51
38366,male,1.8,64
38367,female,1.64,41
38368,male,1.7,82
38369,male,1.75,51
38370,male,1.75,53
38371,male,1.84,72
38372,male,1.8,64
38373,male,1.65,56
38374,male,1.8,73
38375,male,1.6,56
38376,male,1.72,55
38377,male,1.9,43
38378,female,1.56,53
38379,female,1.58,80
38380,female,1.72,55
38381,male,1.7,44
38382,male,1.73,75
38383,male,1.63,60
38384,male,1.7,65
38385,male,1.81,58
38386,male,1.65,40
38387,male,1.6,63
38388,male,1.83,84
38389,male,1.8,77
38390,male,1.86,33
38391,female,1.7,68
38392,female,1.62,69
38393,male,1.68,66
38394,female,1.65,76
38395,male,1.75,68
38396,male,1.76,65
38397,female,1.65,54
38398,female,1.64,52
38399,female,1.67,27
38400,female,1.65,51
38401,female,1.7,32
38402,female,1.65,74
38403,female,1.65,54
38404,male,1.64,48
38405,female,1.76,51
38406,male,1.72,81
38407,female,1.6,88
38408,male,1.78,79
38409,female,1.64,59
38410,female,1.74,47
38411,male,1.75,67
38412,male,1.78,49
38413,female,1.68,45
38414,male,1.74,67
38415,male,1.68,82
38416,female,1.67,42
38417,female,1.6,93
38418,male,1.84,35
38419,male,1.84,52
38420,male,1.6,68
38421,male,1.72,77
38422,male,1.83,69
38423,female,1.7,47
38424,female,1.72,65
38425,female,1.63,77
38426,female,1.62,76
38427,female,1.75,70
38428,female,1.67,52
38429,female,1.75,28
38430,male,1.6,64
38431,female,1.65,74
38432,female,1.68,86
38433,male,1.75,67
38434,male,1.7,68
38435,female,1.68,47
38436,female,1.5,63
38437,male,1.78,68
38438,female,1.5,58
38439,female,1.68,53
38440,male,1.77,65
38441,male,1.64,78
38442,male,1.68,77
38443,male,1.75,73
38444,male,1.75,63
38445,female,1.85,56
38446,female,1.62,65
38447,male,1.55,69
38448,male,1.85,67
38449,male,1.7,74
38450,male,1.76,71
38451,male,1.64,82
38452,female,1.65,54
38453,female,1.68,65
38454,female,1.65,71
38455,female,1.6,35
38456,male,1.1,6
38457,female,1.62,63
38458,female,1.6,49
38459,male,1.76,57
38460,female,1.74,64
38461,male,1.75,36
38462,male,1.76,75
38463,female,1.65,57
38464,female,1.53,71
38465,male,1.86,69
38466,female,1.58,55
38467,female,1.62,54
38468,female,1.76,43
38469,female,1.5,83
38470,male,1.8,44
38471,male,1.7,67
38472,female,1.5,77
38473,male,1.8,74
38474,male,1.68,70
38475,male,1.65,69
38476,female,1.6,82
38477,female,1.58,80
38478,female,1.7,50
38479,female,1.56,68
38480,female,1.66,52
38481,male,1.66,67
38482,female,1.64,62
38483,female,1.58,60
38484,male,1.7,60
38485,female,1.64,80
38486,female,1.56,72
38487,male,1.79,78
38488,male,1.8,76
38489,female,1.6,82
38490,male,1.72,64
38491,female,1.6,79
38492,female,1.5,77
38493,male,1.73,58
38494,male,1.8,64
38495,female,1.55,49
38496,female,1.68,68
38497,male,1.82,74
38498,male,1.76,32
38499,male,1.72,61
38500,female,1.75,48
38501,female,1.7,17
38502,female,1.73,56
38503,male,1.75,57
38504,female,1.65,38
38505,male,1.78,68
38506,female,1.56,66
38507,female,1.66,59
38508,male,1.75,43
38509,male,1.75,55
38510,female,1.68,42
38511,female,1.64,64
38512,female,1.65,47
38513,male,1.77,64
38514,female,1.57,65
38515,male,1.66,53
38516,male,1.83,76
38517,female,1.64,60
38518,female,1.58,49
38519,female,1.65,48
38520,female,1.56,60
38521,female,1.5,72
38522,male,1.67,53
38523,female,1.58,70
38524,male,1.72,75
38525,male,1.81,52
38526,female,1.8,36
38527,male,1.67,76
38528,male,1.68,76
38529,female,1.67,48
38530,male,1.73,20
38531,male,1.8,50
38532,female,1.68,56
38533,male,1.8,64
38534,female,1.62,67
38535,male,1.78,66
38536,female,1.68,69
38537,male,1.72,67
38538,female,1.76,48
38539,male,1.84,47
38540,female,1.58,65
38541,male,1.7,62
38542,female,1.7,47
38543,male,1.8,44
38544,male,1.88,56
38545,male,1.75,71
38546,male,1.76,52
38547,female,1.58,77
38548,female,1.69,72
38549,male,1.85,69
38550,male,1.85,48
38551,male,1.88,52
38552,male,1.65,60
38553,male,1.67,61
38554,male,1.76,69
38555,male,1.7,79
38556,male,1.72,75
38557,female,1.58,61
38558,female,1.57,62
38559,female,1.6,73
38560,male,1.64,69
38561,female,1.55,59
38562,female,1.6,60
38563,male,1.82,47
38564,male,1.85,45
38565,male,1.7,63
38566,male,1.85,63
38567,male,1.84,77
38568,male,1.88,49
38569,female,1.6,35
38570,female,1.68,64
38571,female,1.65,87
38572,male,1.85,45
38573,female,1.6,57
38574,male,1.87,27
38575,male,1.87,69
38576,male,1.85,39
38577,female,1.69,70
38578,female,1.67,73
38579,female,1.62,56
38580,female,1.7,44
38581,male,1.78,58
38582,female,1.65,72
38583,male,1.74,70
38584,male,1.78,40
38585,male,1.8,59
38586,female,1.62,59
38587,female,1.65,64
38588,female,1.64,47
38589,female,1.6,35
38590,female,1.7,72
38591,female,1.67,48
38592,female,1.75,48
38593,male,1.87,49
38594,male,1.76,65
38595,female,1.72,37
38596,male,1.8,67
38597,female,1.68,49
38598,female,1.72,62
38599,female,1.65,72
38600,male,1.81,40
38601,female,1.6,76
38602,male,1.76,69
38603,female,1.68,53
38604,male,1.94,53
38605,male,1.8,51
38606,male,1.75,63
38607,female,1.67,66
38608,male,1.75,77
38609,female,1.58,55
38610,male,1.87,58
38611,female,1.67,67
38612,female,1.7,46
38613,male,1.76,75
38614,female,1.58,66
38615,male,1.67,70
38616,male,1.72,63
38617,female,1.65,50
38618,male,1.77,31
38619,female,1.5,78
38620,male,1.8,50
38621,female,1.6,56
38622,male,1.78,70
38623,male,1.8,33
38624,female,1.67,51
38625,male,1.6,72
38626,male,1.7,55
38627,male,1.75,90
38628,female,1.65,82
38629,female,1.55,21
38630,male,1.64,63
38631,male,1.76,35
38632,female,0.76,66
38633,female,1.78,53
38634,male,1.72,52
38635,male,1.75,67
38636,female,1.55,62
38637,male,1.7,36
38638,female,1.7,40
38639,female,1.68,67
38640,female,1.58,55
38641,female,1.57,71
38642,male,1.75,72
38643,male,1.72,73
38644,female,1.72,18
38645,female,1.6,69
38646,male,1.72,63
38647,female,1.67,53
38648,male,1.92,49
38649,female,1.55,67
38650,male,1.65,75
38651,male,1.76,58
38652,male,1.78,37
38653,female,1.67,31
38654,female,1.5,47
38655,female,1.65,42
38656,male,1.7,57
38657,male,1.7,54
38658,female,1.65,71
38659,female,1.67,57
38660,female,1.58,75
38661,female,1.53,19
38662,male,1.65,78
38663,male,1.75,51
38664,male,1.75,68
38665,male,1.9,50
38666,male,1.72,66
38667,male,1.84,68
38668,male,1.86,76
38669,female,1.67,73
38670,female,1.6,68
38671,male,1.7,80
38672,female,1.6,66
38673,female,1.55,73
38674,male,1.75,71
38675,male,1.8,20
38676,female,1.65,31
38677,female,1.65,91
38678,male,1.7,84
38679,male,1.7,67
38680,male,1.85,38
38681,male,1.7,85
38682,female,1.65,87
38683,female,1.63,54
38684,male,1.66,68
38685,male,1.7,77
38686,female,1.62,74
38687,female,1.7,75
38688,male,1.67,79
38689,male,1.8,73
38690,female,1.56,79
38691,female,1.64,54
38692,female,1.75,49
38693,female,1.62,43
38694,female,1.45,74
38695,female,1.75,63
38696,female,1.72,46
38697,female,1.5,70
38698,male,1.76,67
38699,male,1.7,78
38700,female,1.56,73
38701,male,1.78,75
38702,female,1.65,77
38703,female,1.65,68
38704,female,1.68,39
38705,male,1.72,65
38706,male,1.8,72
38707,female,1.62,70
38708,male,1.7,74
38709,male,1.65,34
38710,male,1.82,61
38711,female,1.68,68
38712,female,1.5,79
38713,female,1.65,72
38714,male,1.71,59
38715,male,1.96,20
38716,male,1.75,64
38717,female,1.62,68
38718,female,1.6,72
38719,male,1.73,60
38720,female,1.6,64
38721,female,1.65,78
38722,male,1.65,40
38723,male,1.82,72
38724,female,1.6,70
38725,male,1.72,64
38726,female,1.73,29
38727,female,1.6,51
38728,male,1.67,63
38729,male,1.7,70
38730,female,1.65,38
38731,female,1.65,69
38732,female,1.6,33
38733,male,1.8,60
38734,female,1.64,61
38735,male,1.65,52
38736,male,1.78,58
38737,male,1.76,64
38738,female,1.53,58
38739,male,1.7,76
38740,male,1.8,51
38741,male,1.73,69
38742,male,1.8,68
38743,male,1.58,64
38744,female,1.52,47
38745,female,1.68,53
38746,female,1.67,47
38747,male,1.78,63
38748,female,1.65,61
38749,male,1.8,40
38750,female,1.65,58
38751,female,1.75,36
38752,male,1.7,70
38753,male,1.76,73
38754,male,1.86,55
38755,male,1.65,78
38756,female,1.58,55
38757,female,1.6,53
38758,female,1.64,62
38759,female,1.5,81
38760,male,1.64,67
38761,male,1.67,61
38762,female,1.59,55
38763,female,1.7,84
38764,female,1.65,80
38765,male,1.83,48
38766,male,1.7,72
38767,male,1.65,65
38768,female,1.72,68
38769,male,1.71,67
38770,female,1.66,72
38771,male,1.75,64
38772,male,1.7,73
38773,male,1.82,70
38774,female,1.6,72
38775,male,1.78,72
38776,male,1.85,53
38777,male,1.73,73
38778,male,1.78,50
38779,male,1.65,69
38780,male,1.62,60
38781,male,1.8,74
38782,female,1.64,34
38783,male,1.71,63
38784,female,1.67,67
38785,female,1.6,81
38786,male,1.86,62
38787,female,1.58,80
38788,female,1.65,66
38789,male,1.72,65
38790,female,1.56,60
38791,male,1.7,69
38792,male,1.8,50
38793,female,1.55,63
38794,female,1.62,76
38795,female,1.78,29
38796,female,1.6,76
38797,male,1.86,43
38798,female,1.64,57
38799,female,1.75,19
38800,female,1.6,45
38801,male,1.74,33
38802,male,1.68,66
38803,female,1.78,28
38804,male,1.69,67
38805,female,1.65,59
38806,male,1.79,57
38807,female,1.74,69
38808,female,1.69,43
38809,male,1.76,55
38810,male,1.7,54
38811,female,1.55,75
38812,female,1.64,64
38813,female,1.6,73
38814,male,1.79,43
38815,female,1.58,65
38816,female,1.58,46
38817,male,1.68,68
38818,male,1.8,43
38819,male,1.8,20
38820,male,1.78,46
38821,female,1.62,56
38822,female,1.65,67
38823,male,1.87,60
38824,male,1.7,53
38825,male,1.75,66
38826,female,1.68,65
38827,male,1.72,76
38828,female,1.56,18
38829,male,1.71,57
38830,male,1.65,59
38831,male,1.68,76
38832,male,1.78,61
38833,female,1.51,68
38834,female,1.75,69
38835,female,1.68,78
38836,female,1.72,68
38837,female,1.6,81
38838,male,1.71,25
38839,male,1.83,66
38840,male,1.86,55
38841,male,1.69,71
38842,female,1.46,64
38843,male,1.63,82
38844,male,1.76,83
38845,female,1.7,68
38846,male,1.65,64
38847,male,1.8,73
38848,female,1.72,49
38849,female,1.63,42
38850,female,1.68,90
38851,male,1.73,74
38852,female,1.68,45
38853,female,1.6,71
38854,male,1.75,75
38855,male,1.72,63
38856,female,1.65,63
38857,female,1.67,56
38858,male,1.76,42
38859,male,1.84,50
38860,male,1.8,48
38861,male,1.72,67
38862,female,1.6,75
38863,male,1.75,43
38864,female,1.64,66
38865,male,1.76,64
38866,female,1.65,78
38867,female,1.58,56
38868,female,1.65,12
38869,female,1.63,59
38870,female,1.63,68
38871,female,1.6,69
38872,male,1.82,73
38873,female,1.63,52
38874,male,1.7,39
38875,female,1.56,72
38876,female,1.5,78
38877,female,1.65,27
38878,female,1.6,85
38879,female,1.65,64
38880,male,1.65,69
38881,female,1.55,69
38882,male,1.56,73
38883,female,1.5,88
38884,female,1.65,59
38885,male,1.7,84
38886,female,1.65,60
38887,male,1.73,64
38888,female,1.54,73
38889,female,1.82,38
38890,female,1.7,45
38891,female,1.6,78
38892,female,1.6,84
38893,female,1.72,20
38894,male,1.7,69
38895,female,1.7,67
38896,male,1.68,85
38897,male,1.8,64
38898,female,1.6,64
38899,female,1.6,84
38900,female,1.65,45
38901,male,1.82,72
38902,female,1.68,52
38903,male,1.76,52
38904,female,1.65,80
38905,female,1.69,45
38906,female,1.6,51
38907,female,1.53,67
38908,male,1.92,32
38909,female,1.65,71
38910,male,1.25,48
38911,male,1.7,59
38912,female,1.8,56
38913,female,1.64,55
38914,male,1.8,53
38915,male,1.83,62
38916,female,1.64,54
38917,female,1.6,84
38918,male,1.8,63
38919,female,1.67,58
38920,male,1.8,63
38921,male,1.83,49
38922,male,1.67,62
38923,male,1.73,74
38924,female,1.7,76
38925,male,1.4,7
38926,male,1.8,66
38927,female,1.64,64
38928,male,1.78,64
38929,female,1.6,73
38930,male,1.7,66
38931,male,1.82,60
38932,male,1.84,67
38933,female,1.77,54
38934,female,1.6,59
38935,male,1.86,53
38936,male,1.7,75
38937,female,1.7,74
38938,female,1.7,46
38939,female,1.54,70
38940,female,1.63,61
38941,female,1.64,64
38942,female,1.74,50
38943,male,1.75,59
38944,male,1.67,79
38945,female,1.68,46
38946,female,1.7,76
38947,female,1.7,65
38948,male,1.61,36
38949,female,1.68,88
38950,male,1.7,77
38951,female,1.6,86
38952,male,1.86,50
38953,female,1.5,84
38954,female,0.6,71
38955,female,1.65,66
38956,male,1.82,57
38957,female,1.65,69
38958,male,1.85,59
38959,female,1.65,39
38960,male,1.8,64
38961,male,1.8,79
38962,female,1.6,57
38963,female,1.6,42
38964,female,1.6,56
38965,female,1.65,21
38966,female,1.65,64
38967,male,1.8,38
38968,male,1.68,71
38969,female,1.55,79
38970,male,1.89,35
38971,female,1.68,76
38972,female,1.65,70
38973,male,1.72,71
38974,male,1.7,55
38975,female,1.56,68
38976,male,1.76,56
38977,male,1.85,79
38978,female,1.58,85
38979,female,1.7,74
38980,male,1.6,79
38981,male,1.6,90
38982,male,1.62,82
38983,male,1.7,65
38984,female,1.58,62
38985,male,1.65,76
38986,female,1.6,49
38987,female,1.62,76
38988,female,1.64,63
38989,female,1.59,85
38990,female,1.62,44
38991,female,1.64,36
38992,female,1.56,75
38993,female,1.68,32
38994,female,1.56,68
38995,male,1.8,71
38996,female,1.6,91
38997,male,1.8,50
38998,female,1.62,76
38999,male,1.97,53
39000,female,1.5,81
39001,male,1.7,78
39002,male,1.8,36
39003,male,1.7,67
39004,female,1.65,51
39005,female,1.57,52
39006,female,1.5,83
39007,male,1.6,71
39008,male,1.76,76
39009,female,1.58,67
39010,female,1.65,71
39011,female,1.7,62
39012,female,1.78,53
39013,male,1.85,51
39014,female,1.5,56
39015,male,1.8,78
39016,male,1.73,75
39017,female,1.58,40
39018,female,1.68,76
39019,male,1.65,66
39020,female,1.6,82
39021,female,1.54,63
39022,female,1.78,46
39023,female,1.67,55
39024,female,1.64,68
39025,female,1.55,74
39026,male,1.7,79
39027,female,1.66,82
39028,female,1.7,71
39029,female,1.66,70
39030,female,1.55,62
39031,male,1.62,72
39032,male,1.75,75
39033,female,1.63,50
39034,female,1.57,63
39035,female,1.67,69
39036,female,1.65,24
39037,female,1.63,78
39038,female,1.65,66
39039,female,1.64,83
39040,female,1.7,57
39041,female,1.52,74
39042,male,1.7,74
39043,male,1.75,71
39044,female,1.73,35
39045,male,1.46,76
39046,male,1.68,67
39047,female,1.5,68
39048,female,1.65,68
39049,female,1.68,48
39050,female,1.64,52
39051,male,1.7,75
39052,female,1.55,78
39053,male,1.76,64
39054,male,1.6,34
39055,female,1.74,49
39056,male,1.8,72
39057,female,1.5,66
39058,female,1.52,60
39059,male,1.76,32
39060,male,1.7,88
39061,female,1.52,72
39062,female,1.58,58
39063,male,1.86,72
39064,male,1.82,75
39065,female,1.53,69
39066,female,1.55,71
39067,male,1.86,38
39068,male,1.85,23
39069,female,1.5,55
39070,female,1.64,25
39071,female,1.55,54
39072,male,1.78,37
39073,male,1.78,65
39074,male,1.74,51
39075,male,1.8,76
39076,male,1.73,65
39077,female,1.71,34
39078,female,1.58,63
39079,female,1.6,74
39080,male,1.67,61
39081,female,1.7,54
39082,female,1.58,51
39083,female,1.6,72
39084,female,1.52,46
39085,female,1.58,66
39086,female,1.57,56
39087,female,1.65,66
39088,male,1.9,66
39089,female,1.63,66
39090,male,1.76,57
39091,female,1.6,59
39092,male,1.76,62
39093,male,1.67,47
39094,male,1.75,67
39095,female,1.57,61
39096,female,1.68,64
39097,female,1.63,32
39098,female,1.63,75
39099,female,1.72,47
39100,female,1.7,52
39101,male,1.7,37
39102,female,1.68,69
39103,female,1.6,83
39104,male,1.86,56
39105,female,0.98,9
39106,male,1.7,22
39107,male,1.76,75
39108,male,1.82,74
39109,male,1.74,62
39110,female,1.66,53
39111,male,1.95,51
39112,female,1.6,45
39113,female,1.64,60
39114,male,1.76,73
39115,male,1.75,84
39116,female,1.6,65
39117,female,1.59,47
39118,male,1.82,47
39119,male,1.78,69
39120,female,1.64,59
39121,female,1.63,17
39122,male,1.65,49
39123,female,1.82,58
39124,male,1.72,64
39125,male,1.8,49
39126,male,1.6,65
39127,female,1.65,64
39128,male,1.6,76
39129,male,1.72,47
39130,female,1.56,73
39131,female,1.57,68
39132,female,1.6,78
39133,female,1.56,53
39134,female,1.7,37
39135,female,1.68,40
39136,female,1.64,76
39137,male,1.84,24
39138,female,1.59,44
39139,female,1.65,46
39140,male,1.85,36
39141,female,1.75,19
39142,male,1.8,50
39143,male,1.8,48
39144,female,1.56,75
39145,female,1.58,56
39146,female,1.65,79
39147,female,1.62,43
39148,male,1.69,74
39149,female,1.56,35
39150,female,1.67,73
39151,female,1.55,56
39152,female,1.6,70
39153,male,1.7,50
39154,female,1.67,43
39155,male,1.79,46
39156,male,1.86,35
39157,male,1.95,51
39158,female,1.5,49
39159,female,1.66,64
39160,male,1.78,64
39161,male,1.71,71
39162,male,1.87,79
39163,male,1.72,55
39164,female,1.64,55
39165,male,1.7,56
39166,female,1.63,43
39167,female,1.61,37
39168,female,1.75,51
39169,male,1.69,76
39170,male,1.68,48
39171,male,1.64,81
39172,female,1.5,75
39173,female,1.68,56
39174,female,1.62,73
39175,male,1.68,73
39176,female,1.5,91
39177,male,1.82,79
39178,male,1.65,76
39179,female,1.6,63
39180,male,1.72,30
39181,male,1.64,69
39182,male,1.66,60
39183,female,1.7,43
39184,male,1.75,60
39185,female,1.5,81
39186,female,1.56,68
39187,female,1.67,67
39188,female,1.74,51
39189,male,1.98,68
39190,male,1.76,73
39191,male,1.73,26
39192,male,1.7,79
39193,female,1.65,67
39194,female,1.5,76
39195,female,1.5,69
39196,male,1.8,73
39197,male,1.72,66
39198,male,1.94,23
39199,male,1.75,76
39200,male,1.76,63
39201,female,1.6,68
39202,female,1.65,80
39203,female,1.65,81
39204,female,1.68,58
39205,female,1.6,84
39206,female,1.68,75
39207,male,1.8,57
39208,male,1.68,66
39209,male,1.72,67
39210,male,1.7,70
39211,male,1.9,70
39212,female,1.6,70
39213,female,1.67,47
39214,male,1.88,83
39215,male,1.78,62
39216,male,1.7,74
39217,male,1.85,37
39218,female,1.7,53
39219,female,1.65,89
39220,female,1.6,83
39221,female,1.61,79
39222,male,1.8,58
39223,female,1.61,65
39224,female,1.6,78
39225,female,1.64,54
39226,female,1.7,89
39227,male,1.75,74
39228,male,1.65,68
39229,male,1.7,72
39230,female,1.63,75
39231,male,1.85,31
39232,male,1.95,18
39233,female,1.74,60
39234,male,1.8,48
39235,female,1.3,48
39236,male,1.68,70
39237,male,1.7,58
39238,male,1.8,69
39239,female,1.68,53
39240,female,1.69,65
39241,female,1.6,74
39242,male,1.92,47
39243,male,1.74,50
39244,female,1.68,47
39245,female,1.54,63
39246,female,1.65,49
39247,female,1.56,59
39248,male,1.77,57
39249,female,1.6,67
39250,male,1.8,32
39251,male,1.6,82
39252,male,1.72,67
39253,female,1.55,82
39254,female,1.7,83
39255,male,1.74,60
39256,male,1.7,83
39257,female,1.62,69
39258,female,1.58,63
39259,female,1.52,62
39260,female,1.6,71
39261,male,1.7,57
39262,female,0.9,68
39263,female,1.73,67
39264,male,1.76,40
39265,male,1.65,72
39266,male,1.93,52
39267,male,1.72,61
39268,male,1.69,69
39269,female,1.62,73
39270,female,1.65,61
39271,male,1.78,57
39272,female,1.65,65
39273,female,1.59,62
39274,male,1.61,51
39275,female,1.55,76
39276,female,1.55,47
39277,female,1.58,67
39278,female,1.7,64
39279,female,1.64,74
39280,female,1.6,51
39281,female,1.65,67
39282,female,1.58,71
39283,male,1.85,70
39284,female,1.52,65
39285,female,1.58,67
39286,female,1.53,54
39287,female,1.65,64
39288,female,1.62,58
39289,male,1.72,62
39290,female,1.58,69
39291,female,1.6,61
39292,female,1.54,61
39293,male,1.7,59
39294,male,1.76,57
39295,male,1.75,61
39296,female,1.55,47
39297,female,1.6,68
39298,female,1.68,53
39299,female,1.65,69
39300,female,1.56,75
39301,female,1.5,62
39302,female,1.68,65
39303,female,1.62,86
39304,male,1.84,71
39305,female,1.65,42
39306,female,1.62,64
39307,female,1.51,66
39308,female,1.52,70
39309,male,1.65,81
39310,male,1.76,66
39311,male,1.68,71
39312,female,1.6,34
39313,male,1.74,64
39314,female,1.7,69
39315,male,1.67,60
39316,male,1.6,72
39317,male,1.7,50
39318,male,1.65,69
39319,female,1.67,54
39320,male,1.42,9
39321,female,1.53,61
39322,female,1.56,64
39323,female,1.57,70
39324,male,1.75,75
39325,female,1.6,84
39326,female,1.62,81
39327,female,1.65,45
39328,female,1.65,53
39329,male,1.8,76
39330,female,1.61,55
39331,female,1.65,94
39332,female,1.7,55
39333,male,1.68,56
39334,male,1.68,67
39335,female,1.7,67
39336,female,1.68,86
39337,male,1.76,51
39338,male,1.73,46
39339,female,1.65,75
39340,male,1.87,54
39341,male,1.89,20
39342,male,1.7,48
39343,female,1.58,69
39344,female,1.63,28
39345,male,1.65,72
39346,male,1.8,65
39347,female,1.62,53
39348,male,1.65,78
39349,male,1.68,55
39350,male,1.75,81
39351,female,1.45,83
39352,female,1.65,57
39353,female,1.58,56
39354,male,1.7,68
39355,female,1.7,65
39356,male,1.7,73
39357,male,1.62,77
39358,male,1.96,37
39359,male,1.69,76
39360,female,1.6,63
39361,male,1.75,70
39362,male,1.7,71
39363,male,1.7,60
39364,male,1.8,68
39365,male,1.8,48
39366,male,1.65,26
39367,male,1.76,40
39368,male,1.7,60
39369,female,1.68,70
39370,male,1.63,46
39371,male,1.67,60
39372,male,1.79,64
39373,male,1.78,58
39374,male,1.75,41
39375,male,1.78,46
39376,female,1.87,50
39377,male,1.74,64
39378,male,1.7,20
39379,female,1.7,81
39380,female,1.53,44
39381,male,1.66,75
39382,male,1.83,78
39383,female,1.52,36
39384,female,1.6,82
39385,male,1.73,56
39386,female,1.58,67
39387,female,1.53,72
39388,female,1.6,83
39389,female,1.73,20
39390,male,1.67,77
39391,male,1.77,41
39392,female,1.58,62
39393,male,1.76,78
39394,male,1.83,59
39395,female,1.72,33
39396,male,1.73,65
39397,female,1.6,64
39398,male,1.94,73
39399,male,1.68,46
39400,male,1.7,72
39401,male,1.68,69
39402,male,1.78,60
39403,female,1.65,51
39404,female,1.63,53
39405,female,1.63,69
39406,female,1.68,57
39407,male,1.8,47
39408,female,1.67,69
39409,female,1.68,57
39410,male,1.72,78
39411,male,1.75,39
39412,female,1.53,82
39413,male,1.78,47
39414,male,1.78,78
39415,male,1.82,42
39416,female,1.73,32
39417,male,1.68,56
39418,female,1.6,69
39419,male,1.73,68
39420,male,1.7,60
39421,female,1.68,35
39422,male,1.68,56
39423,female,1.65,70
39424,male,1.7,56
39425,male,1.75,77
39426,male,1.68,73
39427,female,1.68,80
39428,female,1.6,75
39429,female,1.62,71
39430,male,1.68,55
39431,male,1.78,59
39432,female,1.62,85
39433,female,1.55,43
39434,female,1.68,46
39435,male,1.7,79
39436,female,1.75,58
39437,male,1.84,66
39438,female,1.65,47
39439,female,1.58,85
39440,male,1.7,73
39441,female,1.65,84
39442,female,1.63,44
39443,female,1.64,46
39444,female,1.73,40
39445,female,1.59,73
39446,female,1.6,91
39447,female,1.64,58
39448,female,1.58,76
39449,male,1.79,60
39450,female,1.44,71
39451,male,1.85,85
39452,female,1.68,64
39453,male,1.66,47
39454,female,1.58,59
39455,female,1.65,46
39456,female,1.53,57
39457,male,1.73,57
39458,female,1.65,82
39459,female,1.58,69
39460,female,1.63,36
39461,female,1.55,64
39462,female,1.62,84
39463,male,1.75,80
39464,male,1.76,44
39465,female,1.55,86
39466,female,1.55,78
39467,male,1.75,19
39468,female,1.65,33
39469,female,1.64,56
39470,female,1.65,58
39471,male,1.85,46
39472,female,1.65,78
39473,female,1.6,58
39474,female,1.6,73
39475,female,1.61,56
39476,female,1.48,77
39477,female,1.58,63
39478,female,1.64,72
39479,female,1.55,89
39480,female,1.65,71
39481,male,1.84,40
39482,female,1.7,40
39483,male,1.85,44
39484,female,1.68,43
39485,female,1.6,61
39486,female,1.52,55
39487,male,1.65,75
39488,male,1.74,60
39489,female,1.65,44
39490,male,1.9,68
39491,male,1.7,74
39492,male,1.75,69
39493,female,1.64,67
39494,female,1.58,61
39495,female,1.6,76
39496,male,1.74,75
39497,male,1.8,68
39498,female,1.65,34
39499,male,1.7,85
39500,female,1.57,58
39501,female,1.58,80
39502,female,1.54,48
39503,female,1.8,20
39504,male,1.87,31
39505,male,1.9,42
39506,male,1.75,64
39507,male,1.75,49
39508,male,1.6,24
39509,female,1.64,60
39510,female,1.62,76
39511,female,1.7,55
39512,male,1.84,46
39513,male,1.85,67
39514,male,1.5,80
39515,female,1.65,68
39516,male,1.76,61
39517,male,1.82,59
39518,male,1.62,74
39519,male,1.73,70
39520,female,1.52,74
39521,male,1.8,67
39522,female,1.57,60
39523,female,1.68,53
39524,male,1.74,57
39525,female,1.65,51
39526,female,1.54,51
39527,male,1.8,44
39528,female,1.6,53
39529,male,1.76,71
39530,female,1.76,53
39531,female,1.68,60
39532,male,1.76,46
39533,female,1.5,51
39534,female,1.64,45
39535,male,1.86,46
39536,male,1.76,71
39537,male,1.81,55
39538,female,1.6,83
39539,male,1.7,73
39540,female,1.59,72
39541,male,1.85,39
39542,female,1.68,62
39543,female,1.54,66
39544,female,1.65,79
39545,female,1.65,58
39546,female,1.7,63
39547,male,1.8,57
39548,female,1.64,64
39549,male,1.78,68
39550,male,1.72,63
39551,female,1.5,77
39552,female,1.6,71
39553,female,1.65,55
39554,male,1.68,81
39555,male,1.78,66
39556,female,1.52,46
39557,female,1.69,43
39558,female,1.7,52
39559,female,1.71,65
39560,female,1.56,74
39561,male,1.8,67
39562,female,1.5,65
39563,male,1.7,55
39564,male,1.76,56
39565,female,1.45,74
39566,female,1.63,30
39567,female,1.64,67
39568,male,1.75,70
39569,male,1.64,55
39570,male,1.76,80
39571,female,1.53,68
39572,male,1.65,63
39573,male,1.7,47
39574,female,1.67,82
39575,female,1.65,63
39576,female,1.65,64
39577,male,1.8,30
39578,female,1.74,73
39579,female,1.65,41
39580,male,1.74,40
39581,male,1.81,81
39582,female,1.68,70
39583,male,1.65,69
39584,female,1.6,59
39585,female,1.7,58
39586,male,1.84,60
39587,female,1.6,39
39588,male,1.7,59
39589,female,1.72,57
39590,male,1.8,18
39591,male,1.72,47
39592,female,1.68,62
39593,male,1.77,55
39594,female,1.6,57
39595,male,1.85,67
39596,female,1.6,56
39597,male,1.8,50
39598,male,1.62,82
39599,female,1.65,58
39600,female,1.58,70
39601,female,1.73,56
39602,female,1.77,65
39603,male,1.83,70
39604,male,1.76,60
39605,male,1.89,53
39606,female,1.64,58
39607,female,1.62,65
39608,male,1.83,53
39609,male,1.7,68
39610,male,1.72,68
39611,female,1.65,53
39612,male,1.7,70
39613,male,1.62,71
39614,female,1.53,76
39615,male,1.8,52
39616,female,1.56,62
39617,female,1.64,76
39618,female,1.78,28
39619,male,1.8,55
39620,male,1.75,61
39621,female,1.55,68
39622,male,1.95,52
39623,male,1.75,70
39624,female,1.68,59
39625,male,1.73,76
39626,female,1.74,50
39627,female,1.5,47
39628,female,1.65,79
39629,female,1.59,75
39630,male,1.67,77
39631,male,1.66,69
39632,female,1.64,55
39633,female,1.68,51
39634,male,1.85,57
39635,male,1.84,67
39636,female,1.6,63
39637,female,1.65,68
39638,male,1.67,74
39639,male,1.6,72
39640,female,1.49,52
39641,female,1.67,69
39642,female,1.5,74
39643,female,1.7,67
39644,female,1.6,70
39645,male,1.7,75
39646,female,1.67,21
39647,female,1.64,43
39648,male,1.72,30
39649,male,1.7,74
39650,female,1.6,28
39651,male,1.75,61
39652,female,1.52,74
39653,male,1.65,72
39654,male,1.74,57
39655,male,1.75,74
39656,female,1.55,43
39657,female,1.6,59
39658,male,1.79,45
39659,male,1.87,57
39660,female,1.71,48
39661,female,1.74,42
39662,female,1.65,79
39663,male,1.68,75
39664,male,1.72,52
39665,male,1.85,45
39666,female,1.58,67
39667,male,1.67,76
39668,male,1.8,54
39669,male,1.7,59
39670,male,1.81,48
39671,female,1.63,50
39672,male,1.8,66
39673,female,1.65,69
39674,female,1.75,18
39675,male,1.98,58
39676,female,1.62,33
39677,female,1.6,71
39678,male,1.78,54
39679,male,1.85,50
39680,male,1.8,73
39681,male,1.73,53
39682,female,1.68,44
39683,male,1.65,65
39684,female,1.73,47
39685,female,1.8,36
39686,male,1.78,66
39687,male,1.72,77
39688,male,1.74,53
39689,male,1.68,75
39690,male,1.72,75
39691,male,1.77,53
39692,female,1.65,51
39693,female,1.45,55
39694,male,1.72,48
39695,male,1.73,35
39696,male,1.87,57
39697,female,1.62,48
39698,female,1.64,82
39699,male,1.85,71
39700,female,1.8,53
39701,female,1.65,65
39702,female,1.58,66
39703,female,1.58,56
39704,female,1.65,31
39705,female,1.52,66
39706,male,1.78,55
39707,female,1.64,48
39708,male,1.72,73
39709,male,1.82,53
39710,male,1.75,84
39711,female,1.65,50
39712,female,1.76,80
39713,male,1.68,62
39714,male,1.72,66
39715,male,1.9,66
39716,female,1.74,52
39717,female,1.6,83
39718,male,1.7,42
39719,male,1.8,72
39720,male,1.25,7
39721,male,1.7,60
39722,female,1.6,70
39723,male,1.9,50
39724,female,1.6,61
39725,female,1.81,42
39726,female,1.55,75
39727,female,1.65,75
39728,female,1.7,77
39729,female,1.7,74
39730,male,1.85,55
39731,male,1.83,71
39732,female,1.65,46
39733,female,1.56,60
39734,female,1.65,59
39735,female,1.56,60
39736,female,1.5,81
39737,male,1.91,24
39738,female,1.75,65
39739,female,1.75,40
39740,male,1.7,48
39741,female,1.68,54
39742,male,1.67,49
39743,female,1.47,56
39744,male,1.7,80
39745,female,1.7,68
39746,male,1.76,33
39747,female,1.55,83
39748,female,1.68,67
39749,female,1.6,81
39750,female,1.64,57
39751,female,1.72,38
39752,male,1.7,80
39753,male,1.78,30
39754,male,1.7,70
39755,female,1.45,81
39756,male,1.85,60
39757,female,1.51,31
39758,male,1.65,53
39759,female,1.76,53
39760,male,1.85,64
39761,female,1.62,72
39762,male,1.84,65
39763,female,1.6,53
39764,male,1.58,70
39765,male,1.72,46
39766,male,1.65,59
39767,male,1.8,44
39768,male,1.92,43
39769,female,1.68,48
39770,male,1.7,45
39771,female,1.52,63
39772,female,1.65,51
39773,female,1.65,86
39774,female,1.63,73
39775,male,1.76,74
39776,female,1.62,80
39777,female,1.54,52
39778,male,1.82,58
39779,female,1.56,70
39780,female,1.6,53
39781,male,1.65,62
39782,male,1.8,40
39783,male,1.72,74
39784,female,1.52,45
39785,male,1.8,76
39786,female,1.7,58
39787,male,1.68,49
39788,male,1.65,82
39789,male,1.78,66
39790,male,1.67,60
39791,female,1.65,67
39792,female,1.62,80
39793,female,1.7,40
39794,male,1.83,60
39795,female,1.66,61
39796,female,1.76,49
39797,female,1.65,62
39798,female,1.67,42
39799,male,1.78,76
39800,male,1.77,73
39801,male,1.82,53
39802,female,1.5,79
39803,male,1.62,79
39804,female,1.75,34
39805,female,1.77,66
39806,male,1.7,68
39807,female,1.66,59
39808,female,1.56,58
39809,female,1.7,81
39810,male,1.8,41
39811,female,1.5,75
39812,male,1.67,80
39813,male,1.74,58
39814,female,1.62,54
39815,male,1.8,41
39816,male,1.68,12
39817,male,1.78,61
39818,male,1.68,82
39819,female,1.68,52
39820,male,1.9,63
39821,male,1.78,74
39822,male,1.76,51
39823,male,1.72,46
39824,female,1.7,55
39825,female,1.78,58
39826,male,1.85,49
39827,female,1.6,67
39828,female,1.58,50
39829,male,1.75,65
39830,female,1.7,78
39831,female,1.68,59
39832,female,1.67,65
39833,female,1.52,55
39834,female,1.72,50
39835,female,1.65,70
39836,female,1.62,40
39837,female,1.57,54
39838,male,1.68,74
39839,female,1.69,46
39840,male,1.7,63
39841,male,1.95,60
39842,male,1.82,44
39843,female,1.55,68
39844,female,1.67,72
39845,male,1.72,68
39846,female,1.52,68
39847,female,1.82,49
39848,female,1.56,81
39849,female,1.68,74
39850,female,1.5,55
39851,female,1.59,68
39852,male,1.96,61
39853,female,1.57,67
39854,female,1.6,62
39855,male,1.73,61
39856,male,1.7,41
39857,male,1.75,65
39858,female,1.7,51
39859,female,1.68,69
39860,female,1.65,23
39861,male,1.7,70
39862,female,1.62,74
39863,male,1.62,72
39864,female,1.65,69
39865,male,1.78,43
39866,male,1.7,63
39867,female,1.62,60
39868,female,1.56,76
39869,female,1.56,81
39870,male,1.8,53
39871,male,1.72,68
39872,female,1.56,58
39873,male,1.7,49
39874,male,1.65,69
39875,male,1.65,67
39876,female,1.67,48
39877,male,1.7,53
39878,female,1.65,51
39879,male,1.68,58
39880,male,1.84,53
39881,female,1.63,87
39882,female,1.6,89
39883,female,1.7,72
39884,female,1.6,58
39885,male,1.81,51
39886,male,1.6,74
39887,female,1.75,38
39888,female,1.7,75
39889,male,1.9,74
39890,female,1.76,78
39891,female,1.6,72
39892,male,1.85,46
39893,male,1.8,70
39894,female,1.68,70
39895,female,1.64,70
39896,male,1.8,55
39897,female,1.6,58
39898,male,1.68,83
39899,male,1.76,74
39900,female,1.73,60
39901,female,1.62,77
39902,male,1.72,75
39903,male,1.68,61
39904,female,1.72,60
39905,male,1.78,69
39906,female,1.72,75
39907,male,1.75,43
39908,female,1.59,86
39909,female,1.64,46
39910,male,1.68,71
39911,female,1.65,66
39912,male,1.8,87
39913,male,1.78,55
39914,female,1.55,84
39915,female,1.58,33
39916,female,1.7,55
39917,female,1.58,75
39918,male,1.69,64
39919,female,1.62,70
39920,male,1.8,66
39921,male,1.68,52
39922,male,1.58,67
39923,female,1.69,47
39924,female,1.67,75
39925,female,1.5,69
39926,male,1.69,59
39927,female,1.75,47
39928,female,1.7,52
39929,male,1.83,68
39930,female,1.5,66
39931,male,1.78,74
39932,male,1.68,69
39933,male,1.73,30
39934,male,1.67,70
39935,male,1.78,33
39936,male,1.82,67
39937,female,1.53,61
39938,male,1.86,72
39939,male,1.7,69
39940,female,1.58,69
39941,female,1.59,55
39942,male,1.8,65
39943,female,1.6,80
39944,female,1.63,71
39945,female,1.6,76
39946,female,1.63,63
39947,female,1.6,72
39948,female,1.62,77
39949,female,1.66,76
39950,female,1.68,54
39951,male,1.8,57
39952,female,1.72,48
39953,male,1.77,80
39954,female,1.79,57
39955,female,1.56,75
39956,male,1.7,79
39957,male,1.76,82
39958,female,1.64,70
39959,female,1.5,84
39960,female,1.64,60
39961,female,1.68,52
39962,female,1.57,57
39963,female,1.63,70
39964,female,1.74,64
39965,male,1.73,55
39966,male,1.7,51
39967,female,1.65,52
39968,male,1.75,51
39969,male,1.82,70
39970,female,1.62,67
39971,female,1.55,16
39972,female,1.58,74
39973,female,1.7,48
39974,male,1.76,40
39975,male,1.7,82
39976,female,1.65,63
39977,female,1.7,89
39978,male,1.86,22
39979,male,1.85,59
39980,female,1.55,78
39981,female,1.7,72
39982,male,1.65,76
39983,female,1.47,72
39984,female,1.63,67
39985,female,1.64,78
39986,female,1.68,72
39987,male,1.72,67
39988,male,1.88,50
39989,female,1.65,22
39990,female,1.5,56
39991,male,1.7,60
39992,male,1.64,63
39993,male,1.63,70
39994,female,1.64,61
39995,female,1.62,66
39996,male,1.75,79
39997,female,1.65,52
39998,female,1.6,75
39999,male,1.75,66
40000,female,1.8,35
40001,male,1.76,82
40002,female,1.7,49
40003,male,1.78,74
40004,male,1.69,65
40005,female,1.58,50
40006,female,1.53,60
40007,male,1.78,68
40008,male,1.78,92
40009,male,1.73,66
40010,male,1.75,60
40011,female,1.6,37
40012,female,1.6,66
40013,female,1.63,43
40014,female,1.6,51
40015,female,1.6,85
40016,male,1.75,84
40017,female,1.65,85
40018,male,1.66,78
40019,male,1.72,59
40020,male,1.82,72
40021,male,1.65,55
40022,female,1.61,49
40023,male,1.75,54
40024,female,1.68,51
40025,female,1.67,74
40026,female,1.67,82
40027,female,1.64,80
40028,female,1.66,52
40029,male,1.82,74
40030,male,1.72,56
40031,female,1.68,65
40032,female,1.64,64
40033,female,1.68,66
40034,female,1.56,69
40035,male,1.75,71
40036,female,1.7,50
40037,male,1.88,19
40038,male,1.75,51
40039,male,1.72,71
40040,male,1.76,52
40041,female,1.6,63
40042,male,1.8,65
40043,male,1.71,66
40044,female,1.65,40
40045,male,1.65,55
40046,female,1.55,76
40047,female,1.75,60
40048,female,1.65,55
40049,female,1.56,71
40050,male,1.84,57
40051,female,1.6,75
40052,male,1.95,40
40053,male,1.8,70
40054,female,1.6,84
40055,female,1.62,80
40056,male,1.8,55
40057,male,1.83,56
40058,male,1.74,55
40059,male,1.74,69
40060,female,1.55,49
40061,male,1.5,64
40062,female,1.58,36
40063,female,1.65,46
40064,female,1.53,56
40065,female,1.55,75
40066,male,1.78,64
40067,female,1.65,58
40068,female,1.68,50
40069,male,1.75,68
40070,female,1.6,45
40071,male,1.8,60
40072,male,1.8,76
40073,female,1.56,71
40074,male,1.72,41
40075,male,1.78,35
40076,female,1.5,50
40077,female,1.68,69
40078,female,1.53,76
40079,female,1.65,80
40080,male,1.9,55
40081,female,1.64,46
40082,female,1.3,7
40083,male,1.6,38
40084,male,1.72,78
40085,female,1.65,75
40086,female,1.58,39
40087,female,1.6,80
40088,male,1.67,80
40089,female,1.7,78
40090,female,1.6,88
40091,male,1.85,37
40092,male,1.65,49
40093,male,1.68,69
40094,female,1.65,81
40095,male,1.82,63
40096,male,1.6,65
40097,male,1.6,66
40098,female,1.62,66
40099,male,1.72,56
40100,male,1.7,69
40101,female,1.62,46
40102,male,1.76,59
40103,female,1.67,34
40104,female,1.5,75
40105,female,1.63,75
40106,male,1.83,56
40107,male,1.75,43
40108,female,1.64,53
40109,female,1.7,74
40110,female,1.63,75
40111,male,1.73,78
40112,female,1.74,41
40113,female,1.5,71
40114,male,1.7,77
40115,female,1.54,51
40116,female,1.68,59
40117,female,1.6,76
40118,male,1.85,64
40119,male,1.65,69
40120,female,1.65,22
40121,female,1.58,79
40122,female,1.6,76
40123,male,1.88,46
40124,male,1.78,49
40125,male,1.82,69
40126,male,1.75,50
40127,male,1.73,73
40128,male,1.65,54
40129,female,1.65,64
40130,male,1.7,50
40131,female,1.58,79
40132,female,1.62,70
40133,male,1.9,49
40134,female,1.74,33
40135,female,1.5,77
40136,female,1.65,27
40137,male,1.65,67
40138,male,1.78,71
40139,male,1.68,52
40140,male,1.78,57
40141,male,1.71,31
40142,female,1.65,48
40143,male,1.7,60
40144,male,1.06,72
40145,male,1.7,70
40146,male,1.7,76
40147,female,1.7,75
40148,male,1.78,71
40149,female,1.66,72
40150,female,1.55,30
40151,female,1.68,73
40152,male,1.7,84
40153,male,1.76,50
40154,male,1.88,49
40155,female,1.64,49
40156,male,1.72,25
40157,female,1.5,61
40158,female,1.52,71
40159,male,1.8,70
40160,female,1.56,74
40161,female,1.62,76
40162,male,1.72,72
40163,male,1.87,45
40164,female,1.6,69
40165,male,1.75,72
40166,male,1.55,90
40167,male,1.76,68
40168,female,1.63,61
40169,male,1.72,70
40170,female,1.76,55
40171,male,1.67,75
40172,male,1.91,53
40173,female,1.53,73
40174,female,1.6,71
40175,male,1.78,50
40176,female,1.59,50
40177,male,1.87,21
40178,male,1.73,81
40179,female,1.6,63
40180,male,1.74,83
40181,female,1.54,75
40182,male,1.76,79
40183,female,1.56,49
40184,male,1.7,63
40185,female,1.65,40
40186,male,1.74,50
40187,female,1.5,86
40188,female,1.7,56
40189,male,1.55,66
40190,female,1.66,19
40191,male,1.88,65
40192,female,1.6,69
40193,male,1.69,75
40194,female,1.6,78
40195,male,1.89,42
40196,male,1.87,32
40197,female,1.6,58
40198,female,1.76,77
40199,female,1.55,81
40200,female,1.66,57
40201,female,1.52,77
40202,female,1.65,70
40203,male,1.7,64
40204,male,1.79,29
40205,female,1.6,45
40206,female,1.64,71
40207,male,1.63,73
40208,male,1.83,72
40209,female,1.58,74
40210,female,1.6,72
40211,male,1.6,12
40212,male,1.76,71
40213,male,1.93,68
40214,male,1.7,71
40215,male,1.72,47
40216,male,1.73,78
40217,female,1.68,55
40218,male,1.73,71
40219,female,1.46,72
40220,male,1.85,50
40221,male,1.75,70
40222,male,1.68,57
40223,female,1.63,67
40224,male,1.75,64
40225,male,1.7,67
40226,female,1.65,52
40227,female,1.7,76
40228,male,1.65,91
40229,female,1.7,68
40230,male,1.76,51
40231,female,1.6,71
40232,female,1.58,78
40233,female,1.5,83
40234,male,1.82,71
40235,female,1.63,58
40236,female,1.68,37
40237,female,1.5,61
40238,female,1.6,61
40239,male,1.7,56
40240,male,1.75,58
40241,female,1.62,83
40242,female,1.6,61
40243,male,1.65,67
40244,male,1.72,66
40245,female,1.74,44
40246,female,1.6,70
40247,female,1.62,60
40248,female,1.64,40
40249,female,1.7,40
40250,male,1.8,62
40251,male,1.71,32
40252,female,1.67,63
40253,male,1.81,79
40254,female,1.64,71
40255,female,1.58,53
40256,male,1.8,81
40257,male,1.75,47
40258,female,1.65,82
40259,male,1.75,65
40260,female,1.54,69
40261,male,1.9,71
40262,male,1.7,68
40263,male,1.78,61
40264,female,1.68,64
40265,female,1.55,58
40266,male,1.78,82
40267,female,1.63,76
40268,male,1.7,75
40269,female,1.72,70
40270,female,1.58,67
40271,male,1.68,68
40272,male,1.74,70
40273,male,1.5,75
40274,male,1.74,55
40275,male,1.73,12
40276,female,1.68,43
40277,female,1.65,67
40278,male,1.6,52
40279,male,1.68,72
40280,female,1.5,78
40281,female,1.67,64
40282,female,1.52,72
40283,female,1.5,55
40284,male,1.84,75
40285,female,1.62,67
40286,female,1.61,76
40287,male,1.68,66
40288,female,1.68,50
40289,male,1.74,79
40290,female,1.71,59
40291,male,1.72,73
40292,female,1.6,84
40293,male,1.78,70
40294,male,1.65,56
40295,male,1.62,51
40296,female,1.76,54
40297,male,1.78,59
40298,female,1.6,54
40299,male,1.68,79
40300,male,1.68,74
40301,male,1.72,61
40302,female,1.73,29
40303,male,1.7,65
40304,female,1.65,78
40305,female,1.7,48
40306,male,1.48,70
40307,female,1.6,69
40308,female,1.6,74
40309,female,1.73,58
40310,female,1.5,88
40311,female,1.75,46
40312,female,1.65,63
40313,female,1.73,45
40314,female,1.58,69
40315,female,1.64,51
40316,female,1.67,68
40317,female,1.62,41
40318,male,1.8,71
40319,male,1.83,70
40320,female,1.57,43
40321,male,1.82,46
40322,female,1.54,64
40323,female,1.68,56
40324,female,1.58,74
40325,female,1.64,56
40326,male,1.68,77
40327,female,1.64,74
40328,female,1.72,54
40329,male,1.7,74
40330,male,1.72,60
40331,female,1.56,84
40332,female,1.67,75
40333,female,1.62,71
40334,female,1.68,78
40335,male,1.6,67
40336,male,1.78,48
40337,female,1.55,77
40338,male,1.7,82
40339,female,1.72,47
40340,female,1.72,50
40341,male,1.87,69
40342,female,1.64,73
40343,female,1.62,79
40344,male,1.65,76
40345,female,1.6,38
40346,male,1.72,66
40347,female,1.73,65
40348,female,1.58,74
40349,male,1.78,61
40350,female,1.65,61
40351,male,1.69,77
40352,female,1.6,36
40353,male,1.65,59
40354,female,1.58,71
40355,male,1.8,53
40356,male,1.82,69
40357,female,1.63,67
40358,female,1.63,57
40359,male,1.7,64
40360,male,1.75,70
40361,male,1.6,68
40362,female,1.53,46
40363,male,1.78,31
40364,male,1.68,62
40365,female,1.68,59
40366,male,1.7,63
40367,female,1.64,56
40368,female,1.65,44
40369,male,1.7,32
40370,male,1.74,70
40371,female,1.52,48
40372,female,1.7,67
40373,female,1.5,86
40374,female,1.52,13
40375,male,1.72,53
40376,female,1.7,81
40377,female,1.64,61
40378,male,1.84,38
40379,male,1.72,76
40380,female,1.65,60
40381,male,1.88,54
40382,female,1.58,66
40383,male,1.8,39
40384,female,1.58,75
40385,male,1.7,59
40386,female,1.57,57
40387,female,1.58,73
40388,female,1.55,65
40389,female,1.54,60
40390,female,1.64,72
40391,female,1.72,74
40392,female,1.58,55
40393,female,1.67,69
40394,female,1.71,67
40395,female,1.73,34
40396,female,1.58,55
40397,male,1.72,75
40398,female,1.53,75
40399,female,1.5,76
40400,male,1.76,43
40401,female,1.8,52
40402,female,1.68,75
40403,male,1.65,57
40404,female,1.63,61
40405,female,1.55,41
40406,male,1.74,70
40407,male,1.8,55
40408,male,1.78,36
40409,female,1.73,49
40410,female,1.58,45
40411,female,1.75,49
40412,female,1.52,68
40413,male,1.82,54
40414,female,1.52,84
40415,female,1.58,57
40416,female,1.62,67
40417,male,1.7,72
40418,female,1.67,46
40419,male,1.65,58
40420,male,1.83,80
40421,female,1.7,28
40422,female,1.6,47
40423,male,1.72,51
40424,male,1.69,59
40425,female,1.63,63
40426,female,1.68,47
40427,female,1.6,60
40428,male,1.78,62
40429,female,1.65,67
40430,male,1.7,75
40431,male,1.83,34
40432,female,1.7,26
40433,female,1.59,63
40434,female,1.7,58
40435,female,1.56,77
40436,female,1.6,48
40437,male,1.7,57
40438,male,1.58,54
40439,female,1.7,51
40440,male,1.85,24
40441,male,1.85,54
40442,female,1.48,72
40443,male,1.67,63
40444,female,1.6,53
40445,male,1.71,68
40446,female,1.52,56
40447,female,1.58,57
40448,female,1.66,79
40449,male,1.75,72
40450,male,1.76,49
40451,male,1.7,55
40452,female,1.6,73
40453,female,1.6,88
40454,female,1.56,77
40455,female,1.82,49
40456,male,1.5,85
40457,female,1.58,54
40458,female,1.6,61
40459,female,1.65,84
40460,male,1.68,14
40461,male,1.75,61
40462,female,1.54,53
40463,male,1.8,47
40464,male,1.8,59
40465,female,1.78,20
40466,female,1.64,61
40467,female,1.58,71
40468,female,1.55,48
40469,female,1.6,85
40470,male,1.76,51
40471,male,1.84,41
40472,female,1.68,85
40473,male,1.72,79
40474,male,1.63,57
40475,male,1.75,64
40476,male,1.65,77
40477,male,1.72,83
40478,female,1.68,52
40479,female,1.58,65
40480,female,1.53,81
40481,male,1.69,37
40482,female,1.62,71
40483,female,1.6,55
40484,male,1.65,45
40485,female,1.75,72
40486,male,1.67,46
40487,male,1.58,67
40488,female,1.57,78
40489,male,1.82,50
40490,male,1.73,49
40491,male,1.73,51
40492,female,1.65,45
40493,female,1.62,70
40494,male,1.62,75
40495,female,1.64,65
40496,female,1.8,71
40497,female,1.51,74
40498,male,1.6,77
40499,female,1.56,78
40500,female,1.55,66
40501,male,1.67,61
40502,male,1.71,42
40503,male,1.78,64
40504,male,1.75,58
40505,female,1.6,50
40506,female,1.66,77
40507,female,1.63,44
40508,male,1.86,33
40509,male,1.69,64
40510,female,1.64,69
40511,male,1.67,57
40512,female,1.68,33
40513,female,1.6,92
40514,male,1.72,43
40515,male,1.76,71
40516,male,1.64,17
40517,male,1.65,53
40518,male,1.75,30
40519,male,1.73,76
40520,female,1.65,83
40521,male,1.8,36
40522,male,1.72,74
40523,female,1.54,73
40524,male,1.78,23
40525,female,1.71,61
40526,female,1.68,73
40527,female,1.7,50
40528,female,1.62,42
40529,female,1.58,61
40530,female,1.58,89
40531,female,1.64,54
40532,female,1.6,75
40533,female,1.68,54
40534,male,1.72,67
40535,male,1.78,50
40536,female,1.61,60
40537,female,1.66,69
40538,female,1.53,68
40539,female,1.55,68
40540,male,1.76,61
40541,female,1.58,64
40542,male,1.71,81
40543,male,1.73,54
40544,female,1.62,74
40545,male,1.64,49
40546,male,1.67,76
40547,male,1.84,65
40548,female,1.6,87
40549,male,1.68,76
40550,female,1.65,74
40551,male,1.75,49
40552,female,1.64,56
40553,male,1.85,50
40554,female,1.6,81
40555,female,1.76,49
40556,male,1.83,67
40557,female,1.77,47
40558,female,1.54,73
40559,male,1.85,70
40560,female,1.7,52
40561,female,1.53,74
40562,female,1.75,96
40563,male,1.78,81
40564,male,1.7,55
40565,female,1.58,54
40566,female,1.65,30
40567,male,1.65,32
40568,male,1.88,73
40569,male,1.72,45
40570,male,1.85,47
40571,female,1.65,77
40572,male,1.83,49
40573,female,1.53,60
40574,female,1.73,69
40575,male,1.69,48
40576,female,1.6,62
40577,male,1.98,30
40578,female,1.6,79
40579,male,1.83,33
40580,male,1.69,61
40581,female,1.63,54
40582,female,1.6,65
40583,female,1.63,45
40584,male,1.76,80
40585,male,1.73,43
40586,female,1.6,43
40587,female,1.7,61
40588,female,1.7,92
40589,female,1.63,55
40590,female,1.63,56
40591,male,1.85,45
40592,female,1.48,84
40593,female,1.6,50
40594,male,1.7,71
40595,male,1.94,52
40596,male,1.8,71
40597,female,1.65,61
40598,male,1.87,69
40599,female,1.64,60
40600,male,1.83,62
40601,female,1.5,63
40602,male,1.67,81
40603,female,1.67,61
40604,female,1.67,68
40605,female,1.5,63
40606,female,1.68,80
40607,male,1.79,70
40608,male,1.86,60
40609,male,1.76,72
40610,female,1.61,66
40611,male,1.72,28
40612,male,1.74,70
40613,female,1.6,50
40614,male,1.7,68
40615,male,1.85,59
40616,female,1.5,74
40617,male,1.8,39
40618,female,1.55,71
40619,male,1.88,62
40620,male,1.85,76
40621,male,1.65,83
40622,male,1.78,79
40623,female,1.65,59
40624,male,1.72,56
40625,female,1.7,85
40626,female,1.6,82
40627,female,1.58,84
40628,male,1.77,70
40629,female,1.6,71
40630,male,1.8,81
40631,male,1.82,85
40632,male,1.7,74
40633,female,1.6,62
40634,male,1.78,47
40635,female,1.61,62
40636,female,1.7,42
40637,female,1.73,45
40638,female,1.6,80
40639,male,1.74,48
40640,female,1.54,81
40641,female,1.54,78
40642,male,1.76,71
40643,male,1.75,70
40644,female,1.65,52
40645,male,1.65,60
40646,male,1.78,37
40647,female,1.59,40
40648,male,1.62,64
40649,female,1.64,55
40650,female,1.65,63
40651,male,1.7,34
40652,female,1.74,55
40653,female,1.56,68
40654,female,1.62,64
40655,female,1.7,70
40656,male,1.77,72
40657,male,1.85,69
40658,male,1.85,40
40659,female,1.68,69
40660,female,1.53,69
40661,female,1.6,71
40662,male,1.82,22
40663,female,1.6,44
40664,male,1.77,67
40665,male,1.74,28
40666,female,1.64,50
40667,female,1.58,53
40668,male,1.65,79
40669,female,1.75,76
40670,female,1.7,63
40671,male,1.78,68
40672,female,1.64,57
40673,female,1.62,34
40674,male,1.76,76
40675,female,1.62,79
40676,male,1.7,72
40677,male,1.7,59
40678,male,1.8,18
40679,female,1.7,71
40680,male,1.75,46
40681,male,1.7,72
40682,male,1.77,74
40683,male,1.92,38
40684,female,1.54,77
40685,male,1.67,68
40686,female,1.64,64
40687,female,1.55,67
40688,female,1.65,50
40689,female,1.68,79
40690,male,1.6,65
40691,male,1.76,73
40692,female,1.62,51
40693,male,1.85,73
40694,female,1.52,73
40695,female,1.74,26
40696,female,1.65,74
40697,female,1.6,44
40698,female,1.7,22
40699,female,1.76,64
40700,male,1.84,79
40701,female,1.62,73
40702,male,1.72,68
40703,female,1.64,46
40704,male,1.8,48
40705,male,1.88,54
40706,male,1.74,81
40707,male,1.57,71
40708,female,1.58,64
40709,female,1.57,37
40710,female,1.58,59
40711,male,1.62,71
40712,female,1.74,55
40713,male,1.76,63
40714,female,1.65,69
40715,female,1.67,44
40716,female,1.68,56
40717,female,1.5,51
40718,female,1.7,58
40719,female,1.68,34
40720,female,1.72,61
40721,female,1.65,35
40722,female,1.6,54
40723,male,1.75,63
40724,male,1.86,28
40725,female,1.64,45
40726,male,1.87,66
40727,male,1.76,50
40728,male,1.67,71
40729,female,1.7,57
40730,female,1.55,73
40731,female,1.64,70
40732,female,1.63,74
40733,male,1.73,71
40734,female,1.7,50
40735,male,1.78,53
40736,female,1.68,72
40737,female,1.7,58
40738,female,1.6,54
40739,female,1.5,71
40740,female,1.65,54
40741,male,1.67,27
40742,female,1.58,64
40743,male,1.72,66
40744,female,1.68,48
40745,male,1.6,64
40746,male,1.83,77
40747,male,1.78,55
40748,male,1.56,75
40749,female,1.6,57
40750,female,1.65,38
40751,male,1.8,50
40752,male,1.86,50
40753,female,1.58,64
40754,female,1.45,70
40755,male,1.74,24
40756,female,1.62,38
40757,male,1.84,67
40758,female,1.6,57
40759,male,1.73,64
40760,female,1.52,63
40761,female,1.61,66
40762,male,1.78,55
40763,male,1.8,40
40764,female,1.62,81
40765,female,1.56,72
40766,female,1.6,58
40767,male,1.85,68
40768,female,1.63,77
40769,female,1.58,81
40770,female,1.67,41
40771,male,1.76,73
40772,male,1.78,57
40773,male,1.7,46
40774,male,1.72,70
40775,female,1.7,80
40776,male,1.73,56
40777,female,1.78,83
40778,male,1.77,57
40779,male,1.8,69
40780,female,1.6,67
40781,female,1.43,73
40782,male,1.78,52
40783,male,1.72,78
40784,female,1.75,66
40785,female,1.55,61
40786,female,1.63,69
40787,male,1.7,57
40788,male,1.7,81
40789,female,1.66,67
40790,female,1.69,49
40791,female,1.65,76
40792,male,1.87,64
40793,male,0.9,69
40794,male,1.69,82
40795,female,0.6,50
40796,male,1.8,68
40797,female,1.48,71
40798,male,1.65,59
40799,female,1.64,74
40800,male,1.8,44
40801,male,1.9,58
40802,male,1.83,72
40803,male,1.6,78
40804,male,1.75,54
40805,male,1.7,60
40806,female,1.6,78
40807,female,1.7,69
40808,male,1.73,41
40809,female,1.6,76
40810,female,1.6,53
40811,male,1.7,65
40812,male,1.62,85
40813,male,1.79,67
40814,female,1.64,47
40815,female,1.65,71
40816,male,1.82,49
40817,male,1.86,54
40818,male,1.6,76
40819,male,1.65,73
40820,female,1.7,60
40821,male,1.7,43
40822,female,1.68,77
40823,male,1.78,42
40824,female,1.5,69
40825,female,1.65,47
40826,female,1.71,39
40827,female,1.7,59
40828,male,1.75,77
40829,male,1.7,36
40830,female,1.58,53
40831,male,1.71,50
40832,female,1.73,36
40833,male,1.72,50
40834,male,1.76,50
40835,female,1.76,70
40836,female,1.65,49
40837,female,1.58,55
40838,female,1.64,73
40839,male,1.72,77
40840,female,1.6,68
40841,male,1.76,61
40842,male,1.75,75
40843,female,1.56,60
40844,female,1.62,70
40845,male,1.65,73
40846,female,1.58,69
40847,female,1.45,10
40848,male,1.78,63
40849,male,1.81,59
40850,female,1.6,75
40851,female,1.58,49
40852,female,1.73,47
40853,male,1.76,44
40854,female,1.72,70
40855,male,1.73,82
40856,female,1.65,61
40857,female,1.55,69
40858,female,1.5,61
40859,male,1.8,32
40860,male,1.8,76
40861,male,1.78,36
40862,male,1.92,50
40863,female,1.7,49
40864,female,1.7,64
40865,male,1.78,57
40866,male,1.75,55
40867,male,1.71,73
40868,female,1.63,60
40869,male,1.68,41
40870,female,1.75,59
40871,male,1.83,76
40872,male,1.82,39
40873,male,1.79,63
40874,female,1.65,47
40875,female,1.55,72
40876,male,1.77,54
40877,male,1.82,71
40878,female,1.69,40
40879,female,1.54,72
40880,female,1.7,45
40881,male,1.71,50
40882,female,1.67,40
40883,female,1.6,60
40884,female,1.58,77
40885,female,1.67,42
40886,male,1.94,33
40887,female,1.53,76
40888,male,1.87,40
40889,female,1.55,77
40890,female,1.65,52
40891,female,1.64,73
40892,female,1.5,43
40893,male,1.9,50
40894,female,1.64,59
40895,female,1.68,62
40896,male,1.78,77
40897,male,1.75,69
40898,female,1.64,49
40899,female,1.65,67
40900,male,1.78,46
40901,female,1.65,86
40902,male,1.68,66
40903,female,1.57,57
40904,male,1.84,19
40905,male,1.85,48
40906,male,1.73,48
40907,male,1.78,76
40908,female,1.58,40
40909,female,1.65,74
40910,male,1.83,46
40911,male,1.68,80
40912,female,1.73,42
40913,male,1.82,83
40914,male,1.7,80
40915,female,1.55,84
40916,female,1.7,62
40917,male,1.7,67
40918,male,1.87,30
40919,female,1.68,75
40920,female,1.73,27
40921,male,1.7,60
40922,male,1.79,69
40923,female,1.6,69
40924,male,1.6,54
40925,female,1.65,69
40926,female,1.63,58
40927,male,1.7,70
40928,male,1.75,34
40929,male,1.68,49
40930,male,1.76,32
40931,male,1.72,63
40932,male,1.73,75
40933,female,1.64,47
40934,female,1.58,81
40935,male,1.6,78
40936,male,1.7,32
40937,female,1.59,51
40938,male,1.82,81
40939,male,1.85,54
40940,male,1.74,67
40941,female,1.7,49
40942,female,1.64,70
40943,female,1.6,68
40944,female,1.54,78
40945,male,1.71,50
40946,male,1.86,46
40947,male,1.78,24
40948,female,1.64,69
40949,female,1.56,73
40950,female,1.58,75
40951,female,1.78,72
40952,female,1.61,78
40953,male,1.8,67
40954,male,1.75,59
40955,male,1.78,78
40956,female,1.65,63
40957,female,1.62,37
40958,male,1.74,50
40959,female,1.65,22
40960,male,1.87,39
40961,female,1.5,78
40962,male,1.75,44
40963,male,1.81,71
40964,male,1.87,64
40965,male,1.76,59
40966,male,1.75,54
40967,female,1.55,48
40968,male,0.83,63
40969,female,1.61,25
40970,female,1.64,72
40971,female,1.71,62
40972,female,1.58,66
40973,male,1.73,44
40974,male,1.65,74
40975,male,1.72,21
40976,male,1.74,63
40977,female,1.46,74
40978,female,1.73,53
40979,female,1.6,71
40980,female,1.72,68
40981,female,1.6,45
40982,female,1.58,59
40983,male,1.78,54
40984,female,1.65,63
40985,female,1.56,69
40986,female,1.53,53
40987,female,1.55,44
40988,male,1.84,41
40989,female,1.59,66
40990,male,1.78,55
40991,male,1.81,56
40992,male,1.75,46
40993,female,1.45,75
40994,female,1.66,34
40995,male,1.78,43
40996,male,1.82,71
40997,female,1.68,70
40998,female,1.65,62
40999,female,1.6,84
41000,male,1.82,23
41001,male,1.77,56
41002,male,1.8,38
41003,female,1.66,46
41004,female,1.65,69
41005,female,1.64,52
41006,female,1.56,66
41007,female,1.65,33
41008,female,1.55,69
41009,male,1.72,67
41010,male,1.83,47
41011,male,1.81,82
41012,male,1.72,48
41013,male,1.83,56
41014,female,1.6,69
41015,male,1.75,65
41016,female,1.6,71
41017,female,1.65,37
41018,female,1.76,32
41019,female,1.55,77
41020,male,1.82,66
41021,female,1.64,69
41022,male,1.84,23
41023,male,1.7,65
41024,female,1.59,54
41025,female,1.65,81
41026,female,1.58,75
41027,male,1.74,70
41028,female,1.75,50
41029,female,1.5,73
41030,male,1.76,84
41031,male,1.7,68
41032,female,1.6,89
41033,female,1.58,67
41034,male,1.78,68
41035,male,1.86,29
41036,female,1.72,54
41037,male,1.78,50
41038,female,1.7,39
41039,female,1.52,48
41040,female,1.62,74
41041,male,1.76,39
41042,male,1.87,50
41043,male,1.76,61
41044,female,1.7,49
41045,male,1.69,73
41046,female,1.5,70
41047,female,1.6,85
41048,male,1.6,82
41049,female,1.53,69
41050,female,1.58,35
41051,male,1.75,81
41052,female,1.62,62
41053,male,1.63,74
41054,female,1.63,49
41055,male,1.7,75
41056,female,1.7,64
41057,male,1.65,72
41058,male,1.65,54
41059,female,1.72,79
41060,male,1.68,74
41061,male,1.75,69
41062,male,1.82,64
41063,male,1.83,34
41064,female,1.47,76
41065,male,1.68,76
41066,male,1.72,56
41067,female,1.7,70
41068,male,1.8,53
41069,female,1.62,67
41070,female,1.65,61
41071,female,1.7,60
41072,male,1.86,28
41073,male,1.69,74
41074,male,1.91,76
41075,male,1.74,68
41076,male,1.85,52
41077,male,1.65,67
41078,male,1.7,65
41079,male,1.78,34
41080,male,1.65,68
41081,female,1.59,82
41082,female,1.58,69
41083,female,1.66,60
41084,female,1.5,70
41085,male,1.87,28
41086,female,1.6,71
41087,female,1.64,75
41088,female,1.66,79
41089,male,1.72,58
41090,female,1.63,67
41091,female,1.6,82
41092,male,1.85,60
41093,female,1.68,37
41094,male,1.72,71
41095,female,1.65,87
41096,male,1.72,53
41097,female,1.55,34
41098,female,1.64,65
41099,female,1.68,57
41100,female,1.55,76
41101,male,1.8,58
41102,female,1.6,52
41103,male,1.66,57
41104,female,1.65,72
41105,female,1.52,58
41106,male,1.82,48
41107,male,1.76,66
41108,male,1.73,72
41109,female,1.68,58
41110,male,1.79,69
41111,male,1.95,45
41112,male,1.85,43
41113,male,1.72,46
41114,male,1.65,72
41115,male,1.93,36
41116,male,1.78,72
41117,female,1.55,80
41118,female,1.66,84
41119,male,1.85,70
41120,male,1.78,71
41121,male,1.8,65
41122,male,1.7,84
41123,female,1.61,65
41124,female,1.66,73
41125,male,1.75,50
41126,male,1.78,73
41127,male,1.8,64
41128,female,1.54,74
41129,female,1.6,62
41130,female,1.72,39
41131,female,1.6,76
41132,female,1.62,62
41133,male,1.76,48
41134,female,1.82,52
41135,female,1.67,64
41136,male,1.78,77
41137,male,1.85,65
41138,female,1.56,78
41139,male,1.78,56
41140,male,1.75,70
41141,male,1.79,44
41142,female,1.6,90
41143,male,1.76,51
41144,female,1.68,49
41145,male,1.96,46
41146,male,1.73,63
41147,female,1.7,61
41148,female,1.64,60
41149,female,1.64,72
41150,female,1.65,76
41151,female,1.56,66
41152,female,1.63,86
41153,female,1.73,51
41154,male,1.82,44
41155,male,0.65,63
41156,male,1.75,69
41157,female,1.76,65
41158,male,1.94,69
41159,female,1.55,68
41160,female,1.74,38
41161,male,1.78,66
41162,male,1.66,67
41163,male,1.87,71
41164,male,1.84,76
41165,male,1.67,64
41166,male,1.76,59
41167,male,1.82,46
41168,male,1.65,66
41169,female,1.59,68
41170,male,1.65,76
41171,male,1.7,61
41172,male,1.68,65
41173,female,1.68,65
41174,female,1.58,71
41175,female,1.58,58
41176,male,1.8,73
41177,female,1.65,34
41178,male,1.68,68
41179,male,1.7,64
41180,male,1.61,69
41181,female,1.72,52
41182,female,1.8,70
41183,female,1.6,76
41184,female,1.68,71
41185,male,1.84,43
41186,female,1.55,70
41187,female,1.58,70
41188,female,1.57,63
41189,female,1.61,66
41190,male,1.75,60
41191,male,1.56,80
41192,female,1.6,82
41193,female,1.65,56
41194,male,1.7,75
41195,male,1.75,41
41196,female,1.5,62
41197,male,1.7,70
41198,female,1.74,14
41199,male,1.75,75
41200,female,1.72,79
41201,female,1.56,69
41202,male,1.76,64
41203,male,1.72,64
41204,male,1.76,50
41205,female,1.75,75
41206,female,1.72,57
41207,male,1.67,50
41208,female,1.52,76
41209,female,1.6,86
41210,female,1.76,50
41211,male,1.7,71
41212,female,1.71,70
41213,female,1.6,79
41214,male,1.72,66
41215,male,1.75,53
41216,male,1.7,71
41217,female,1.5,59
41218,female,1.68,45
41219,female,1.64,73
41220,female,1.64,71
41221,female,1.6,79
41222,male,1.8,78
41223,male,1.79,68
41224,male,1.68,76
41225,male,1.72,59
41226,female,1.73,59
41227,male,1.74,77
41228,female,1.61,53
41229,male,1.72,65
41230,female,1.65,76
41231,male,1.87,75
41232,female,1.72,54
41233,male,1.64,75
41234,male,1.72,89
41235,female,1.6,72
41236,male,1.8,67
41237,male,1.7,55
41238,female,1.67,72
41239,female,1.65,42
41240,female,1.65,61
41241,female,1.58,52
41242,female,1.65,42
41243,female,1.68,20
41244,female,1.5,81
41245,male,1.85,49
41246,male,1.75,52
41247,female,1.54,79
41248,male,1.7,87
41249,male,1.7,47
41250,male,1.78,56
41251,female,1.65,74
41252,female,1.6,87
41253,male,1.64,69
41254,male,1.8,57
41255,female,1.58,80
41256,female,1.64,74
41257,female,1.65,38
41258,male,1.74,68
41259,female,1.76,73
41260,female,1.56,73
41261,male,1.78,61
41262,male,1.72,83
41263,female,1.58,74
41264,male,1.7,77
41265,male,1.69,80
41266,male,1.7,54
41267,male,1.67,77
41268,male,1.76,57
41269,female,1.65,51
41270,female,1.6,62
41271,male,1.82,80
41272,female,1.58,58
41273,female,1.5,56
41274,male,1.86,53
41275,female,1.63,56
41276,male,1.79,72
41277,female,1.67,67
41278,male,1.78,72
41279,female,1.69,54
41280,male,1.73,82
41281,female,1.57,51
41282,female,1.58,40
41283,male,1.8,55
41284,male,1.7,70
41285,female,1.65,62
41286,male,1.85,71
41287,male,1.8,57
41288,male,1.58,74
41289,male,1.7,63
41290,female,1.58,76
41291,male,1.78,78
41292,female,1.58,49
41293,female,1.64,82
41294,female,1.5,73
41295,male,1.72,75
41296,male,1.7,79
41297,female,1.64,68
41298,male,1.75,57
41299,male,1.95,47
41300,female,1.6,61
41301,female,1.72,61
41302,female,1.67,59
41303,female,1.58,68
41304,female,1.63,67
41305,female,1.6,53
41306,female,1.6,40
41307,female,1.56,61
41308,male,1.67,67
41309,male,1.76,46
41310,female,1.55,70
41311,female,1.6,44
41312,female,1.5,74
41313,female,1.65,46
41314,male,1.75,37
41315,female,1.62,63
41316,female,1.65,52
41317,female,1.6,80
41318,male,1.7,74
41319,male,1.8,82
41320,female,1.6,15
41321,female,1.56,72
41322,female,1.52,74
41323,female,1.6,41
41324,male,1.75,76
41325,male,1.74,82
41326,female,1.68,56
41327,male,1.7,74
41328,male,1.7,72
41329,female,1.8,68
41330,female,1.58,55
41331,female,1.6,75
41332,male,1.75,60
41333,female,1.7,69
41334,female,1.45,80
41335,male,1.2,18
41336,female,1.6,73
41337,male,1.8,59
41338,female,1.68,71
41339,male,1.6,80
41340,female,1.64,81
41341,male,1.8,51
41342,female,1.65,81
41343,male,1.62,75
41344,female,1.54,64
41345,female,1.52,65
41346,female,1.6,87
41347,female,1.65,75
41348,male,1.85,72
41349,female,1.56,66
41350,female,1.75,43
41351,male,1.9,53
41352,female,1.55,69
41353,female,1.55,47
41354,male,1.75,77
41355,female,1.6,54
41356,male,1.8,63
41357,female,1.56,74
41358,female,1.69,57
41359,male,1.77,63
41360,female,1.51,43
41361,female,1.68,70
41362,female,1.65,73
41363,female,1.57,18
41364,female,1.78,70
41365,female,1.5,84
41366,female,1.7,32
41367,male,1.65,77
41368,female,1.48,64
41369,female,1.54,48
41370,female,1.65,70
41371,male,1.83,47
41372,female,1.61,53
41373,male,1.76,47
41374,male,1.7,84
41375,female,1.76,79
41376,male,1.8,59
41377,female,1.58,78
41378,female,1.58,82
41379,female,1.8,44
41380,male,1.77,55
41381,male,1.7,68
