sex,age,height
male,46,188
male,92,168
male,90,165
male,90,170
male,87,168
male,89,162
male,88,166
male,87,162
male,88,164
male,89,165
male,86,175
male,87,165
male,89,180
male,86,159
male,85,172
male,88,170
male,84,163
male,84,171
male,84,180
male,82,168
male,83,174
male,83,178
male,84,175
male,85,168
male,84,160
male,83,168
male,84,157
male,85,169
male,85,164
male,82,165
male,84,170
male,82,170
male,84,170
male,86,172
male,82,172
male,86,180
male,85,168
male,81,175
male,85,174
male,82,168
male,84,165
male,81,165
male,81,170
male,84,168
male,85,175
male,83,169
male,80,170
male,82,170
male,81,170
male,82,175
male,81,176
male,85,180
male,83,179
male,85,176
male,81,172
male,83,165
male,82,168
male,81,168
male,81,172
male,81,172
male,82,168
male,81,170
male,82,177
male,84,176
male,80,170
male,81,172
male,81,172
male,81,173
male,83,162
male,82,163
male,81,170
male,83,164
male,80,182
male,79,170
male,81,165
male,84,176
male,81,165
male,80,170
male,81,170
male,84,156
male,84,168
male,80,186
male,81,165
male,82,172
male,81,171
male,79,167
male,81,161
male,80,165
male,82,190
male,80,165
male,81,172
male,80,155
male,78,170
male,83,168
male,80,158
male,80,175
male,79,174
male,83,177
male,82,160
male,80,168
male,83,180
male,80,165
male,81,169
male,83,173
male,83,172
male,81,173
male,80,168
male,80,170
male,80,176
male,80,170
male,80,164
male,80,155
male,79,175
male,82,178
male,83,165
male,81,165
male,82,176
male,82,170
male,80,170
male,80,174
male,80,170
male,79,172
male,78,152
male,79,172
male,78,170
male,78,182
male,78,178
male,78,172
male,82,175
male,79,169
male,82,163
male,80,168
male,80,172
male,81,165
male,79,165
male,79,167
male,80,184
male,79,182
male,77,167
male,79,170
male,81,170
male,79,172
male,82,181
male,79,164
male,82,160
male,79,160
male,82,160
male,81,167
male,82,176
male,79,168
male,78,167
male,76,166
male,77,174
male,81,170
male,80,174
male,78,170
male,81,170
male,77,180
male,78,170
male,80,170
male,79,160
male,77,172
male,76,170
male,80,170
male,81,182
male,77,184
male,77,170
male,78,175
male,81,182
male,81,167
male,81,164
male,79,172
male,79,173
male,77,177
male,77,171
male,79,154
male,78,165
male,78,178
male,81,163
male,77,180
male,79,170
male,78,160
male,78,160
male,78,171
male,78,160
male,79,172
male,77,185
male,80,175
male,77,180
male,79,170
male,79,175
male,79,172
female,81,180
male,79,170
male,79,168
male,78,170
male,77,170
male,79,170
male,77,175
male,77,168
female,51,155
male,78,173
male,76,170
male,76,185
male,76,153
male,77,170
male,80,170
male,76,162
male,76,166
male,77,180
male,79,171
male,75,168
male,80,170
male,78,176
male,77,172
male,77,175
male,78,184
male,79,172
male,76,170
male,76,170
male,79,165
male,79,176
male,76,173
male,78,166
male,77,166
male,77,160
male,78,170
male,79,172
male,77,160
male,76,162
male,76,169
male,78,176
male,79,180
male,79,166
male,78,172
male,80,170
male,78,176
male,77,174
male,77,172
male,79,170
male,75,172
male,76,164
male,79,170
male,77,155
male,79,169
male,77,168
male,76,180
male,78,172
male,77,170
male,76,176
male,77,165
male,78,173
male,80,166
male,78,164
male,77,172
male,76,175
male,76,168
male,77,170
male,75,170
male,76,172
male,78,164
male,78,169
male,76,175
male,75,184
male,77,167
male,77,170
male,75,196
male,77,178
male,77,162
male,75,163
male,79,165
male,77,180
male,75,163
male,75,162
male,77,172
male,75,173
male,79,175
male,77,176
male,76,177
male,77,180
male,78,173
male,77,175
male,76,164
male,79,171
male,77,179
male,77,174
male,77,160
male,75,173
male,76,170
male,79,185
male,75,173
male,77,172
male,76,177
male,77,176
male,75,172
male,75,162
male,77,167
male,76,163
male,77,170
male,79,168
male,77,185
male,75,172
male,77,165
male,77,170
male,76,165
male,77,160
male,77,186
male,78,172
male,77,182
male,78,163
male,75,163
male,75,172
male,75,172
male,77,172
male,76,180
male,79,183
male,76,170
male,76,172
male,75,168
male,79,165
male,78,172
male,78,170
male,75,167
male,77,161
male,76,176
male,76,170
male,73,163
male,75,180
male,78,172
male,78,176
male,76,170
male,74,170
male,76,176
female,74,179
male,75,182
male,79,168
male,78,170
male,75,168
male,77,171
male,76,167
male,75,162
male,75,171
male,77,168
male,76,172
male,76,165
male,74,168
male,78,174
male,76,165
male,78,168
male,76,180
male,73,165
male,76,165
male,76,170
male,76,182
male,78,171
male,75,170
male,76,180
male,76,175
female,75,165
male,76,183
male,76,180
male,74,180
male,79,178
male,76,170
male,75,182
male,74,180
male,76,168
male,75,167
male,74,169
male,78,175
male,78,170
male,74,162
male,74,178
male,77,180
male,76,175
male,74,160
male,78,170
male,78,165
male,77,167
male,74,167
male,77,167
male,77,174
male,77,168
male,74,180
male,76,171
male,74,165
male,76,176
male,75,172
male,74,180
male,75,169
male,75,158
male,75,160
male,74,176
male,75,186
male,76,180
male,78,170
male,77,160
male,75,165
male,78,184
male,78,178
male,77,175
male,77,180
male,77,172
male,78,172
male,75,173
male,78,178
male,75,174
male,75,166
male,74,178
male,78,157
male,76,182
male,73,174
male,74,168
male,75,170
male,76,172
male,75,157
male,74,170
male,74,175
male,76,175
male,73,172
male,77,180
male,77,170
male,77,170
male,75,160
male,78,168
male,73,168
male,75,170
male,76,175
male,77,165
male,77,174
male,73,181
male,76,158
male,74,172
male,74,156
male,75,165
male,75,178
male,75,170
male,73,186
male,78,170
male,77,172
male,73,177
male,75,170
male,76,170
male,76,162
male,76,172
male,75,158
male,73,180
male,74,167
male,75,172
male,74,167
male,74,174
female,77,166
male,77,170
male,76,178
male,73,162
male,73,185
male,73,170
male,74,170
male,74,180
male,76,173
male,74,166
male,73,170
male,74,167
male,73,165
male,77,171
male,73,175
male,74,158
male,77,164
male,74,164
male,74,175
male,74,165
male,77,193
male,74,175
male,74,172
male,73,173
male,77,165
male,75,190
male,74,170
male,73,170
male,76,170
male,76,167
male,77,178
male,76,161
male,77,173
male,74,160
male,77,183
male,76,176
male,73,178
male,77,169
male,76,160
male,77,170
male,75,168
male,73,172
male,75,183
male,76,168
male,73,173
male,77,170
male,75,172
male,77,170
male,76,175
male,77,172
male,73,183
male,77,183
male,73,168
male,76,170
male,76,167
male,73,165
male,74,170
male,76,171
male,77,172
male,77,160
male,77,183
male,74,175
male,74,162
male,76,180
male,73,172
male,76,171
male,72,196
male,72,173
male,76,172
male,73,164
male,74,171
male,74,186
male,76,174
male,76,167
male,72,167
male,72,175
male,75,170
male,74,169
male,74,173
male,73,175
male,74,183
male,75,163
male,72,172
male,73,164
male,73,167
male,76,174
male,75,167
male,76,192
male,74,163
male,72,165
male,74,168
male,76,175
male,76,165
male,72,173
male,73,185
male,73,170
male,74,170
male,72,165
male,73,178
male,76,166
male,71,178
male,72,178
male,73,187
male,76,176
male,75,168
male,75,168
male,73,171
male,75,185
male,72,173
male,75,178
male,74,172
male,76,172
male,73,180
male,76,177
male,76,170
male,73,174
male,77,165
male,71,165
male,76,176
male,73,174
male,75,175
male,76,166
male,76,180
male,74,181
male,76,172
male,73,183
male,74,171
male,77,183
male,76,165
male,73,160
male,73,175
male,76,175
male,74,170
male,76,161
male,73,175
male,74,174
male,76,175
male,75,170
male,73,160
male,76,175
male,75,170
male,76,175
male,77,168
male,73,155
male,74,165
male,73,176
male,72,172
male,71,168
male,74,170
male,73,168
male,74,170
male,73,169
male,76,176
male,76,170
male,73,170
male,73,175
male,76,162
female,76,174
male,73,172
male,75,172
male,75,170
male,74,170
male,71,183
male,74,176
male,75,163
male,76,178
male,74,169
male,72,178
female,73,166
male,76,168
male,76,187
male,73,176
male,75,175
male,75,164
male,73,164
male,74,174
male,72,174
male,75,168
male,71,180
male,71,172
male,74,165
male,74,174
male,73,170
male,74,176
male,75,176
female,73,175
male,71,190
male,75,172
male,73,166
male,71,164
male,73,170
male,71,172
male,75,162
male,75,165
male,75,175
male,71,168
male,73,172
male,75,170
male,75,176
male,75,172
male,75,165
male,75,176
male,74,183
male,72,176
male,72,176
male,75,170
male,73,179
male,71,174
male,75,172
male,71,172
male,74,183
male,70,180
male,75,175
male,75,165
male,75,172
male,74,183
male,73,165
male,71,184
male,72,176
male,74,183
male,73,185
male,71,168
male,73,176
male,71,184
male,75,185
male,71,172
male,73,180
male,74,178
male,75,169
male,72,174
male,75,165
male,72,187
male,74,172
male,75,178
male,71,158
male,75,173
male,71,167
male,72,173
male,73,172
male,72,164
male,73,165
male,75,179
male,44,180
male,71,176
male,72,175
male,71,170
male,72,180
male,72,171
male,72,176
male,74,175
male,72,180
male,75,175
male,72,170
male,73,160
male,75,164
male,76,169
male,74,155
male,75,180
male,71,175
male,76,161
male,71,167
male,75,171
male,73,170
male,72,180
male,75,178
male,73,175
male,72,170
male,71,167
male,72,172
male,71,160
male,73,173
male,75,167
male,71,173
male,71,180
male,71,160
male,71,183
male,71,170
male,72,162
male,72,170
male,75,188
male,74,164
male,75,165
male,71,168
male,73,178
male,75,175
male,73,175
male,74,168
male,72,165
male,72,175
male,71,178
male,72,166
male,75,178
male,72,155
male,75,182
male,74,165
male,73,170
male,70,165
male,71,174
male,73,170
male,72,170
male,72,170
male,71,166
male,70,176
male,69,190
male,71,160
male,73,165
male,70,175
male,73,174
male,73,172
male,73,170
male,71,165
male,72,172
male,73,183
male,70,175
male,70,176
male,72,173
male,72,171
male,71,170
male,70,176
male,72,173
male,73,184
male,72,175
male,71,170
male,72,173
male,72,175
male,71,169
male,71,168
male,71,179
male,69,165
male,74,171
male,71,164
male,70,175
male,73,168
male,73,176
male,73,170
male,74,177
male,71,177
male,74,176
male,71,170
male,73,175
male,71,175
male,73,180
male,72,170
male,73,168
male,71,178
male,73,168
male,71,175
male,71,171
male,72,183
male,74,160
male,74,173
male,70,174
male,72,170
male,72,178
male,75,172
male,74,172
male,73,175
male,70,176
male,74,173
male,74,172
male,70,182
male,73,170
male,74,174
male,74,166
male,72,172
male,70,172
male,74,173
male,71,176
male,71,175
female,72,184
male,70,165
male,70,167
male,72,184
male,72,165
male,73,167
male,71,182
male,74,167
male,74,171
male,75,168
male,70,174
male,71,168
male,70,172
male,72,172
male,72,176
male,71,178
male,70,185
male,74,175
male,72,172
male,71,175
male,72,175
male,70,172
male,70,170
male,73,162
male,73,164
male,69,176
male,71,174
male,74,167
male,71,170
male,73,172
male,74,180
male,74,176
male,74,169
male,74,178
male,74,162
male,71,189
male,71,171
male,73,174
male,70,172
male,74,170
male,71,173
male,71,173
male,71,169
male,71,176
male,71,174
male,70,170
male,71,166
male,74,173
male,73,170
male,71,182
male,73,176
male,74,165
male,74,161
male,70,174
male,70,180
male,72,166
male,70,168
male,74,163
male,73,168
male,72,165
male,72,150
male,73,173
male,69,172
male,69,180
male,69,185
male,73,163
male,72,174
male,71,167
male,72,174
male,73,176
male,73,180
male,69,178
male,69,165
male,69,170
male,73,175
male,71,175
male,73,175
male,73,168
male,70,177
male,71,167
male,71,176
male,71,176
male,70,179
male,71,163
male,70,172
male,73,182
male,70,180
male,70,194
male,70,170
male,73,176
male,72,167
male,68,180
male,70,174
male,70,171
male,72,164
male,69,176
male,70,172
male,72,168
male,69,176
male,72,177
male,73,182
male,71,170
male,74,178
male,70,167
male,70,178
male,72,168
male,70,173
male,70,176
male,71,175
male,69,181
male,72,179
male,73,164
male,73,181
male,73,175
male,68,174
male,73,170
male,68,168
male,72,170
male,72,187
male,70,176
male,71,176
male,69,176
male,73,176
male,68,183
male,69,172
male,71,174
male,72,176
male,73,170
male,73,170
male,73,167
male,73,170
male,73,171
male,70,171
female,72,180
male,72,176
male,73,180
male,70,174
male,72,182
male,69,178
male,70,175
male,69,175
male,71,172
male,71,178
male,71,165
male,69,186
male,71,167
male,72,183
male,71,159
male,72,173
male,73,165
male,69,165
male,70,173
male,71,165
male,70,175
male,71,168
male,73,175
male,72,166
male,72,160
male,73,169
male,73,174
male,69,172
male,70,165
male,73,162
male,70,170
male,73,148
male,69,175
male,69,167
male,73,160
male,72,172
male,72,170
male,72,163
male,70,175
male,70,167
male,72,167
male,71,162
male,72,178
male,69,180
male,70,150
male,71,177
male,73,171
male,73,174
male,72,169
male,70,170
male,69,172
male,71,182
male,72,182
male,70,165
male,71,170
female,70,180
male,68,174
male,71,169
male,69,170
male,72,165
male,68,183
male,70,175
male,70,171
male,68,165
male,72,169
male,71,170
male,68,170
male,71,186
male,70,178
male,70,160
male,69,167
male,70,187
male,72,155
male,69,172
male,72,162
male,69,176
male,68,162
male,69,182
male,68,180
male,72,170
male,69,168
male,72,178
male,71,175
male,72,174
male,72,173
male,70,163
male,69,182
male,70,170
male,67,179
male,72,183
male,69,179
male,68,170
male,69,157
male,71,170
male,72,172
male,69,167
male,72,182
male,70,165
male,70,165
male,68,170
male,71,167
male,70,172
male,72,174
male,72,165
male,71,178
male,68,170
male,70,175
male,70,170
male,68,173
male,70,167
male,68,195
male,69,170
male,71,174
male,71,162
male,70,173
male,70,174
male,68,163
male,69,175
male,69,172
male,69,178
male,68,174
male,68,172
male,68,170
male,71,170
male,69,185
male,68,182
male,70,164
male,71,158
male,71,170
male,69,171
male,70,172
male,68,168
male,68,182
male,70,172
male,69,160
male,71,175
male,69,166
male,72,183
male,70,185
male,70,168
male,72,167
male,70,174
male,67,183
male,68,174
male,69,165
male,69,160
male,71,167
male,71,155
male,69,168
male,69,175
male,68,170
male,70,169
male,68,182
male,70,173
male,69,167
male,68,180
male,69,162
female,69,165
male,70,165
male,71,176
male,69,168
male,72,164
male,72,176
male,69,163
male,69,175
male,71,172
male,72,180
male,72,170
male,72,180
female,71,169
male,70,178
male,69,172
male,69,170
male,69,176
male,69,167
male,71,173
male,69,172
male,68,175
male,68,180
male,70,163
male,71,169
male,72,165
male,68,175
male,72,172
male,68,175
male,72,170
male,72,162
male,71,165
male,71,168
male,70,170
male,71,168
male,71,182
male,69,169
male,70,176
male,70,177
male,71,166
male,72,176
male,68,157
male,68,167
male,72,170
male,69,170
male,69,176
male,69,168
male,72,174
male,68,180
male,69,166
male,72,170
male,70,168
male,68,176
male,70,170
male,68,167
male,70,190
male,68,165
male,68,175
male,71,174
male,68,180
male,70,156
male,69,166
male,67,171
male,68,168
male,71,168
male,67,168
male,67,165
male,69,170
male,71,175
male,70,165
male,71,175
male,71,180
male,67,167
male,69,180
male,72,179
male,68,169
male,68,164
male,71,162
male,69,183
male,67,177
male,67,175
male,67,160
male,71,182
male,69,168
male,70,178
male,71,165
female,72,167
male,68,176
male,67,168
male,67,170
male,70,183
male,69,168
male,67,166
male,70,175
male,69,170
male,70,183
male,68,169
male,70,172
male,70,168
male,67,182
male,67,176
male,70,173
male,68,187
male,68,185
male,70,169
male,67,173
male,68,179
male,67,164
male,67,173
male,71,180
male,69,187
male,69,174
male,70,173
male,69,170
male,68,176
male,70,166
male,68,173
male,71,180
male,68,167
male,70,186
male,70,175
male,67,173
male,67,168
male,69,176
male,69,176
male,68,176
male,71,176
male,68,168
male,69,183
male,68,170
male,68,165
male,71,166
male,70,182
male,71,183
male,68,165
male,68,170
male,71,189
male,69,163
male,71,171
male,68,160
male,67,172
male,71,164
female,67,168
male,70,163
male,70,180
male,69,168
male,71,170
male,69,168
male,67,180
male,68,165
male,67,164
male,70,169
male,70,168
male,69,168
male,69,172
male,69,160
male,69,180
male,67,170
male,67,182
male,71,172
male,68,170
male,68,172
male,69,180
male,66,180
male,67,177
male,71,172
male,69,167
male,67,180
female,68,174
male,66,163
male,71,170
male,68,180
male,70,174
male,71,168
male,68,173
male,70,173
male,69,171
male,71,176
male,68,165
male,69,164
male,68,168
female,69,174
male,69,172
male,68,173
male,70,172
male,70,180
male,69,178
male,68,177
male,69,166
male,68,172
male,72,175
male,69,182
male,68,183
male,71,175
male,68,162
male,71,176
male,70,167
male,67,172
male,68,166
male,69,185
male,68,162
male,66,178
male,68,182
male,70,165
male,67,178
male,67,180
male,68,170
male,70,170
male,70,187
male,69,172
male,68,170
male,69,172
male,68,182
male,68,181
male,68,176
male,68,176
male,70,165
male,68,174
male,68,170
male,70,176
male,67,170
male,69,173
male,66,176
male,71,163
male,68,178
male,68,162
male,66,175
male,68,178
male,69,183
male,68,172
male,68,180
male,66,167
male,66,173
male,70,175
male,70,168
male,67,178
male,69,180
male,67,170
male,70,190
male,69,165
male,68,178
male,67,172
male,70,168
male,68,168
male,67,163
male,68,170
male,68,168
male,68,172
male,69,167
male,68,172
male,67,170
male,70,165
male,67,168
male,69,169
male,69,182
male,68,173
male,67,171
male,67,168
male,70,183
male,68,172
male,67,164
male,66,174
male,69,170
male,67,168
male,70,160
male,67,170
male,70,170
male,67,173
male,69,165
male,66,172
male,70,175
male,70,172
male,67,185
male,67,170
male,70,176
male,67,172
male,67,174
male,70,166
male,67,172
male,67,165
male,66,175
male,70,175
male,69,173
male,70,175
male,70,178
male,68,175
male,66,183
male,70,170
male,70,172
male,68,178
male,67,177
male,66,180
male,68,172
male,67,178
male,68,165
male,68,170
male,66,179
male,70,176
male,70,165
male,67,167
male,68,162
male,66,164
male,67,170
male,71,180
male,68,168
male,68,180
male,68,162
male,70,180
male,67,177
male,70,168
male,69,185
male,68,180
male,66,180
male,66,192
male,69,165
male,70,176
male,68,168
male,69,167
male,68,168
male,66,160
male,67,175
male,69,180
male,66,167
male,70,160
male,68,180
male,67,165
male,67,169
male,68,170
male,68,175
male,67,164
male,66,175
male,66,175
male,70,165
male,66,165
male,68,176
male,66,182
male,68,168
male,67,165
male,68,162
male,70,174
male,66,172
male,69,172
male,69,165
male,67,174
male,66,184
male,70,176
male,67,165
male,70,174
male,70,167
male,69,166
male,68,165
male,68,170
male,70,170
male,70,180
male,68,178
male,68,161
male,70,172
male,67,180
male,67,155
male,66,172
male,66,165
male,69,163
male,66,174
male,70,170
male,66,185
male,70,177
male,68,170
male,66,165
male,68,171
male,69,176
male,69,176
male,66,165
male,69,175
male,70,174
male,70,170
male,66,175
male,70,184
male,66,186
male,66,170
male,66,170
male,69,164
male,70,174
male,69,176
male,67,175
male,66,168
male,66,190
male,66,172
male,67,180
male,68,179
male,69,168
male,68,169
male,66,180
male,67,175
male,69,180
male,69,173
male,67,176
male,66,174
male,68,174
male,69,172
male,65,188
male,66,178
male,66,176
male,65,175
male,65,171
male,65,176
male,69,165
male,69,174
male,67,172
male,65,171
male,69,171
male,65,175
male,69,170
male,67,176
male,68,176
male,68,172
male,67,168
male,67,165
male,65,160
male,68,160
male,68,178
male,65,173
male,65,160
male,66,171
male,66,161
male,70,170
male,66,170
male,65,183
male,67,176
male,66,174
male,67,172
male,69,173
male,65,168
male,69,167
male,69,170
male,65,178
male,69,167
male,67,182
male,69,172
male,65,180
male,68,168
male,66,167
male,66,178
male,68,175
male,69,167
male,70,163
male,69,190
male,66,186
male,67,175
male,66,171
male,68,172
male,67,185
male,67,161
male,69,170
male,69,181
male,66,160
male,69,173
male,66,166
male,66,174
male,68,172
male,66,171
male,66,175
male,66,174
male,69,175
male,69,181
male,66,185
male,66,164
male,66,174
male,66,166
male,69,170
male,67,180
male,68,176
male,66,183
male,66,170
male,69,172
male,67,180
male,68,174
male,69,175
male,68,178
male,67,173
male,66,175
male,64,180
male,65,178
male,66,168
male,69,170
male,69,170
male,66,176
male,69,170
male,69,172
male,65,167
male,66,171
male,69,178
male,68,173
male,66,168
male,69,177
male,67,176
male,67,175
male,65,178
male,66,163
male,69,188
male,69,168
male,69,176
male,65,173
male,69,164
male,66,173
male,69,183
male,64,184
male,66,167
male,69,180
male,67,170
male,65,178
male,64,180
male,69,172
male,69,166
male,67,180
male,66,180
male,68,188
male,68,166
male,68,166
male,68,176
male,69,173
male,64,176
male,69,172
male,67,194
male,68,173
male,66,177
male,64,173
male,69,160
male,67,178
male,66,171
male,64,165
male,67,167
male,69,172
male,68,170
male,66,182
male,65,177
male,68,180
male,68,170
male,67,168
male,67,172
male,67,162
male,65,180
male,66,179
male,66,173
male,67,168
male,68,165
male,69,165
male,65,172
male,68,174
male,67,171
male,68,175
male,66,183
male,66,171
male,69,178
male,65,176
male,69,184
male,67,177
male,68,174
male,67,175
male,67,178
male,67,176
male,68,176
female,66,164
male,66,170
male,68,183
male,68,173
male,67,180
male,69,182
male,65,170
male,67,174
male,69,176
male,66,165
male,68,165
male,68,167
male,67,175
male,69,173
male,69,165
male,69,170
male,68,180
male,68,178
male,66,177
male,66,180
male,66,180
male,69,154
male,65,164
male,66,186
male,68,179
male,65,170
male,64,166
male,67,167
male,66,173
male,65,185
male,68,174
male,66,173
male,68,172
male,64,175
male,67,176
male,64,172
male,64,166
male,66,172
male,65,190
male,67,173
male,66,163
male,66,165
male,64,180
male,65,174
male,67,172
male,68,178
male,65,168
male,65,178
male,69,170
male,68,180
male,64,199
male,68,175
male,64,172
male,67,163
male,64,175
male,64,163
male,67,173
male,66,175
male,67,180
male,68,183
male,64,175
male,68,175
male,69,167
male,67,163
male,68,179
male,64,173
male,67,180
male,65,167
male,66,168
male,65,177
male,64,168
male,68,172
male,67,184
male,67,182
male,68,171
male,64,190
male,67,178
male,67,172
male,66,175
male,64,181
male,66,168
male,66,175
male,68,172
male,64,173
male,65,176
male,66,180
male,66,173
male,64,178
male,64,178
male,67,170
male,67,172
male,68,178
male,66,186
male,64,175
male,68,175
male,65,175
male,66,170
male,65,192
male,67,169
male,67,176
male,65,172
male,66,167
male,68,173
male,67,183
male,67,176
male,68,163
male,67,180
male,66,182
male,68,163
male,66,170
male,67,193
male,65,169
male,67,176
male,66,164
male,65,189
male,68,178
male,68,174
male,66,172
male,66,178
male,67,176
male,66,165
male,68,179
male,67,180
male,66,180
male,63,170
male,66,172
female,65,169
male,68,181
male,65,183
male,66,175
male,66,170
male,66,175
male,65,173
male,64,168
male,63,178
male,68,174
male,65,150
male,66,169
male,65,171
male,64,177
male,65,167
male,67,177
male,68,169
male,67,176
male,67,165
male,68,168
male,66,178
male,65,166
male,68,178
male,68,175
male,67,175
male,64,177
male,66,170
male,68,176
male,67,167
male,67,173
male,68,175
male,68,173
male,64,177
male,65,181
male,65,172
male,64,168
male,65,165
male,68,170
male,68,172
male,67,172
male,66,176
male,64,168
male,68,188
male,65,173
male,65,168
male,65,170
male,66,168
male,65,166
male,64,170
male,65,166
male,66,176
male,65,172
male,68,167
male,65,170
male,66,170
male,63,174
male,65,183
male,67,168
male,65,175
male,65,170
male,67,173
male,65,170
male,67,168
male,66,166
male,67,185
male,64,172
male,65,176
male,63,178
male,67,177
male,65,180
male,63,176
male,64,175
male,65,165
male,63,176
male,67,178
male,63,165
male,64,170
male,64,166
male,65,164
male,65,172
male,65,173
male,65,175
male,66,176
male,66,182
male,67,174
male,66,170
male,63,180
female,63,178
male,66,176
male,65,187
male,65,176
male,63,173
male,67,172
male,66,180
male,63,180
male,64,182
male,67,170
male,64,167
male,66,170
male,67,175
male,64,165
male,65,184
male,64,168
male,66,167
male,67,166
male,67,172
male,65,175
male,67,164
male,65,177
male,64,160
male,64,173
male,64,175
male,65,172
male,64,170
male,65,182
male,63,170
male,63,182
male,67,170
male,67,170
male,66,176
male,66,185
male,64,171
male,64,175
male,65,175
male,64,173
male,64,169
male,67,190
male,67,170
male,67,180
male,65,170
male,65,182
male,67,175
male,63,178
male,67,170
male,63,168
male,64,175
male,65,172
male,63,176
male,62,172
male,64,165
male,66,163
male,66,182
male,64,170
male,65,182
male,65,173
male,64,164
male,67,176
male,65,182
male,67,176
male,64,158
male,66,173
male,64,185
male,63,175
male,67,180
male,64,184
male,64,174
male,63,162
male,67,176
male,66,178
male,66,175
male,66,160
male,65,172
male,63,172
male,65,175
male,68,162
male,67,173
male,67,182
male,66,177
male,63,164
male,65,168
male,67,170
male,64,181
male,64,168
male,63,182
male,64,170
male,64,173
male,65,170
male,66,180
male,64,165
male,63,184
male,64,170
male,67,169
male,67,173
male,65,167
male,65,178
male,64,174
male,65,180
male,65,170
male,65,174
male,65,160
male,63,165
male,67,176
male,64,186
male,67,172
male,66,170
male,65,175
male,65,172
male,67,168
male,63,160
male,66,168
male,67,175
male,65,172
male,67,165
male,67,174
male,63,165
male,63,165
male,63,178
male,64,183
male,67,182
male,63,170
male,63,162
male,66,170
male,64,150
male,65,180
male,67,182
male,67,182
male,66,162
male,65,168
male,66,183
male,62,165
female,63,177
male,66,167
male,64,150
male,66,172
male,65,180
male,64,175
male,64,168
male,66,165
male,65,175
male,63,170
male,65,170
male,65,172
male,64,180
male,63,178
male,62,172
male,66,156
male,66,173
male,64,185
female,62,168
male,63,170
male,64,184
male,64,176
male,63,172
male,65,178
male,63,185
male,61,167
male,65,168
male,63,175
male,65,167
male,61,172
male,66,169
male,62,187
male,63,171
male,65,176
male,65,164
male,63,160
male,64,178
male,65,181
male,65,164
male,63,182
male,65,170
male,62,174
male,63,166
male,66,184
male,64,177
male,66,167
male,65,165
male,64,178
male,64,170
male,62,176
male,65,170
male,64,183
male,64,168
male,63,159
male,64,170
male,62,171
male,64,178
male,62,172
male,66,175
male,63,176
male,63,180
male,66,172
male,66,177
male,66,170
male,64,170
male,66,165
male,66,166
male,62,178
male,62,164
male,64,168
male,66,173
male,65,162
male,64,182
male,64,171
male,62,175
male,63,187
male,64,170
male,63,170
male,66,168
male,64,178
male,63,174
male,66,172
male,63,178
male,64,177
male,64,175
male,63,172
male,61,165
male,63,179
male,64,167
male,66,170
male,65,165
male,65,168
male,65,175
male,64,172
male,65,180
male,65,175
male,66,176
male,64,182
male,64,185
male,66,170
female,63,175
male,62,166
male,65,173
male,64,174
male,63,177
male,62,162
male,64,176
male,65,164
male,66,166
male,64,170
male,66,165
male,63,175
male,65,165
male,62,172
male,66,172
male,66,190
male,66,175
male,62,168
male,66,162
male,65,170
male,64,173
male,62,180
male,65,175
male,63,169
male,66,182
male,65,180
male,63,150
male,63,168
male,66,165
male,63,166
male,65,168
male,65,187
male,63,169
male,63,181
male,62,172
male,65,180
male,65,178
male,65,170
male,66,180
male,63,160
male,65,172
male,66,170
male,64,175
male,66,168
male,62,175
male,64,176
male,65,169
male,64,170
male,65,170
male,64,175
male,63,171
male,65,170
male,63,170
male,64,165
male,66,164
male,63,165
male,62,175
male,64,182
male,65,182
male,63,175
male,65,175
male,66,174
male,63,173
male,63,172
male,64,178
male,63,160
male,64,173
male,64,168
male,63,180
male,66,183
male,66,180
male,63,176
male,64,170
male,61,175
male,64,157
male,63,162
male,65,171
male,63,177
male,64,161
male,61,172
male,63,173
male,63,184
male,65,177
male,61,165
male,62,188
male,65,167
male,65,166
male,65,192
male,65,176
male,63,168
male,63,169
male,62,178
male,61,174
male,61,170
male,63,178
male,64,166
male,65,176
male,63,170
male,64,173
male,63,180
male,65,175
male,65,176
male,66,170
male,62,173
male,62,183
male,64,180
male,62,174
male,63,171
male,65,176
male,63,175
male,60,180
male,62,168
male,65,176
male,61,172
male,61,183
male,63,195
male,65,180
male,63,178
male,65,173
male,65,175
male,64,178
male,65,185
male,65,176
male,62,173
male,65,182
male,64,163
male,65,172
male,65,181
male,62,175
male,61,160
male,61,182
male,61,172
male,63,174
male,62,185
male,62,178
male,61,170
male,63,175
male,62,183
male,65,165
male,63,175
male,64,188
male,65,179
male,62,170
male,64,170
male,63,171
male,64,163
male,66,174
male,64,170
male,65,170
male,62,186
male,62,169
male,65,176
male,61,180
male,65,174
male,61,163
male,61,172
male,63,165
male,62,173
male,63,176
male,65,170
male,63,188
male,64,175
male,62,165
male,63,178
male,63,176
male,62,165
male,64,182
male,65,176
male,63,176
male,61,176
male,64,171
male,61,174
male,65,172
male,61,172
male,64,174
male,62,168
male,62,165
male,65,172
male,61,169
male,61,173
male,62,165
male,64,178
male,61,168
female,63,168
male,63,169
male,62,175
male,63,160
male,63,174
male,63,170
male,65,163
male,65,173
male,63,176
male,64,167
male,64,168
male,65,177
male,65,185
male,64,182
male,63,161
male,65,172
male,64,175
male,65,182
male,63,183
male,63,174
male,63,180
male,63,165
male,61,180
male,65,178
male,63,172
male,62,172
male,65,178
male,61,186
male,64,167
male,65,184
male,62,162
male,66,180
male,64,189
male,65,155
male,64,171
male,64,173
male,63,159
male,61,182
male,64,162
male,64,179
male,65,171
male,63,176
male,65,165
male,65,162
male,62,170
male,60,178
male,62,164
male,64,178
male,63,176
male,64,173
male,65,176
male,65,185
female,64,179
male,63,169
male,61,178
male,65,180
male,63,183
male,65,174
male,62,175
male,64,180
male,62,174
male,65,172
male,62,176
male,62,163
male,62,168
male,63,172
male,63,171
male,61,182
male,60,165
male,64,172
male,61,166
male,64,180
male,61,183
male,63,182
male,62,168
male,62,170
male,60,173
male,60,187
male,60,176
male,65,170
male,60,176
male,61,165
male,64,176
male,59,167
male,62,180
male,64,170
male,62,176
male,64,185
male,60,178
male,60,175
male,62,176
male,62,174
male,63,165
male,62,170
male,62,175
male,63,187
male,59,174
male,60,170
male,63,170
male,62,167
male,61,167
male,64,178
male,61,179
male,61,175
male,61,169
male,65,170
male,64,190
male,63,182
male,60,178
male,63,166
male,61,176
male,65,176
male,64,165
male,59,168
male,64,168
male,61,172
male,61,180
male,61,186
male,62,178
male,60,176
male,62,180
male,65,170
female,62,170
male,60,173
male,64,176
male,62,176
male,61,170
male,61,175
male,64,174
male,62,185
male,61,181
male,62,180
male,62,171
male,60,164
male,63,174
male,62,173
male,65,178
male,62,170
male,61,178
male,63,171
male,61,167
male,60,180
male,65,175
male,61,160
male,61,174
male,62,178
male,64,181
male,62,169
male,62,174
male,61,169
male,62,178
male,61,169
male,64,171
male,64,162
male,63,186
male,62,174
male,61,172
male,61,175
male,63,180
male,64,175
male,60,174
male,64,172
male,60,182
male,63,175
male,65,166
male,64,173
male,61,164
male,62,173
male,62,175
male,60,173
male,63,172
male,64,178
male,62,175
male,60,163
male,63,167
male,63,178
male,64,177
male,63,180
male,63,180
female,60,173
male,61,160
male,61,184
male,65,175
male,61,186
male,63,173
male,62,176
male,59,168
male,64,170
male,64,180
male,61,182
male,63,175
male,63,174
male,61,167
male,61,173
male,64,167
male,63,175
male,64,170
male,62,186
male,62,170
male,60,172
male,62,167
male,63,172
male,64,165
male,60,174
male,63,172
male,63,161
male,64,165
male,63,172
male,60,176
male,64,174
male,61,178
male,63,172
male,62,175
male,61,168
male,62,187
male,60,175
male,62,160
male,64,170
male,64,169
male,62,168
male,63,170
male,62,173
female,63,170
female,61,173
male,62,168
male,64,172
male,64,182
male,63,180
male,60,172
male,60,187
male,60,183
male,59,180
male,62,170
male,62,168
male,63,170
male,59,175
male,63,178
male,62,182
male,63,177
male,61,160
male,63,164
male,62,177
male,61,175
male,63,180
male,63,175
male,58,169
male,62,184
male,60,172
male,63,169
male,60,173
male,60,170
male,58,176
male,60,160
male,62,162
male,59,178
male,60,177
male,64,176
male,60,175
male,59,170
male,62,177
male,62,170
male,59,160
male,62,176
male,63,166
male,60,172
male,62,176
male,63,176
male,63,165
male,62,162
male,63,186
male,58,182
male,59,178
male,60,185
male,63,176
male,60,180
male,61,170
male,63,164
male,60,165
male,60,164
male,63,182
male,63,167
male,60,185
male,60,178
male,62,174
male,60,168
male,59,185
male,62,183
male,61,174
male,61,172
female,59,170
male,63,169
male,63,172
male,59,170
male,62,175
male,59,164
male,63,164
male,61,170
male,60,185
male,59,180
male,63,170
male,61,172
male,59,160
male,61,178
male,59,170
male,60,166
male,63,175
male,62,173
male,61,176
male,61,176
male,59,182
male,59,174
male,59,184
male,63,160
male,59,178
male,63,160
male,60,178
male,59,168
male,60,162
male,63,172
male,62,185
male,61,172
male,63,172
male,59,162
male,60,180
male,60,177
male,63,174
male,63,180
male,59,160
male,62,164
male,60,152
male,63,178
male,59,182
male,60,172
male,59,183
male,62,174
male,61,182
male,59,162
male,63,161
male,63,184
male,61,170
male,62,180
male,62,176
male,61,185
male,59,186
male,60,172
male,61,173
male,61,187
male,63,167
male,61,174
male,62,170
male,63,173
male,59,162
male,62,175
male,60,170
male,59,176
male,63,155
male,61,168
male,60,178
male,63,168
male,59,170
male,60,177
male,62,182
male,60,176
male,60,174
male,59,171
male,62,175
male,61,184
male,63,180
male,60,169
male,60,167
male,59,165
male,60,190
male,59,180
male,59,162
male,62,165
female,60,164
male,62,185
male,62,170
male,63,165
male,62,185
male,63,169
male,63,167
male,60,170
male,63,165
male,59,180
male,59,172
male,62,182
male,59,172
male,61,177
male,63,183
male,62,173
male,62,176
male,62,165
male,61,165
male,59,184
male,60,160
male,63,178
male,59,172
male,62,176
male,62,165
male,60,172
male,61,174
male,61,172
male,62,180
male,62,176
male,59,183
male,62,170
male,62,1
male,60,183
male,62,185
male,58,182
male,63,170
male,60,173
male,61,182
male,61,168
male,63,160
male,62,173
male,62,175
male,62,176
male,59,171
male,57,172
male,62,172
male,59,167
male,61,170
male,61,170
male,62,176
male,62,167
male,59,182
male,60,185
male,59,170
male,60,165
male,62,170
male,63,175
male,59,176
male,61,172
male,58,165
male,62,165
male,60,170
male,58,172
male,59,182
male,59,172
male,59,187
male,58,170
male,59,180
male,61,165
male,62,164
male,59,176
male,62,174
male,61,167
male,60,167
male,60,185
male,62,173
male,61,175
male,61,168
male,62,170
male,59,175
male,61,176
male,59,176
male,62,178
male,60,170
male,60,183
male,58,169
male,62,175
male,59,163
male,60,180
male,61,168
male,62,175
male,60,176
male,59,165
male,62,165
male,59,170
male,59,180
male,62,176
male,58,186
male,60,170
male,58,165
male,57,184
male,60,178
male,60,170
male,60,18
male,62,170
male,62,165
male,59,169
male,62,175
male,61,175
male,62,165
male,61,168
male,62,175
male,63,170
male,58,182
male,61,175
male,59,168
male,60,157
male,59,175
male,62,176
male,60,160
male,62,179
male,58,173
male,61,165
male,59,173
male,62,175
male,60,182
male,61,180
male,61,168
male,62,175
male,60,178
female,62,165
male,60,180
male,60,175
male,59,168
male,59,170
male,59,186
male,58,178
male,60,180
male,59,168
male,58,180
male,62,168
male,60,173
male,60,160
male,58,180
male,59,182
male,58,172
male,59,170
male,62,176
male,59,163
male,62,176
male,62,172
male,59,173
male,62,180
male,58,157
male,62,172
male,60,172
male,62,179
male,59,165
male,60,175
male,62,172
male,58,178
male,60,165
male,63,175
male,60,160
male,58,170
male,58,180
male,59,171
male,62,163
male,60,174
male,61,169
male,61,180
male,59,185
male,58,180
male,57,174
male,61,178
male,58,172
male,61,172
male,57,180
male,58,180
male,61,180
male,59,177
male,60,178
male,58,178
male,59,170
male,59,189
male,57,172
male,60,173
male,61,167
male,61,165
male,59,173
male,61,183
male,61,190
male,58,185
male,58,163
male,58,175
male,60,180
male,59,180
male,58,168
male,60,172
male,58,165
male,60,178
male,59,172
male,58,177
male,57,171
male,59,175
male,59,195
male,60,175
male,61,171
male,60,168
male,57,185
male,61,169
male,57,186
male,59,175
male,58,171
male,61,170
male,61,156
male,61,180
male,58,162
male,58,170
male,61,174
male,61,173
male,60,178
male,58,160
male,58,187
male,60,176
male,59,192
male,59,164
male,61,164
male,60,176
male,58,152
male,58,157
male,57,187
male,58,182
male,59,175
male,61,178
male,57,170
male,61,167
male,61,171
male,58,165
male,61,175
male,61,181
male,58,165
male,61,175
male,61,172
male,60,180
male,61,185
male,60,183
male,58,168
male,57,165
male,60,173
male,57,172
male,61,176
male,59,180
male,61,174
male,61,178
male,56,168
male,61,170
male,61,165
male,57,170
male,60,168
male,58,162
male,58,163
male,58,175
male,57,178
male,60,175
male,61,183
male,59,174
male,57,183
male,58,181
male,61,172
male,57,165
male,58,175
male,58,169
male,59,170
male,59,180
male,56,171
male,58,164
male,58,173
male,59,173
male,58,180
male,59,183
male,58,170
male,59,173
male,58,178
male,58,178
male,59,172
male,59,170
male,59,165
male,60,182
male,58,166
male,57,182
male,58,168
male,57,154
male,59,163
male,56,171
male,57,172
male,56,170
male,57,178
male,60,192
male,61,179
male,61,165
male,58,175
male,60,175
male,55,157
male,59,168
male,56,174
male,58,174
male,57,170
male,59,170
male,57,170
male,57,174
male,60,175
male,60,172
male,58,163
male,60,180
male,57,168
male,57,184
male,58,186
male,58,183
male,58,170
male,57,181
male,60,183
male,60,175
male,60,176
male,60,172
male,56,176
male,58,170
male,56,173
male,57,184
male,60,173
male,56,178
male,60,182
male,59,172
male,59,155
male,56,168
male,61,185
male,57,193
male,57,169
male,56,172
male,60,181
male,57,170
male,60,187
male,59,182
male,57,187
male,59,180
male,58,185
male,60,173
male,60,177
male,58,172
male,57,167
male,60,168
male,58,187
male,59,173
male,57,174
male,59,174
male,59,170
male,60,163
male,57,173
male,58,165
male,58,187
male,60,173
male,59,178
male,57,172
male,56,172
male,60,178
male,57,174
male,59,162
male,60,178
male,60,170
male,57,186
male,60,174
male,56,178
male,60,182
male,60,170
male,56,177
male,57,170
male,56,178
male,60,169
male,59,170
male,59,180
male,56,186
male,56,174
male,59,180
male,59,181
male,60,180
male,58,170
male,59,185
male,56,166
male,59,168
male,58,188
male,56,178
male,57,185
male,57,186
male,57,181
male,56,170
male,55,170
male,59,165
male,55,179
male,59,183
male,57,168
male,56,170
male,55,172
male,58,173
male,59,173
male,57,185
male,59,178
male,57,185
male,58,169
male,59,168
male,56,178
male,59,170
male,56,165
male,58,180
male,59,186
male,55,172
male,59,166
male,59,175
male,60,168
male,56,174
male,59,172
male,59,172
male,57,178
male,56,158
male,57,180
male,58,179
male,55,168
male,55,178
male,59,168
male,57,176
male,57,180
male,56,174
male,58,175
male,57,176
male,58,189
male,58,172
male,58,172
male,55,175
male,59,170
male,59,173
male,56,179
male,58,168
male,56,178
male,59,173
male,59,170
male,55,178
male,56,171
male,59,172
male,56,165
male,55,178
male,58,172
male,55,178
male,60,194
male,58,176
male,55,170
male,57,165
male,58,186
male,55,172
male,59,175
male,57,173
male,56,174
male,58,175
male,58,171
male,58,178
male,57,161
male,57,180
male,55,175
male,59,178
male,59,172
male,56,175
male,59,167
male,57,168
male,56,176
male,58,165
male,59,175
male,58,158
male,59,190
male,59,176
male,59,179
male,57,175
male,58,168
male,58,176
male,59,174
male,57,172
male,57,173
male,56,176
male,58,167
male,55,160
male,57,159
male,59,165
male,57,164
male,57,177
male,56,165
male,57,174
male,57,175
male,57,164
male,56,180
male,58,170
male,54,170
male,53,177
male,54,176
male,54,165
male,56,178
male,56,178
male,55,181
male,55,180
male,55,170
male,58,170
male,56,168
male,54,162
male,56,176
male,55,175
male,58,181
male,54,167
male,53,185
male,54,172
male,54,171
male,56,176
male,58,182
male,55,168
male,58,187
male,58,172
male,55,190
male,58,171
male,58,165
male,58,171
male,54,178
male,55,182
male,54,176
male,54,196
male,57,173
male,58,170
male,55,190
male,55,175
male,57,162
male,58,163
male,57,183
male,57,176
male,59,172
male,54,173
male,56,170
male,54,172
male,55,170
male,56,168
male,56,178
male,54,182
male,54,178
male,58,165
male,56,172
male,55,165
male,58,170
male,57,151
male,58,171
male,55,180
male,54,174
male,55,174
male,56,176
male,57,177
male,56,170
male,57,164
male,55,160
male,54,184
male,57,176
male,58,170
male,57,179
male,57,187
male,58,187
male,58,176
male,58,160
male,56,178
male,56,184
male,58,191
male,54,175
male,55,176
male,55,172
male,54,170
male,57,172
male,54,165
male,58,185
male,53,176
male,56,175
male,58,175
male,54,158
male,55,172
male,55,174
female,58,185
male,55,170
male,58,175
male,58,180
male,59,65
male,54,175
male,56,170
male,54,175
male,54,168
male,53,186
male,54,182
male,57,185
male,53,174
male,56,165
male,52,170
male,55,172
male,54,171
male,54,176
male,53,180
male,55,180
male,56,165
male,57,176
male,55,165
male,55,165
male,57,150
male,54,170
male,56,163
male,55,178
male,54,178
male,56,176
male,56,176
male,57,167
male,53,176
male,55,170
male,56,183
male,55,175
male,55,172
male,53,180
male,52,165
male,53,178
male,53,178
male,53,164
male,55,169
male,55,185
male,57,164
male,54,185
male,55,174
male,57,168
male,53,164
male,54,172
male,56,171
male,55,178
male,56,172
male,56,170
male,56,167
male,56,170
male,55,178
male,54,172
male,57,180
male,55,170
male,55,167
female,57,186
male,57,176
male,56,180
male,57,164
male,56,182
male,54,186
male,55,165
male,53,198
male,53,191
male,54,175
male,57,170
male,57,170
male,55,170
male,55,170
male,53,176
male,54,184
male,57,162
male,55,165
male,57,175
male,54,169
male,57,178
male,55,185
male,56,170
male,54,176
male,56,178
male,56,172
male,56,173
male,54,165
male,54,168
male,56,170
male,52,171
male,56,175
male,57,174
male,55,186
male,56,182
male,52,170
male,52,176
male,54,196
male,54,175
male,52,173
male,56,167
male,55,168
male,55,170
male,52,171
male,55,177
male,52,183
male,55,173
male,55,167
male,52,183
male,55,172
male,54,160
male,54,182
male,56,165
male,52,176
male,52,184
male,56,180
male,53,186
male,54,175
male,54,173
male,53,185
male,55,167
male,56,168
male,54,175
male,51,185
male,54,170
male,56,170
male,56,178
male,54,182
male,54,182
male,53,167
male,52,176
male,55,172
male,53,181
male,56,163
male,56,175
male,56,172
male,53,176
male,54,187
male,56,175
male,55,173
male,56,176
male,56,171
male,53,170
male,55,175
male,56,175
male,54,175
male,55,170
male,54,176
male,53,172
male,56,190
male,55,178
male,56,178
male,56,174
male,56,175
male,56,176
male,56,171
male,53,177
male,54,178
male,53,187
male,56,178
male,52,170
male,55,180
male,55,182
male,52,182
male,51,176
male,56,178
male,55,172
male,52,190
male,55,175
male,54,180
male,52,185
male,55,174
male,55,167
male,51,176
male,51,176
male,53,172
male,55,172
male,53,176
male,52,175
male,52,180
male,51,183
male,52,182
male,54,178
male,54,192
male,52,185
male,55,182
male,54,182
male,52,190
male,52,175
male,51,170
male,51,182
male,52,174
male,55,180
male,52,182
male,51,180
male,52,178
male,53,172
male,55,178
male,51,189
male,52,187
male,54,178
male,52,173
male,53,166
male,55,173
male,52,177
male,51,178
male,52,184
male,54,175
male,54,165
male,52,180
male,53,170
male,55,184
male,55,172
male,53,175
male,55,170
male,53,182
male,53,178
male,53,190
male,52,177
male,55,174
male,54,183
male,52,170
male,49,172
male,51,178
male,53,180
male,54,180
male,51,170
male,50,160
male,51,180
male,54,183
male,51,170
male,54,175
male,53,170
male,51,168
male,53,178
male,51,178
male,54,173
male,52,180
male,53,175
male,54,173
male,53,160
male,50,173
male,51,170
male,52,168
male,51,186
male,50,177
male,51,175
male,51,168
male,51,170
male,52,183
male,53,173
male,50,170
male,54,175
male,54,170
male,53,182
male,52,165
male,54,167
male,53,178
male,52,175
male,54,175
male,50,172
male,51,167
male,53,185
male,51,175
male,54,175
male,52,174
male,54,182
male,53,170
male,55,185
male,52,190
male,50,168
male,52,171
male,50,168
male,51,177
male,54,181
male,53,173
male,53,177
male,54,173
male,52,194
male,52,167
male,53,168
male,51,177
male,50,168
male,54,182
male,52,172
male,52,163
male,53,168
male,51,184
female,52,173
male,54,165
male,50,173
male,49,178
male,51,176
male,49,165
male,52,164
male,52,174
male,52,166
male,52,172
male,50,182
male,51,160
male,52,185
male,53,180
male,53,180
male,50,175
male,49,178
male,49,176
male,53,190
male,49,190
male,53,182
male,49,176
male,48,182
male,53,182
male,50,183
male,50,181
male,51,178
male,50,170
male,53,177
male,48,182
male,51,173
male,52,168
male,53,178
male,49,173
male,53,182
male,52,184
male,50,177
male,53,176
male,50,180
male,51,170
male,50,180
male,53,178
male,51,180
male,53,180
male,52,182
male,47,167
male,51,188
male,50,175
male,50,164
male,51,174
male,51,160
male,50,185
male,52,178
male,50,170
male,48,176
male,49,185
male,51,167
male,52,192
male,52,172
male,51,183
male,49,177
male,51,178
male,48,165
male,48,171
male,50,181
male,52,178
male,52,184
male,52,176
male,52,180
male,49,181
male,50,175
male,48,176
male,51,169
male,49,174
male,49,170
male,52,179
male,52,175
male,48,174
male,50,184
male,52,185
male,50,172
male,52,170
male,49,179
male,52,177
male,48,180
male,49,172
male,48,168
male,53,174
male,52,178
male,52,180
male,51,188
male,48,185
male,51,163
male,48,175
male,50,182
male,46,172
male,51,175
male,51,171
male,51,180
male,47,56
male,50,185
male,51,172
male,50,182
male,47,165
male,49,174
male,47,169
male,48,180
male,49,187
male,50,171
male,50,178
male,51,175
male,46,185
male,51,165
male,48,188
male,48,189
male,48,175
male,47,175
male,47,172
male,47,178
male,48,162
male,48,174
male,48,180
male,49,183
male,50,173
male,51,192
male,48,178
male,50,174
male,48,193
male,49,164
male,50,183
male,51,170
male,49,165
male,51,173
male,48,191
male,46,170
male,48,167
male,50,165
male,46,175
male,49,176
male,47,170
male,50,186
male,47,168
male,50,180
male,48,168
male,50,175
male,50,179
male,48,163
male,50,182
male,47,164
male,46,182
male,49,166
male,50,175
male,49,173
male,46,160
male,47,170
male,49,178
male,48,187
male,48,183
male,48,175
male,47,176
male,49,180
male,48,180
male,49,182
male,47,178
male,49,175
male,50,184
male,48,180
male,48,178
male,46,169
male,47,180
male,49,174
male,50,182
male,47,160
male,48,176
male,50,174
male,48,180
male,50,175
male,47,182
male,49,185
male,49,188
male,49,174
male,44,180
male,48,173
male,49,178
male,49,168
male,48,178
male,47,180
male,46,181
male,47,175
male,46,179
male,45,178
male,44,185
male,49,172
male,46,175
male,49,165
male,46,170
male,48,170
male,49,182
male,46,171
male,47,182
male,46,187
male,49,163
male,49,172
male,49,174
male,46,174
male,47,173
male,48,184
male,47,182
male,45,176
male,45,190
male,46,194
male,49,180
male,46,158
male,50,176
male,47,174
male,47,180
male,45,180
male,48,174
male,46,180
male,45,176
male,46,172
male,47,178
male,44,171
male,47,178
male,47,171
male,47,180
male,46,188
male,48,174
male,48,172
female,48,184
male,48,176
male,48,174
male,48,183
male,48,170
male,47,165
male,44,182
male,45,172
male,46,170
male,47,175
male,48,181
male,44,170
male,47,180
male,48,186
male,46,176
male,45,180
male,48,188
male,47,184
male,46,177
male,47,170
male,48,173
male,46,172
male,45,173
male,45,160
male,48,178
male,43,185
male,46,168
male,44,186
male,44,180
male,43,178
male,42,170
male,44,175
male,47,164
male,47,174
male,44,180
male,46,175
male,45,178
male,47,172
male,47,184
male,47,186
male,47,176
male,45,186
male,46,173
male,47,183
male,44,185
male,48,172
male,43,182
male,47,182
male,46,180
male,45,188
male,42,171
male,43,172
male,47,184
male,46,173
male,43,180
male,45,178
male,42,180
male,46,172
male,42,178
male,44,179
male,44,170
male,46,173
male,44,190
male,42,167
male,46,170
male,43,180
male,43,184
male,44,185
male,45,186
male,43,180
male,44,176
male,45,175
male,44,180
male,46,175
male,46,173
male,42,175
male,43,175
male,43,175
male,44,168
male,44,186
male,45,166
male,45,183
male,43,176
male,43,166
male,43,164
male,45,177
male,45,175
male,42,182
male,42,167
male,42,165
male,44,170
male,40,173
male,43,183
male,45,168
male,41,185
male,43,178
male,44,190
male,43,184
male,44,186
male,42,178
male,42,185
male,41,185
male,43,185
male,42,179
male,41,198
male,42,188
male,43,196
male,41,182
male,44,170
male,41,182
male,39,188
male,44,180
male,43,162
male,43,180
male,41,175
male,43,171
male,44,176
male,40,182
male,42,175
male,41,184
female,44,180
male,44,179
female,42,173
male,42,182
male,42,185
male,40,173
male,41,172
male,42,168
male,44,178
male,42,189
male,41,176
male,42,188
male,41,172
male,42,175
male,44,168
male,40,183
male,42,178
male,44,191
male,42,176
male,40,181
male,39,180
male,40,165
male,39,183
male,38,187
male,43,176
male,42,190
male,40,180
male,40,178
male,43,183
male,43,180
male,39,186
male,41,182
male,43,184
male,41,175
male,41,187
male,42,172
male,41,181
male,43,176
male,39,175
male,42,182
male,38,180
male,42,170
male,40,173
male,40,176
male,43,190
male,42,177
male,40,167
male,43,155
male,40,174
male,43,178
male,43,165
male,40,185
male,42,176
male,39,182
male,42,173
male,41,190
male,38,178
male,37,180
male,42,178
male,41,176
male,42,170
male,42,172
male,40,184
male,39,180
male,39,170
male,38,168
male,40,177
male,41,176
male,40,176
male,39,173
male,41,178
male,43,170
male,39,176
male,36,190
male,38,187
male,41,170
male,41,174
male,38,179
male,39,165
male,38,187
male,41,167
male,39,174
male,41,177
male,41,192
male,40,184
male,41,167
male,37,175
male,38,175
male,38,193
male,41,176
male,41,172
male,41,172
male,40,189
male,38,171
male,38,188
male,38,173
male,38,197
male,38,177
male,41,171
male,38,196
male,41,182
male,41,185
male,38,174
male,38,167
male,36,176
male,40,187
male,37,174
male,37,177
male,39,179
male,37,176
male,37,178
male,38,178
male,38,186
male,36,168
male,37,172
male,38,192
female,38,180
male,37,175
male,36,170
male,36,182
male,37,172
male,38,182
male,39,172
male,38,180
male,39,186
male,38,168
male,37,175
male,35,177
male,37,176
male,38,182
male,36,178
female,38,172
male,36,182
male,37,183
male,40,192
male,38,183
male,39,165
male,39,192
male,36,175
male,38,175
male,38,176
male,36,205
male,38,174
male,36,170
male,34,190
male,38,187
male,34,187
male,35,170
male,36,175
male,34,191
male,33,175
male,37,172
male,37,175
male,38,184
male,35,180
male,35,188
male,37,194
male,34,183
male,33,186
male,37,170
male,33,179
male,35,174
male,33,193
male,33,185
male,35,187
male,34,168
male,34,175
male,36,180
male,36,175
male,35,173
male,34,180
male,33,165
male,33,171
male,32,170
male,34,183
male,33,186
male,33,178
male,35,172
male,34,188
male,33,183
male,31,168
male,32,195
male,34,182
male,32,188
male,33,180
male,31,173
male,33,180
male,33,188
male,31,193
male,34,175
male,32,175
male,32,190
male,30,175
male,30,186
male,29,180
male,28,163
male,32,187
male,30,187
male,30,175
male,30,178
male,31,182
male,28,190
male,31,166
male,30,191
male,26,179
male,30,193
male,28,185
male,26,175
male,30,178
male,28,180
male,30,177
male,27,182
male,30,196
male,30,183
male,26,198
male,29,197
male,26,184
male,26,184
male,28,178
male,26,180
male,26,170
male,23,177
male,27,178
male,25,179
male,28,188
male,25,175
male,26,173
male,24,184
male,25,188
male,23,191
male,24,180
male,27,164
male,24,175
male,27,175
male,24,169
male,24,172
male,23,185
female,95,150
female,91,156
female,89,156
female,90,157
female,89,150
female,87,158
female,87,154
female,91,155
female,87,157
female,92,150
female,87,163
female,88,162
female,87,155
female,86,160
female,87,149
female,87,160
female,89,153
female,87,160
female,90,152
female,87,155
female,85,160
female,84,160
female,87,153
female,85,158
female,85,168
female,87,150
female,85,142
female,89,150
female,86,155
female,85,153
female,86,159
female,87,160
female,86,150
female,85,170
female,86,155
female,87,166
female,84,165
female,84,167
female,83,165
female,87,158
female,87,155
female,86,158
female,86,167
female,86,168
female,85,165
female,86,160
female,85,165
female,84,152
female,85,158
female,84,156
female,84,170
female,84,150
female,84,162
female,86,155
female,85,162
female,83,155
female,83,156
female,85,155
female,84,160
female,83,160
female,86,151
female,85,150
female,83,159
female,87,165
female,86,160
female,82,155
female,83,162
female,82,162
female,85,159
female,85,158
female,83,155
female,84,156
female,83,156
female,84,162
female,83,160
female,83,160
female,83,165
female,82,158
female,83,155
female,84,165
female,83,155
female,82,156
female,84,150
female,82,160
female,82,166
female,82,155
female,85,158
female,83,160
female,82,158
female,83,162
female,82,153
female,82,155
female,82,153
female,83,165
female,81,153
female,83,147
female,82,153
female,85,165
female,82,170
female,82,160
female,81,162
female,82,150
female,81,160
female,83,150
female,82,152
female,82,150
female,83,155
female,80,151
female,82,154
female,82,160
female,84,148
female,82,156
female,82,160
female,81,146
female,80,160
female,81,161
female,81,162
female,82,160
female,80,160
female,82,160
female,82,160
female,80,159
female,83,153
female,81,152
female,84,154
female,84,142
female,84,145
female,80,160
female,81,155
female,82,158
female,82,153
male,81,145
female,80,152
female,82,152
female,81,157
female,81,158
female,80,150
female,81,165
female,78,164
female,79,158
female,81,160
female,81,155
female,79,160
female,81,155
female,78,160
female,83,153
female,79,164
female,80,152
female,80,149
female,80,154
female,80,148
female,78,150
female,79,155
female,80,160
female,79,165
female,79,152
female,79,160
female,81,162
female,82,154
female,81,165
female,79,146
female,80,150
female,80,174
female,83,165
female,79,160
female,80,155
female,80,158
female,83,158
female,82,155
female,81,160
female,79,173
female,81,160
female,78,167
female,80,158
female,82,165
female,79,156
female,78,154
female,78,175
female,79,165
female,78,164
female,78,164
female,82,165
female,82,157
female,79,152
female,80,150
female,78,160
female,82,151
female,80,157
female,82,165
female,78,152
female,80,172
female,79,154
female,79,169
female,78,156
female,82,150
female,78,150
female,78,150
female,81,157
female,77,149
female,79,170
female,81,164
female,83,160
female,82,163
female,79,154
male,79,162
female,79,163
female,79,153
female,78,160
female,78,159
female,81,155
female,78,165
female,80,145
female,79,150
female,78,153
female,79,156
female,82,152
female,80,164
female,80,168
female,80,168
female,79,161
female,80,156
female,80,153
female,79,160
female,80,156
female,80,158
female,80,160
female,78,158
female,80,150
female,81,154
female,78,155
female,79,155
female,78,158
female,77,166
male,78,156
female,78,155
female,78,160
female,79,165
female,78,160
female,77,155
female,80,156
female,77,165
female,79,162
female,78,150
female,80,158
female,79,163
female,77,157
female,79,158
female,79,165
female,79,160
female,78,170
female,77,165
female,78,152
female,77,153
female,77,154
female,78,156
female,76,148
female,78,153
female,78,160
female,78,162
female,79,158
female,80,160
female,78,162
female,78,152
female,81,155
female,79,160
female,79,165
female,78,156
female,79,160
female,80,156
female,77,164
female,77,156
female,79,164
female,77,160
female,78,160
female,77,160
female,78,166
female,79,156
female,79,164
female,81,155
female,78,161
female,77,155
female,79,160
female,78,164
female,79,158
female,79,160
female,79,157
female,80,168
female,78,160
female,79,156
female,80,162
female,80,150
female,80,150
female,77,160
female,77,160
female,78,160
female,80,160
female,75,164
female,76,154
female,75,150
female,76,152
female,76,160
female,76,160
female,76,158
female,79,180
female,79,152
female,76,153
female,78,145
female,78,162
male,81,158
female,79,156
female,76,160
female,75,168
female,80,164
female,76,152
female,80,156
female,77,160
female,76,155
female,78,155
female,78,162
female,76,155
female,79,160
female,76,151
female,80,155
female,78,164
female,77,154
female,77,168
female,79,165
female,77,160
female,76,162
female,79,151
female,80,160
female,80,160
female,78,160
female,78,160
female,77,160
female,77,165
female,77,75
female,76,160
female,77,150
female,78,151
female,79,160
female,76,165
female,76,145
female,77,161
female,78,162
female,79,160
female,77,154
female,79,155
female,77,165
female,79,165
female,77,160
female,78,165
female,79,168
female,76,172
female,80,163
female,77,153
female,76,160
female,80,157
female,77,155
female,77,160
female,77,152
female,76,167
female,78,150
female,75,158
female,79,160
female,76,165
female,75,172
female,75,160
female,76,150
female,77,160
female,76,158
female,77,165
female,75,164
female,79,142
female,74,163
female,76,160
female,76,160
female,79,160
female,79,160
female,77,170
female,76,158
female,76,165
female,74,162
female,76,158
female,77,153
female,78,160
female,77,155
female,75,154
female,75,149
female,77,158
female,79,160
female,77,168
female,75,164
female,76,162
female,76,162
female,79,165
female,79,155
female,76,154
female,75,154
female,76,158
female,74,168
female,76,160
female,75,161
female,78,157
female,77,160
female,77,167
female,75,160
female,76,162
female,77,153
female,79,153
female,77,156
female,78,161
female,77,140
female,79,153
female,76,150
female,79,162
female,77,160
female,77,168
female,77,162
female,79,165
female,76,160
female,76,168
female,77,157
female,76,165
female,76,155
female,76,160
female,78,149
female,76,160
female,77,155
female,76,158
female,77,155
female,76,160
female,80,158
female,77,160
female,76,150
female,76,152
female,74,152
female,79,160
female,77,152
female,76,158
female,75,156
female,78,165
female,77,157
female,77,160
female,75,170
female,77,158
female,76,140
female,78,155
female,77,156
female,74,154
female,75,162
female,77,165
female,78,163
female,75,158
female,75,160
female,75,160
female,78,158
female,75,154
female,75,165
female,74,175
female,75,167
female,78,162
female,74,153
female,78,152
female,73,150
female,77,164
female,77,152
female,76,170
female,78,165
female,76,152
female,73,167
female,74,157
female,76,158
female,77,149
female,74,168
female,74,158
female,75,155
female,76,164
female,78,165
female,75,151
female,75,170
female,75,158
female,77,156
female,75,160
female,78,157
female,78,145
female,76,145
female,78,172
female,76,163
female,75,160
female,78,156
female,75,160
female,75,167
female,74,153
female,75,160
female,77,166
female,75,160
female,74,155
female,76,163
female,74,157
female,77,162
female,75,170
female,76,160
female,75,161
female,75,160
female,78,166
female,78,164
female,76,158
female,75,165
female,77,162
female,75,170
female,74,164
female,76,154
female,76,155
female,78,163
female,77,180
female,77,145
female,74,154
female,76,164
female,74,155
female,74,150
female,78,158
female,74,153
female,74,156
female,74,161
female,76,168
female,77,155
female,76,180
female,78,154
female,78,168
female,77,158
female,74,172
female,78,158
female,75,150
female,78,152
female,77,165
female,74,160
female,73,156
female,73,156
female,76,160
female,77,160
female,76,175
female,73,150
female,78,169
female,74,161
female,74,159
female,74,158
female,76,160
female,75,170
female,77,156
female,74,160
female,77,164
female,73,158
female,74,165
female,75,155
female,75,162
female,75,163
female,74,157
female,76,160
female,75,164
female,73,164
female,76,149
female,77,167
female,74,160
female,77,55
female,75,161
female,76,158
female,75,161
female,77,160
female,74,165
female,73,160
female,76,165
female,74,159
female,74,169
female,75,165
female,74,162
female,74,160
female,76,165
female,74,165
female,73,160
female,74,157
female,76,151
female,74,153
female,73,165
female,73,171
female,74,160
female,74,170
female,75,158
female,75,158
female,76,162
female,74,165
female,75,158
female,73,165
female,75,168
female,74,160
female,72,165
female,74,166
female,74,164
female,75,162
female,73,165
female,75,162
female,77,167
female,74,163
female,73,165
female,75,156
female,75,160
female,76,164
female,74,155
female,73,157
female,74,156
female,74,154
female,74,162
female,76,172
female,77,162
female,74,156
female,75,156
female,75,146
female,76,158
female,74,164
male,77,165
female,76,152
female,74,165
female,76,156
female,75,160
female,77,158
female,74,160
female,77,157
female,76,173
female,73,164
female,77,163
female,74,152
female,75,160
female,76,159
female,74,160
female,77,162
female,77,160
female,76,172
female,74,160
female,74,165
female,77,167
female,77,178
female,73,160
female,73,155
female,76,164
female,74,160
female,72,170
female,75,160
female,77,158
female,74,160
female,77,145
female,75,155
female,74,162
female,74,163
male,75,160
female,74,163
female,75,170
female,74,164
female,72,164
female,75,152
female,75,158
female,75,155
female,76,160
female,72,164
female,76,160
female,73,164
female,71,158
female,74,160
female,73,160
female,76,165
female,73,159
female,72,156
female,76,167
female,72,160
female,76,158
female,72,158
female,73,156
female,76,160
female,72,173
female,72,154
female,76,166
female,72,160
female,75,163
female,74,158
female,76,155
female,75,150
female,74,149
female,72,160
female,71,172
female,75,160
female,74,163
female,72,153
female,73,155
female,72,160
female,72,160
female,73,154
female,72,160
female,75,147
female,72,165
female,74,157
female,75,160
female,76,161
female,72,163
female,74,164
female,74,164
female,76,160
female,73,172
female,73,160
female,74,153
female,76,160
female,74,162
female,74,167
female,73,155
female,73,176
female,74,151
female,76,155
female,72,164
female,74,160
female,73,168
female,72,154
female,73,158
female,73,161
female,74,150
female,72,175
female,76,158
female,73,160
female,72,166
female,74,170
female,74,158
female,73,170
female,73,157
female,75,150
female,75,160
female,75,166
female,76,162
female,76,172
female,73,154
female,72,155
female,73,154
female,73,164
female,73,148
female,76,164
female,76,162
female,76,155
female,76,167
female,73,155
female,76,158
female,72,162
female,74,168
female,74,170
female,73,155
female,75,158
female,72,152
female,75,152
female,73,160
female,72,154
female,74,155
female,72,160
female,75,158
female,73,155
female,76,155
female,74,165
female,72,168
female,75,170
female,73,156
female,75,156
female,73,165
female,74,144
female,74,163
female,75,151
female,73,160
female,73,150
female,74,176
female,75,159
female,73,163
female,72,162
female,72,156
female,73,155
female,73,165
female,73,160
female,73,160
female,72,155
female,75,158
female,74,153
female,72,165
female,74,162
female,73,156
female,75,150
female,73,158
female,74,167
female,73,165
female,75,172
female,72,168
female,75,153
female,74,164
female,73,163
female,74,147
female,71,160
female,73,165
female,75,160
female,73,163
female,74,160
female,75,158
female,75,153
female,72,163
female,72,169
female,73,168
female,71,156
female,74,164
female,75,168
female,71,162
female,74,163
female,72,155
female,72,170
female,75,162
female,72,165
female,72,165
female,75,170
female,74,167
female,71,168
female,72,152
female,73,162
female,74,151
female,73,165
female,71,164
female,72,155
female,73,168
female,74,152
female,71,162
female,71,163
female,72,162
female,75,166
female,73,165
female,72,162
female,72,155
female,72,162
female,71,155
female,72,145
female,75,161
female,73,162
female,73,152
female,71,168
female,72,170
female,74,168
female,73,158
female,75,160
female,72,166
female,72,170
female,75,169
female,72,170
female,71,155
female,72,158
female,72,160
female,73,165
female,72,160
female,72,159
female,74,158
female,72,160
female,73,160
female,76,143
female,71,164
female,75,150
female,73,156
female,76,161
female,72,152
female,73,167
female,71,164
female,74,148
female,75,162
female,74,163
female,71,158
female,75,165
female,73,153
female,75,149
female,74,154
female,72,174
female,72,167
female,74,164
female,72,155
female,71,164
female,71,159
female,71,164
female,72,168
female,75,163
female,73,165
female,71,160
female,75,155
female,71,160
female,70,163
female,75,161
female,72,157
female,72,158
female,73,155
female,70,173
female,71,153
female,72,153
female,75,157
female,75,152
female,72,156
female,71,170
female,73,168
female,74,171
female,75,156
female,73,150
female,75,163
female,72,158
female,70,164
female,73,165
female,72,160
female,73,168
female,70,165
female,71,158
female,72,177
female,71,165
female,74,164
female,69,160
female,70,162
female,72,162
female,73,155
female,72,168
female,72,170
female,71,162
female,70,164
female,72,158
female,74,159
female,71,164
female,71,159
female,74,164
female,70,154
female,70,164
female,69,163
female,74,170
female,74,165
female,72,165
female,72,156
female,74,156
female,71,159
female,73,162
female,70,164
female,72,163
female,73,155
female,71,165
female,73,165
female,70,156
female,70,170
female,73,155
female,72,163
female,71,167
female,74,164
female,70,156
female,70,162
female,73,175
female,74,159
female,71,162
female,69,165
female,72,155
female,69,158
female,70,165
female,71,153
female,71,161
female,73,160
female,70,165
female,72,159
female,73,166
female,73,150
female,72,168
female,74,160
female,71,161
female,73,164
female,72,163
female,71,163
female,70,164
female,71,165
female,70,160
female,72,170
female,73,152
female,73,165
female,72,158
female,75,170
female,73,161
female,71,159
female,73,170
female,71,169
female,70,165
female,72,160
female,73,160
female,72,150
female,71,155
female,70,166
female,70,152
female,75,160
female,74,158
female,69,170
female,71,161
female,73,150
female,70,160
female,74,164
female,74,155
female,72,165
female,71,160
female,73,162
female,73,165
female,71,153
female,70,170
female,74,1
female,74,145
female,73,165
female,71,167
female,71,150
female,73,155
female,74,157
female,72,170
female,74,158
female,71,150
female,72,158
female,70,152
female,74,162
female,72,154
female,74,163
female,74,164
female,72,145
female,74,168
female,70,163
female,72,162
female,71,157
female,72,169
female,73,163
female,71,180
female,73,170
female,70,170
female,71,153
female,72,165
female,71,158
female,70,165
female,71,170
female,70,152
female,70,172
female,72,164
female,73,158
female,70,158
female,72,170
female,70,166
female,72,164
female,71,160
female,70,160
female,71,157
female,71,175
female,69,149
female,70,158
female,71,164
female,73,156
female,73,170
female,70,168
female,70,160
female,70,165
female,73,160
female,70,150
female,72,158
female,71,158
female,73,146
female,71,154
female,68,164
female,69,159
female,72,169
female,73,158
female,72,156
female,70,174
female,72,168
female,72,158
female,70,165
female,70,161
female,71,161
female,72,164
female,70,157
female,71,168
female,70,154
female,70,160
female,70,155
female,71,153
female,68,160
female,69,163
female,73,162
female,71,153
female,71,160
female,72,158
female,69,158
female,70,161
female,71,162
female,71,158
female,73,169
female,69,164
female,71,164
female,73,160
female,73,159
female,70,163
female,71,168
female,71,155
female,72,165
female,70,160
female,73,157
female,71,167
female,69,166
female,70,155
female,73,159
female,71,160
female,71,165
female,69,158
female,70,163
female,73,157
female,69,170
female,71,160
female,70,151
female,73,164
female,73,154
female,71,150
female,73,161
female,70,158
female,71,155
female,72,165
female,73,155
female,73,160
female,71,154
female,70,156
female,69,167
female,74,156
female,69,157
female,71,163
female,70,175
female,69,153
female,73,156
female,69,162
female,71,158
female,70,164
female,69,160
female,73,158
female,73,160
female,71,160
female,70,160
female,71,168
female,70,157
female,73,162
female,71,152
female,72,163
female,69,148
female,72,155
female,71,168
female,70,155
female,73,152
female,71,167
female,71,170
female,71,170
female,72,173
female,74,164
female,70,154
female,71,165
female,71,153
female,70,165
female,73,157
female,68,168
male,68,165
female,72,171
female,69,158
female,73,155
female,70,150
female,70,176
female,72,152
female,70,156
female,69,164
female,74,164
female,70,170
female,71,155
female,72,168
female,68,170
female,72,156
female,70,172
female,70,162
female,70,162
female,69,158
female,72,165
female,68,158
female,69,157
female,71,170
male,68,156
female,70,176
female,72,164
female,70,154
female,72,165
female,69,166
female,71,154
female,71,164
female,72,173
female,68,162
female,69,165
female,70,160
female,69,155
female,67,165
female,70,142
female,71,177
female,69,160
female,69,150
female,72,152
female,69,165
female,69,167
female,70,163
female,72,158
female,70,154
female,68,169
female,71,150
female,68,163
female,69,162
female,70,153
female,68,155
female,70,161
female,68,165
female,70,157
female,68,162
female,72,172
female,70,160
female,72,153
female,69,158
female,68,168
female,72,162
female,72,153
female,69,175
female,69,167
female,72,150
female,68,158
female,71,156
female,69,168
female,68,160
female,70,158
female,67,160
female,69,164
female,67,163
female,71,167
female,69,165
female,71,150
female,69,168
female,70,160
female,68,170
female,69,150
female,69,162
female,70,165
female,69,155
female,68,172
female,72,168
female,69,168
female,69,170
female,72,160
female,71,158
female,68,156
female,68,155
female,70,165
female,72,167
female,70,164
female,69,157
female,70,158
female,72,150
female,68,165
female,69,145
female,70,165
female,69,156
female,71,158
female,68,165
female,72,167
female,72,165
female,69,158
female,69,165
female,69,150
female,69,164
female,69,165
female,69,168
female,68,163
female,72,152
female,70,162
female,70,155
female,68,158
female,70,167
female,68,155
female,70,160
female,71,152
female,68,157
female,70,165
female,69,163
female,70,171
female,70,157
female,68,170
female,70,163
female,68,173
female,68,164
female,69,157
female,71,155
female,68,156
female,71,156
female,70,155
female,70,160
female,70,165
female,70,172
female,72,155
female,72,167
female,72,165
female,70,156
female,72,168
female,72,158
female,70,160
female,69,165
female,72,155
female,70,165
female,70,160
female,69,148
female,71,150
female,70,156
female,69,168
female,72,151
female,69,165
female,67,160
female,70,156
female,69,164
female,71,165
female,68,170
female,70,167
female,70,167
female,68,158
female,71,153
female,67,167
female,68,156
female,71,160
female,69,170
female,69,165
female,68,162
female,68,165
female,67,166
female,67,165
female,71,168
female,69,160
female,69,155
female,68,162
female,69,160
female,70,157
female,69,155
female,68,169
female,70,158
female,68,158
female,69,168
female,71,156
female,67,150
female,68,162
female,67,158
female,69,156
female,68,162
female,68,163
female,68,159
female,71,153
female,70,162
female,70,165
female,68,160
female,71,158
female,71,158
female,68,161
female,68,157
female,68,150
female,71,165
female,68,156
female,68,162
female,70,165
female,66,161
female,68,165
female,69,160
female,67,159
female,69,153
female,68,162
female,69,160
female,68,163
female,71,160
female,67,165
female,68,152
female,71,162
female,71,162
female,71,150
female,67,153
female,67,159
female,67,165
female,71,163
female,68,160
female,68,174
female,67,165
female,70,154
female,69,163
female,68,167
female,69,158
female,68,160
female,69,185
female,71,150
female,69,152
female,68,158
female,68,166
female,67,174
female,69,170
female,70,170
female,69,162
female,70,164
female,69,175
female,69,154
female,69,153
female,67,158
female,67,162
female,71,150
female,71,164
female,70,163
female,68,160
female,67,151
female,68,158
female,70,162
female,70,158
female,68,150
female,68,160
female,70,165
female,71,153
female,70,153
female,67,153
female,68,158
female,69,163
female,67,158
female,70,155
female,68,166
female,68,174
female,68,164
female,71,156
female,69,150
female,67,155
female,68,155
female,70,158
female,70,160
female,67,168
female,69,167
female,68,160
female,68,158
female,68,168
female,68,152
female,68,153
female,69,162
female,67,156
female,68,162
female,69,166
female,68,168
female,71,153
female,67,162
female,68,139
female,71,159
female,70,163
female,71,162
female,72,161
female,69,160
female,68,161
female,69,171
male,71,153
female,71,158
female,68,167
female,71,150
female,67,163
female,70,150
female,70,169
female,69,168
female,70,164
female,68,160
female,70,164
female,71,167
female,69,157
female,70,163
female,67,162
female,68,160
female,69,162
female,68,160
female,69,154
female,68,152
female,70,158
female,68,153
female,69,168
female,70,161
female,71,154
female,71,159
female,68,160
female,71,156
female,68,156
female,69,162
female,70,161
female,71,157
female,68,158
female,68,170
female,72,150
female,67,165
female,69,160
female,67,160
female,67,155
female,69,153
female,66,158
female,65,165
female,70,160
male,68,162
female,68,164
female,69,167
female,69,155
female,67,165
female,70,165
female,68,155
female,67,165
female,68,175
female,66,165
female,65,156
female,69,155
female,68,164
female,68,163
female,68,164
female,67,145
female,69,157
female,69,151
female,69,158
female,69,150
female,67,158
female,67,159
female,70,167
female,66,170
female,67,154
female,67,156
female,66,155
female,67,160
female,69,164
female,67,170
female,70,168
female,70,153
female,66,160
female,69,155
female,69,165
female,70,150
female,67,160
female,69,156
female,67,156
female,67,157
female,66,165
female,70,149
female,69,162
female,71,164
female,66,156
female,69,153
female,67,165
female,70,156
female,66,160
female,67,166
female,69,172
female,67,154
female,68,163
female,66,163
female,66,162
female,65,150
female,67,165
female,67,162
female,68,158
female,69,163
female,70,155
female,69,160
female,67,155
female,67,160
female,66,160
female,70,171
female,68,165
female,69,167
female,67,172
female,70,156
female,66,155
male,66,161
female,69,166
female,66,158
female,67,165
female,70,164
female,67,169
female,66,158
female,67,154
female,67,157
female,66,168
female,70,162
female,70,165
female,66,158
female,70,170
female,67,165
female,70,161
female,69,160
female,68,155
female,67,156
female,69,162
female,66,166
female,67,165
female,65,156
female,69,168
female,70,167
female,69,162
female,70,157
female,67,158
female,67,159
female,66,158
female,70,172
female,66,168
female,67,163
female,68,163
female,70,165
female,68,168
female,67,162
female,67,164
female,67,160
female,70,155
female,70,150
female,67,161
female,67,157
female,67,158
female,70,160
female,68,157
female,66,170
female,67,165
female,69,163
female,66,167
female,69,168
female,68,155
female,70,158
female,70,165
female,69,169
female,65,157
female,68,141
female,68,162
female,68,172
female,70,160
female,69,150
female,68,152
female,68,162
female,69,170
female,69,168
female,70,156
female,67,160
female,68,155
female,66,158
female,68,164
female,67,152
female,66,160
female,70,158
female,67,158
female,70,164
female,66,164
female,70,158
female,68,156
female,67,160
female,70,155
female,70,159
male,70,150
female,66,164
female,69,160
female,67,166
female,68,164
female,68,158
female,70,162
female,69,163
female,70,150
female,68,161
female,68,163
female,67,164
female,70,167
female,67,165
female,67,164
female,68,160
female,67,164
female,70,156
female,70,162
female,67,156
female,69,168
female,67,162
female,70,164
female,66,157
female,67,169
female,69,158
female,67,149
female,65,150
female,67,164
female,65,168
female,65,158
female,68,168
female,66,158
female,67,164
female,68,168
female,65,168
female,68,165
female,68,156
female,65,158
female,66,152
female,68,165
female,69,169
female,67,148
female,65,158
female,64,163
female,66,160
female,69,163
female,69,155
female,68,164
female,66,156
female,68,159
female,67,155
female,66,165
female,69,164
female,66,159
female,68,157
female,66,154
female,68,159
female,66,165
female,67,153
female,68,167
female,69,156
female,65,153
female,67,154
female,69,153
female,68,163
female,66,160
female,67,162
female,64,173
female,67,164
female,68,166
female,67,158
female,67,158
female,69,164
female,69,165
female,68,150
female,69,165
female,66,160
female,68,165
female,66,170
female,65,162
female,69,162
female,65,152
female,68,156
female,66,159
female,69,156
female,65,160
female,69,153
female,68,160
female,67,163
female,69,167
female,66,157
female,66,165
female,65,170
female,67,156
female,66,165
female,66,158
female,67,170
female,66,160
female,69,158
female,66,160
female,65,153
female,68,160
female,69,170
female,66,167
female,66,153
female,69,167
female,65,160
female,66,165
female,68,155
female,65,176
female,66,163
female,69,172
female,68,156
female,64,150
female,67,156
female,66,160
female,67,153
female,69,161
female,69,167
female,66,165
female,65,165
female,66,158
female,69,153
female,69,155
female,69,163
female,66,162
female,69,162
female,65,164
female,66,163
female,65,164
female,69,153
female,66,163
female,65,168
female,70,162
female,67,168
female,69,160
female,66,167
female,65,175
female,67,151
female,69,159
female,68,168
female,68,160
female,68,162
female,66,158
female,65,151
female,65,152
female,68,163
female,69,155
female,66,165
female,67,160
female,65,162
female,65,170
female,66,165
female,67,153
female,67,160
female,66,147
female,65,164
female,69,168
female,66,165
female,65,168
female,65,158
female,65,156
female,68,158
female,65,168
female,67,167
female,66,160
female,66,167
female,67,157
female,65,152
female,66,172
female,67,158
female,67,172
female,69,175
female,67,161
female,68,150
female,67,168
female,66,174
female,65,168
female,65,158
female,68,160
female,66,165
female,67,160
female,68,154
female,64,162
female,68,157
female,65,167
female,65,165
female,67,167
female,67,161
female,64,158
female,67,172
female,64,167
female,68,165
female,65,158
female,66,156
female,65,170
female,66,155
female,64,162
female,66,165
female,66,161
female,65,164
female,68,153
female,68,165
female,67,164
female,65,158
female,65,152
female,67,168
female,65,157
female,68,155
female,64,158
female,64,178
female,66,162
female,65,160
female,67,155
female,65,160
female,65,162
female,67,163
female,65,162
female,68,156
female,67,162
female,64,166
female,68,157
female,64,172
female,68,153
female,66,153
female,68,165
female,64,153
female,64,170
female,64,162
female,66,168
female,66,160
female,64,175
female,64,160
female,64,160
female,65,163
female,67,155
female,66,156
female,64,174
female,68,153
female,65,163
female,67,158
female,67,165
female,66,160
female,66,156
female,68,155
female,68,164
female,65,156
female,65,165
female,66,156
female,65,163
female,68,156
female,68,158
female,67,162
female,65,152
female,66,163
female,66,158
female,65,165
female,65,157
female,66,158
female,69,170
female,64,165
female,64,163
female,67,168
female,65,165
female,66,154
female,67,165
female,67,165
female,64,160
female,68,160
female,65,162
female,68,164
female,65,155
female,65,165
female,65,160
female,64,176
female,67,160
female,66,160
female,65,153
female,65,156
female,68,163
female,65,173
female,64,165
female,65,158
female,65,169
female,64,167
female,64,158
female,67,152
female,64,158
female,66,164
female,66,155
female,66,167
female,65,163
female,68,160
female,66,160
female,67,152
female,64,165
female,66,156
female,68,167
female,68,165
female,68,162
female,64,168
female,68,151
female,67,168
female,65,164
female,65,178
female,66,160
female,64,168
female,66,164
female,68,165
female,64,163
female,68,152
female,66,160
female,66,158
female,68,163
female,66,171
female,68,154
female,67,153
female,65,160
female,64,165
female,68,154
female,66,155
female,65,170
female,67,158
female,65,160
female,67,153
female,64,152
female,68,161
female,65,160
female,64,153
female,65,163
female,65,156
female,68,168
female,65,166
female,64,157
female,66,160
female,64,157
female,68,152
female,68,150
female,63,162
female,64,180
female,67,160
female,66,158
female,67,165
female,68,167
female,63,155
female,64,162
female,67,156
female,66,163
female,66,164
female,65,162
female,65,165
female,65,170
female,66,174
female,64,158
female,66,162
female,65,158
female,68,165
female,63,160
female,65,155
female,64,152
female,67,165
female,65,158
female,64,158
female,63,172
female,65,164
female,67,158
female,65,154
female,64,170
female,66,156
female,67,169
female,64,165
female,62,169
female,67,162
female,66,164
female,67,154
female,63,176
female,65,164
female,63,155
female,65,150
female,64,164
female,66,174
female,66,160
female,65,152
female,67,157
female,64,169
female,65,150
female,64,165
female,66,165
female,65,166
female,66,165
female,65,166
female,67,160
female,63,165
female,67,166
female,63,164
female,67,154
female,63,160
female,63,165
female,66,162
female,66,165
female,66,165
female,67,155
female,66,160
female,66,157
female,64,155
female,65,156
female,66,164
female,64,152
female,67,152
female,66,168
female,64,155
female,67,162
female,64,160
female,63,160
female,64,157
female,64,152
female,65,160
female,67,161
female,64,160
female,67,155
female,68,161
female,67,155
female,65,170
female,64,154
female,67,160
female,65,157
female,64,164
female,67,160
female,66,159
female,65,164
female,65,160
female,67,158
female,65,166
female,64,166
female,63,160
female,65,173
female,65,162
female,64,167
female,63,167
female,67,157
female,63,163
female,65,160
female,67,165
female,64,159
female,67,158
female,66,165
female,65,175
female,65,165
female,65,158
female,67,167
female,65,160
female,64,159
female,64,159
female,66,155
female,65,158
female,64,160
female,65,146
female,67,164
female,68,160
female,65,163
female,66,158
female,65,174
female,65,160
female,64,164
female,64,164
female,66,165
female,64,178
female,62,163
female,63,157
female,65,156
female,67,158
female,65,164
female,65,161
female,67,168
female,67,155
female,67,163
female,66,166
female,63,165
female,65,165
female,67,160
female,64,173
female,65,154
female,67,155
female,64,165
female,67,165
female,66,168
female,64,154
female,65,179
female,67,173
female,64,155
female,63,155
female,68,158
female,66,159
female,64,160
female,64,160
female,63,175
female,63,151
female,63,170
female,64,165
female,63,158
female,66,155
female,67,164
female,64,155
female,64,158
female,67,164
female,63,168
female,66,160
female,67,168
female,67,160
female,65,150
female,64,164
female,64,170
female,66,150
female,67,163
female,63,173
female,66,168
female,64,156
female,65,160
female,65,160
male,65,178
female,65,172
female,66,158
female,65,168
female,63,157
female,66,162
female,67,146
female,67,165
female,63,167
female,65,160
female,64,160
female,68,160
female,65,154
female,63,163
female,62,167
female,63,167
female,62,158
female,65,155
female,62,164
female,66,157
female,63,164
female,67,155
female,66,160
female,64,168
female,65,165
female,65,160
female,64,164
female,64,164
female,64,162
female,62,156
female,62,156
female,63,160
female,66,150
female,66,157
female,62,153
female,65,158
female,66,170
female,63,155
female,65,162
female,63,151
female,66,163
female,64,164
female,64,168
female,65,163
female,66,158
female,63,156
female,66,150
female,65,154
female,66,160
female,65,160
female,66,167
female,64,157
female,62,153
female,63,150
female,64,165
female,62,168
female,64,156
female,63,163
female,62,157
female,66,170
female,65,155
female,65,162
female,64,167
female,65,160
female,62,164
female,66,152
female,65,170
female,63,150
female,64,168
female,66,174
female,65,153
female,66,160
female,65,165
female,63,150
female,66,168
female,66,155
female,64,155
female,62,168
female,62,165
female,62,158
female,66,153
female,62,164
female,63,165
female,62,162
female,62,158
female,66,156
female,66,165
female,64,158
female,66,168
female,62,172
female,63,160
female,62,156
female,62,161
female,63,165
female,66,152
male,63,165
female,62,158
female,66,163
female,66,175
female,66,158
female,63,167
female,63,153
female,63,167
female,61,178
female,63,162
female,61,159
female,66,168
female,64,160
female,66,158
female,63,160
female,66,165
female,66,170
female,65,160
female,66,167
female,65,156
female,65,160
female,63,151
female,63,163
female,64,156
female,62,169
female,65,168
female,63,159
female,66,160
female,62,150
female,65,166
female,65,165
female,64,168
female,64,154
female,63,170
female,62,160
female,63,150
female,66,167
female,64,160
female,64,164
female,64,157
female,66,164
female,64,158
female,65,154
female,66,163
female,66,170
female,64,156
female,64,154
female,64,165
female,65,164
female,65,160
female,66,163
female,66,164
female,66,164
female,62,162
female,66,159
female,66,159
female,63,161
female,63,168
female,63,158
female,64,157
female,66,160
female,64,164
female,63,162
female,64,162
female,65,154
female,65,164
female,64,160
female,64,164
female,62,157
female,63,158
female,63,155
female,66,158
female,65,162
female,64,160
female,63,156
female,62,170
female,65,160
female,65,155
female,66,158
female,63,152
female,62,158
female,62,163
female,63,161
female,65,164
female,64,164
female,67,165
female,65,170
female,65,160
female,64,165
female,63,162
female,63,165
female,62,157
female,66,169
female,61,154
female,62,160
female,64,146
female,62,156
female,62,165
female,66,161
female,65,158
female,62,158
female,62,164
female,65,158
female,64,160
female,62,163
female,62,153
female,61,156
female,65,168
female,62,160
female,62,156
female,63,156
female,65,168
female,61,170
female,64,165
female,61,167
female,65,158
female,62,161
female,63,150
female,64,163
female,61,158
female,63,158
female,64,154
female,62,157
female,62,150
female,63,165
female,65,156
female,62,167
female,64,158
female,63,165
female,63,156
female,61,161
female,64,163
female,61,161
female,64,168
female,61,163
female,63,163
female,64,173
female,62,168
female,63,160
female,62,164
female,64,170
female,62,166
female,62,157
female,61,161
female,62,173
female,63,164
female,64,156
female,63,157
female,65,164
female,62,166
female,63,168
female,62,169
female,61,167
female,64,165
female,64,168
female,62,155
female,62,164
female,65,171
female,65,165
female,61,158
female,63,154
female,65,160
female,62,156
female,62,160
female,61,164
female,64,164
female,61,160
female,63,156
female,62,165
female,65,152
female,65,164
female,62,160
female,63,156
female,64,167
female,65,166
female,62,153
female,64,162
female,63,162
female,61,161
female,62,175
female,64,172
female,62,159
female,64,154
female,63,154
female,61,175
female,64,156
female,65,167
female,65,172
female,61,168
female,61,164
female,63,158
female,65,158
female,64,162
female,62,162
female,64,157
female,65,164
female,62,160
female,64,156
female,62,158
female,61,163
female,62,160
female,65,160
female,64,160
female,64,156
female,65,165
female,64,161
female,63,164
female,60,158
female,62,165
female,65,164
female,64,168
female,63,168
female,63,161
female,65,164
female,61,173
female,64,160
female,64,170
female,64,158
female,65,164
female,63,169
female,64,155
female,62,160
female,64,166
female,65,163
female,64,154
female,64,165
female,64,166
female,62,155
female,65,156
female,64,150
female,65,165
female,61,155
female,65,168
female,62,156
female,65,160
female,65,160
female,63,175
female,64,158
female,65,155
female,65,151
female,61,158
female,62,168
female,61,162
female,63,160
female,63,169
female,62,160
female,65,163
female,64,150
female,65,158
female,61,172
female,63,160
female,62,170
female,61,160
female,61,165
female,65,163
female,63,163
female,63,158
female,65,158
female,63,154
female,64,156
female,62,160
female,61,162
female,65,163
female,65,152
female,62,158
female,63,169
female,64,162
female,61,157
female,65,172
female,61,155
female,64,158
female,64,167
female,62,155
female,61,162
female,62,160
female,60,160
female,64,161
female,63,165
female,61,153
female,60,155
female,63,157
female,60,158
female,63,164
female,61,156
female,64,164
female,61,160
female,61,160
female,60,170
female,62,152
female,64,170
female,63,158
female,61,168
female,63,156
female,61,183
female,62,160
female,63,144
female,62,159
female,62,150
female,60,164
female,63,165
female,60,168
female,64,167
female,64,158
female,63,167
female,62,163
female,60,159
female,59,155
female,62,162
female,63,169
female,62,150
female,61,158
female,64,152
female,60,16
female,62,165
female,63,164
female,63,162
female,63,160
female,60,165
female,63,164
female,60,161
female,60,164
female,62,175
female,60,165
female,63,163
female,62,160
female,64,164
female,63,164
female,63,160
female,60,162
female,62,168
female,60,164
female,63,160
female,62,160
female,64,164
female,60,158
female,62,160
female,62,170
female,64,165
female,61,155
female,61,148
female,64,158
female,60,165
female,64,167
female,63,161
female,61,159
female,61,165
female,62,157
female,62,167
female,60,170
female,64,152
female,63,158
female,62,164
female,64,158
female,62,159
female,60,164
female,62,165
female,60,153
female,61,152
female,63,165
female,60,166
female,64,178
female,62,165
female,61,165
female,62,153
female,62,156
female,62,165
female,60,160
female,61,165
female,60,162
female,62,149
female,64,175
female,64,165
female,63,159
female,60,173
female,61,162
female,64,158
female,64,167
female,61,172
female,64,160
female,62,159
female,62,160
female,62,157
female,63,172
female,61,173
female,62,160
female,62,163
female,61,164
female,64,163
female,61,160
female,61,163
female,64,158
female,63,163
female,60,184
female,64,164
female,63,156
female,64,162
female,62,154
female,60,162
female,63,165
female,60,160
female,61,160
female,61,164
female,64,158
female,61,165
female,60,165
male,63,157
female,62,164
female,63,152
female,62,158
female,64,158
female,61,168
female,64,167
female,62,164
female,62,167
female,62,164
female,61,169
female,64,165
female,61,158
female,63,162
female,63,157
female,61,155
female,62,160
female,62,162
female,62,156
female,61,162
female,64,162
female,63,156
female,61,155
female,62,160
female,63,169
female,60,150
female,64,156
female,63,153
female,64,168
female,62,166
female,61,158
female,63,158
female,61,168
female,63,155
female,61,167
female,60,156
female,62,162
female,62,162
female,64,158
female,63,160
female,62,158
female,62,158
female,61,152
female,60,167
female,62,156
female,62,170
female,63,146
female,59,164
female,62,157
female,61,168
female,59,160
female,60,165
female,63,164
female,63,150
female,63,157
female,61,157
female,59,160
female,59,155
male,62,163
female,61,170
female,61,167
female,60,163
female,63,158
female,62,156
female,61,165
female,62,158
female,59,170
female,63,179
female,59,164
female,63,174
female,60,180
female,60,165
female,60,160
female,61,166
female,63,152
female,60,160
female,59,166
female,61,162
female,59,164
female,63,176
female,63,172
female,60,166
female,59,166
female,63,165
female,60,160
female,62,165
female,61,170
female,63,158
female,59,164
female,60,156
female,61,173
female,60,160
female,63,162
female,60,162
female,61,158
female,61,167
female,63,158
female,59,172
female,59,167
female,60,170
female,60,165
female,59,160
female,60,165
female,59,167
female,63,160
female,62,155
female,62,164
female,61,164
female,63,161
female,60,163
female,60,165
female,62,158
female,59,150
female,58,162
female,60,160
female,62,160
female,60,170
female,60,157
female,62,160
female,61,165
female,63,164
female,63,165
female,63,151
female,62,148
female,59,164
female,59,150
female,62,154
female,59,163
female,60,171
female,62,158
female,59,150
female,62,152
female,63,158
female,59,167
female,61,165
female,62,160
female,62,159
female,60,152
female,61,164
female,59,156
female,61,165
female,58,156
female,61,163
female,63,164
female,60,164
female,62,166
female,60,165
female,63,166
female,61,165
female,62,142
female,62,173
female,61,156
female,63,162
female,62,165
female,62,159
female,61,159
female,60,150
female,62,165
female,63,165
female,60,164
female,63,156
female,61,158
female,60,156
female,61,168
female,62,161
female,62,158
female,62,172
female,60,158
female,62,165
female,59,170
female,63,155
female,61,164
female,63,161
female,61,156
female,63,152
female,59,164
female,63,168
female,63,163
female,59,156
female,62,151
female,60,163
female,60,156
female,61,174
female,63,158
female,62,166
female,63,152
female,60,170
female,59,156
female,61,167
female,60,164
female,63,165
female,63,160
female,60,165
female,59,158
female,59,153
female,64,165
female,59,164
female,59,164
female,64,147
female,63,150
female,59,160
female,62,159
female,61,161
female,64,178
female,63,167
female,62,155
female,60,165
female,59,156
female,63,160
female,63,159
female,61,157
female,63,168
female,61,165
female,60,176
female,62,156
female,59,165
female,60,164
female,63,168
female,62,157
female,60,164
female,61,155
female,58,158
female,61,165
female,59,158
female,61,168
female,60,150
female,63,163
female,60,165
female,62,162
female,63,170
female,61,158
female,59,175
female,63,171
female,62,159
female,62,162
female,59,162
female,63,160
female,63,162
female,59,156
female,59,158
female,62,161
female,59,155
female,61,170
female,59,160
female,60,170
female,62,156
female,62,154
female,59,164
female,61,152
female,62,160
female,62,152
female,61,158
female,59,158
female,62,152
female,61,156
female,59,160
female,61,152
female,59,154
female,59,174
female,62,173
female,63,164
female,60,165
female,59,168
female,62,165
female,63,158
female,59,156
female,60,161
female,59,155
female,60,170
female,61,162
female,62,161
female,59,164
female,60,158
female,59,160
female,59,165
female,61,156
female,59,162
female,60,158
female,58,170
female,62,165
female,58,156
female,59,176
female,59,168
female,63,175
female,60,165
female,59,164
female,59,160
female,61,164
female,57,156
female,58,165
female,59,160
female,62,155
female,61,174
female,62,167
female,61,165
female,62,163
female,60,174
female,62,162
female,59,154
female,62,157
female,60,164
female,62,164
female,62,164
female,62,162
female,59,164
female,59,165
female,59,162
female,58,167
female,61,160
female,58,168
female,62,160
female,61,165
female,60,176
female,62,158
female,60,158
female,62,159
female,59,163
female,62,165
female,59,165
female,58,175
female,59,162
female,58,164
female,58,170
female,60,165
female,59,155
female,60,165
female,58,175
female,59,155
female,58,155
female,62,160
female,60,161
female,61,175
female,61,157
female,59,162
female,62,165
female,57,160
female,63,162
female,62,150
female,62,160
female,61,158
female,62,158
female,61,156
female,59,156
female,57,152
female,61,153
female,60,150
female,59,158
female,59,164
female,58,183
female,61,156
female,60,152
female,59,165
female,58,167
female,58,165
female,59,164
female,61,155
female,61,158
female,58,171
female,58,156
female,58,164
female,59,160
female,58,150
female,59,155
female,59,161
female,60,153
female,59,167
female,59,160
female,58,158
female,62,160
female,59,159
female,59,160
female,63,163
female,61,165
female,60,167
female,59,162
female,62,164
female,60,156
female,60,160
female,59,156
female,61,158
female,61,168
female,57,150
female,61,165
female,56,167
female,60,173
female,58,164
female,57,164
female,58,178
female,58,158
female,57,167
female,57,164
female,59,155
female,57,157
female,59,158
female,59,162
female,60,155
female,61,165
female,57,158
female,60,161
female,58,160
female,58,152
female,59,168
female,61,164
female,57,165
female,58,155
female,58,155
female,61,170
female,60,156
female,59,155
female,57,163
female,57,154
female,58,165
female,59,160
female,58,161
female,61,165
female,57,164
female,60,160
female,57,152
female,58,165
female,61,158
female,58,155
female,60,166
female,57,158
female,58,162
female,58,165
female,61,170
female,59,158
female,58,152
female,59,167
female,57,152
female,59,158
female,61,168
female,66,165
female,57,158
female,57,160
female,59,154
female,58,160
female,57,162
female,61,162
female,59,170
female,61,156
female,61,152
female,58,162
female,59,170
female,61,155
female,59,163
female,61,147
female,56,162
female,61,170
female,59,164
female,59,158
female,58,162
female,60,164
female,58,170
female,59,158
female,61,164
female,58,158
female,61,170
female,57,163
female,58,152
female,61,160
female,60,160
female,60,162
female,57,156
female,60,173
female,61,150
female,61,170
female,60,163
female,61,158
female,61,165
female,58,167
female,58,158
female,57,158
female,58,167
female,59,168
female,61,158
female,58,150
female,60,162
female,60,155
female,58,158
female,60,165
female,58,156
female,57,158
female,59,180
female,58,158
female,60,147
female,57,150
female,59,152
female,59,165
female,58,154
female,59,167
female,60,168
female,59,156
female,57,162
female,61,162
female,59,165
female,58,170
female,59,163
female,58,158
female,60,162
female,58,168
female,57,167
female,57,172
female,59,159
female,58,152
female,59,164
female,58,166
female,58,165
female,61,165
female,60,156
female,61,152
female,59,158
female,58,163
female,58,156
female,59,156
female,58,153
female,57,159
female,58,154
female,60,162
female,60,165
female,56,165
female,58,158
female,57,162
female,57,160
female,60,165
female,60,155
female,60,165
female,59,160
female,58,147
female,57,167
female,56,153
female,58,170
female,57,158
female,56,168
female,60,183
female,57,165
female,57,158
female,59,158
female,58,162
female,58,167
female,57,161
female,57,150
female,57,165
female,60,163
female,58,152
female,57,173
female,60,159
female,59,150
female,58,162
female,58,167
female,58,160
female,57,158
female,56,157
female,58,169
female,60,158
female,59,162
female,56,155
female,59,148
female,56,167
female,58,158
female,58,158
female,59,168
female,58,164
female,57,160
female,57,165
female,60,156
female,56,172
female,57,156
female,55,150
female,57,165
female,59,168
female,60,150
female,59,170
female,55,168
female,58,175
female,60,157
female,57,162
female,58,169
female,58,158
female,57,170
female,59,154
female,58,150
female,60,150
female,57,171
female,59,165
female,59,154
female,57,161
female,58,166
female,59,159
female,58,159
female,55,172
female,57,170
female,55,168
female,57,159
female,58,165
female,56,160
female,59,163
female,61,164
female,60,159
female,59,150
female,57,164
female,56,164
female,58,180
female,60,168
female,59,171
female,57,160
female,60,162
female,57,171
female,57,160
female,59,158
female,60,163
female,59,158
female,57,170
female,60,164
female,58,160
female,59,173
female,60,160
female,59,164
female,56,160
female,60,158
female,56,160
female,60,150
female,57,157
female,58,156
female,60,162
female,60,165
female,59,166
female,56,162
female,59,164
female,58,150
female,58,160
female,54,155
female,55,162
female,55,164
female,59,164
female,56,164
female,59,144
female,57,165
female,56,152
female,57,157
female,58,168
female,56,160
female,56,160
female,59,162
female,56,150
female,57,168
female,59,157
female,55,158
female,58,150
female,59,176
female,59,151
female,56,168
female,59,154
female,59,170
female,58,165
female,57,158
female,56,152
female,57,156
female,56,162
female,59,165
female,56,165
female,55,158
female,57,164
female,58,170
female,58,165
female,56,164
female,59,162
female,56,161
female,55,170
female,59,153
female,58,164
female,59,162
female,56,164
female,58,161
female,58,165
female,57,163
female,58,160
female,56,164
female,57,175
female,55,160
female,55,158
female,59,170
female,59,158
female,56,168
female,58,159
female,56,164
female,59,167
female,56,155
female,59,168
female,59,165
female,57,165
female,55,173
female,56,165
female,58,155
female,57,170
female,57,169
female,56,158
female,58,171
female,56,164
female,57,160
female,56,167
female,55,156
female,56,165
female,55,155
female,55,160
female,58,160
female,56,155
female,56,163
female,55,152
female,57,160
female,60,162
female,59,178
female,56,160
female,59,167
female,56,164
female,55,156
female,59,157
female,58,154
female,58,164
female,57,169
female,57,170
female,56,165
female,56,166
female,58,158
female,56,165
female,56,160
female,57,170
female,57,161
female,59,167
female,56,152
female,55,168
female,58,167
female,58,151
female,57,165
female,57,156
female,56,164
female,57,158
female,54,155
female,56,160
female,55,164
female,56,168
female,56,154
female,58,160
female,58,160
female,56,159
female,58,156
female,56,161
female,55,160
female,56,162
female,59,162
female,56,154
female,57,156
female,59,155
female,59,175
female,57,168
female,56,162
female,58,160
female,59,175
female,59,160
female,60,160
female,55,155
female,56,165
female,57,157
female,59,156
female,57,156
female,59,139
female,58,156
female,57,163
female,54,158
female,58,162
female,58,152
female,55,140
female,55,150
female,58,164
female,57,163
female,58,152
female,58,155
female,57,159
female,56,164
female,58,165
female,55,164
female,54,165
male,58,168
female,55,151
female,58,172
female,58,151
female,58,160
female,57,168
female,56,160
female,58,168
female,58,162
female,54,161
female,58,156
female,56,165
female,56,164
female,58,155
female,57,157
female,55,168
female,55,150
female,58,158
female,56,164
female,58,162
female,57,172
female,53,178
female,58,152
female,58,156
female,54,164
female,56,149
female,57,156
female,55,160
female,54,160
female,58,176
female,56,158
female,56,175
female,58,163
female,54,155
female,57,165
female,59,160
female,55,158
female,57,162
female,57,150
female,58,160
female,56,160
female,58,160
female,55,170
female,55,152
female,56,167
female,58,164
female,56,160
female,58,158
female,58,168
female,58,164
female,58,170
female,58,163
female,54,151
female,54,165
female,56,158
female,56,185
female,57,160
female,55,163
female,58,169
female,56,160
female,55,164
female,55,154
female,55,165
female,57,163
female,55,174
female,56,164
female,56,165
female,54,172
female,58,1
female,57,168
female,54,168
female,58,167
female,54,164
female,58,165
female,57,148
female,58,168
female,56,155
female,58,164
female,54,163
female,55,165
female,55,174
female,54,164
female,53,160
female,57,156
female,57,164
female,58,165
female,57,160
female,56,162
female,56,167
female,55,157
female,58,156
female,56,168
female,56,165
female,57,163
female,57,165
female,58,170
female,58,157
female,56,170
female,55,161
female,58,155
female,56,158
female,56,168
female,58,173
female,54,161
female,57,165
female,54,168
female,55,164
female,58,166
female,58,166
female,58,155
female,55,156
female,56,164
female,57,162
female,56,161
female,55,170
female,55,150
female,55,160
female,56,158
female,56,170
female,55,162
female,54,170
female,53,155
female,56,160
female,56,164
female,57,156
female,55,168
female,54,162
female,54,156
female,54,160
female,55,175
female,56,162
female,55,172
female,54,166
female,57,165
female,55,152
female,53,158
female,56,165
female,53,160
female,56,160
female,54,169
female,56,170
female,54,165
female,57,155
female,55,172
female,56,170
female,53,168
female,55,165
female,53,160
female,54,176
female,55,156
female,55,170
female,54,155
female,56,165
female,57,160
female,53,169
female,53,162
female,54,156
female,56,174
female,54,174
female,54,165
female,53,168
female,55,170
female,54,157
female,55,150
female,56,158
female,54,165
female,53,164
female,58,163
female,54,165
female,53,170
female,54,156
female,53,154
female,57,163
female,56,158
female,56,164
female,53,165
female,55,165
female,53,158
female,53,163
female,55,160
female,56,168
female,53,167
female,53,175
female,55,163
female,57,170
female,53,162
female,56,167
female,57,165
female,54,162
female,53,164
female,56,163
female,56,162
female,52,165
female,55,168
female,52,159
female,55,155
female,56,172
female,56,165
female,53,170
female,54,157
female,51,156
female,55,163
female,53,147
female,56,161
female,55,160
female,53,181
female,52,163
female,56,164
female,54,174
female,54,185
female,55,167
female,56,162
female,53,168
female,55,161
female,53,164
female,53,169
female,53,167
female,54,165
female,54,160
female,56,164
female,56,162
female,54,168
female,52,168
female,53,155
female,56,167
female,55,164
female,56,162
female,52,170
female,54,172
female,52,172
female,55,163
female,53,176
female,52,182
female,56,167
female,55,159
female,52,169
female,56,168
female,52,172
female,53,155
female,56,165
female,54,166
female,56,160
female,54,168
female,53,162
female,54,164
female,53,157
female,56,170
female,53,165
female,54,158
female,54,174
female,52,168
female,55,165
female,54,155
female,56,162
female,53,165
female,51,173
female,55,170
female,55,163
female,53,155
female,53,158
female,54,154
female,55,172
female,54,153
female,53,167
female,54,160
female,55,170
female,54,173
female,52,172
female,51,160
female,52,165
female,53,180
female,55,164
female,54,170
female,53,167
female,52,158
female,50,153
female,52,164
female,51,165
female,51,157
female,52,163
female,54,158
female,52,158
female,53,162
female,51,164
female,55,164
female,54,159
female,55,155
female,55,170
female,54,165
female,51,163
female,56,165
female,55,164
female,54,164
female,53,162
female,53,180
female,52,160
female,54,173
female,53,155
female,52,168
female,53,160
female,51,161
female,52,172
female,55,158
female,54,164
female,52,158
female,54,155
female,52,168
female,51,167
female,55,165
female,54,162
female,54,168
female,52,162
female,52,165
female,51,162
female,52,165
female,51,160
female,53,153
female,52,160
female,54,154
female,53,172
female,54,171
female,55,152
female,53,164
female,55,169
female,54,164
female,52,158
female,52,170
female,54,167
female,52,166
female,53,164
female,53,160
female,53,158
female,52,156
female,54,160
female,51,152
female,51,155
female,53,168
female,52,170
female,52,170
male,54,160
female,50,160
female,51,155
female,51,168
female,54,172
female,50,159
female,55,162
female,49,164
female,51,150
female,54,164
female,50,175
female,51,165
female,49,160
female,52,158
female,51,157
female,54,162
female,51,156
female,50,155
female,54,170
female,51,172
female,51,170
female,51,159
female,53,160
female,51,175
female,50,172
female,52,163
female,52,165
female,51,162
female,54,160
female,51,153
female,51,173
female,51,167
female,52,162
female,51,160
female,50,160
female,50,168
female,51,178
female,51,165
female,54,171
female,53,162
female,54,182
female,51,165
female,53,173
female,51,167
female,52,169
female,51,165
female,52,160
female,52,158
female,53,175
female,53,165
female,51,156
female,52,167
female,52,165
female,51,164
female,52,166
female,54,155
female,52,168
female,54,163
female,54,160
female,54,175
female,50,165
female,50,176
female,51,167
female,54,166
female,52,165
female,54,160
female,53,155
female,51,165
female,50,158
female,52,158
female,53,165
female,50,163
female,51,162
female,53,170
female,53,170
female,48,165
female,49,160
female,50,167
female,53,164
female,53,165
female,50,175
female,53,168
female,53,163
female,50,167
female,53,163
female,49,164
female,49,168
female,53,170
female,53,157
female,51,167
female,53,169
female,53,165
female,49,168
female,51,150
female,53,165
female,49,158
female,53,172
female,53,170
female,49,163
female,49,165
female,51,170
female,52,165
female,50,172
female,53,150
female,52,159
female,51,161
female,49,160
female,53,167
female,52,176
female,50,160
female,53,165
female,49,168
female,50,164
female,50,163
female,52,151
female,53,158
female,52,173
female,53,168
female,51,155
female,50,158
female,49,170
female,53,160
female,51,158
female,53,161
female,49,164
female,52,164
female,54,153
female,52,171
female,50,165
female,54,164
female,49,164
female,53,164
female,49,158
female,50,166
female,50,170
female,51,158
female,50,156
female,52,163
female,53,165
female,52,160
female,53,155
female,50,164
female,51,165
female,52,178
female,50,164
female,50,171
female,50,165
female,52,167
female,51,167
female,49,166
female,50,167
female,47,158
female,48,164
female,48,174
female,49,162
female,52,160
female,52,163
female,52,168
female,51,164
female,49,175
female,50,151
female,49,160
female,50,163
female,48,168
female,48,164
female,51,158
female,51,160
female,52,160
female,48,155
female,49,170
female,51,170
female,49,155
female,52,158
female,50,177
female,50,165
female,48,152
female,52,158
female,52,174
female,48,168
female,48,167
female,52,168
female,51,160
female,52,167
female,49,153
female,52,167
female,49,170
female,51,181
female,48,156
female,51,165
female,52,164
female,52,163
female,52,165
female,50,165
female,52,160
female,50,155
female,49,165
female,49,165
female,49,165
female,48,160
female,52,158
female,48,163
female,49,160
female,51,156
female,51,170
female,53,155
female,50,170
female,52,165
female,50,170
female,52,162
female,48,157
female,53,165
female,49,176
female,53,152
female,52,150
female,51,156
female,49,160
female,50,158
female,48,162
female,50,158
female,48,160
female,49,170
female,48,170
female,49,165
female,49,162
female,50,159
female,47,174
female,51,158
female,47,158
female,47,162
female,47,171
female,48,174
female,47,170
female,51,172
female,50,166
female,50,168
female,49,178
female,51,165
female,48,167
female,50,160
female,49,156
female,50,158
female,51,160
female,51,170
female,47,170
female,49,152
female,48,164
female,51,168
female,48,163
female,51,164
female,47,165
female,47,158
female,50,170
female,51,167
female,48,160
female,51,164
female,48,160
female,50,60
female,51,158
female,47,163
female,50,150
female,51,161
female,48,150
female,46,158
female,51,168
female,48,163
female,47,168
female,49,160
female,51,167
female,48,163
female,51,162
female,48,170
female,51,165
female,48,166
female,51,159
female,51,156
female,51,170
female,46,163
female,50,165
female,49,162
female,50,164
female,48,163
female,50,164
female,49,160
female,50,167
female,47,164
female,48,169
female,49,160
female,50,162
female,50,164
female,47,162
female,49,165
female,52,163
female,47,163
female,48,153
female,49,156
female,47,160
female,45,170
female,49,168
female,49,169
female,46,180
female,47,182
female,49,162
female,49,168
female,46,160
female,49,170
female,49,155
female,50,166
female,47,150
female,46,164
female,49,168
female,49,165
female,48,173
female,50,165
female,50,167
female,46,159
female,48,170
female,49,156
female,49,172
female,49,163
female,48,167
female,47,160
female,48,154
female,51,165
female,49,170
female,48,168
female,48,164
female,50,162
female,49,174
female,49,169
female,49,156
female,48,164
female,50,166
female,47,165
female,46,170
female,46,165
female,47,165
female,49,155
female,50,160
female,50,156
female,48,178
female,45,162
female,47,160
female,48,164
female,50,171
female,47,158
female,49,166
female,50,164
female,49,158
female,48,168
female,48,168
female,47,165
female,50,168
female,50,165
female,50,156
female,51,152
female,49,162
female,45,157
female,49,160
female,47,170
female,47,173
female,48,160
female,50,165
female,49,168
female,49,175
female,49,166
female,49,176
female,49,167
female,49,169
female,46,175
female,49,153
female,48,163
female,48,162
female,49,154
female,45,165
female,48,157
female,46,167
female,47,162
female,49,145
female,46,162
female,47,172
female,48,158
female,47,172
female,46,165
female,50,168
female,47,158
female,49,158
female,46,170
female,49,156
female,46,165
female,46,155
female,45,175
female,46,165
female,46,164
female,48,165
female,45,167
female,47,164
female,48,159
female,47,163
female,49,175
female,48,163
female,45,168
female,49,160
female,46,160
female,45,180
female,47,168
female,47,164
female,50,164
female,45,158
female,46,165
female,47,164
female,47,175
female,49,150
female,49,164
female,48,166
female,48,168
female,45,160
female,48,175
female,49,180
female,45,164
female,49,168
female,48,166
female,49,166
female,48,165
female,49,164
female,50,167
female,46,160
female,47,172
female,46,165
female,49,165
female,47,159
female,45,168
female,46,160
female,47,164
female,47,163
female,43,164
female,44,173
female,45,158
female,46,162
female,48,158
female,47,172
female,48,168
female,45,163
female,44,164
female,48,165
female,48,170
female,45,164
female,44,163
female,48,164
female,48,169
female,46,159
female,45,160
female,46,168
female,46,164
female,47,160
female,47,166
female,48,163
female,47,161
female,48,153
female,46,178
female,45,158
female,46,162
female,45,176
female,44,170
female,45,173
female,48,166
female,45,166
female,45,173
female,46,164
female,47,164
female,47,156
female,48,170
female,45,168
female,47,171
female,44,173
female,43,153
female,47,168
female,43,164
female,43,172
female,43,170
female,43,165
female,46,160
female,42,168
female,45,168
female,44,172
female,47,164
female,45,165
female,47,160
female,45,158
female,45,176
female,45,162
female,43,172
female,43,166
female,44,169
female,47,172
female,46,165
female,43,172
female,46,165
female,44,165
female,44,165
female,43,164
female,47,168
female,44,164
female,45,154
female,47,164
female,47,172
female,45,173
female,46,168
female,45,172
female,44,156
female,43,164
female,45,156
female,46,172
female,44,159
female,45,150
female,46,158
female,47,170
female,44,158
female,44,167
female,46,170
female,43,157
female,45,160
female,44,170
female,45,158
female,45,173
female,44,165
female,44,160
female,45,153
female,45,156
female,43,170
female,46,150
female,45,168
female,44,161
female,47,163
female,45,168
female,46,150
female,46,170
female,46,158
female,43,165
female,43,176
female,43,158
female,43,169
female,45,173
female,44,172
female,41,169
female,46,157
female,43,173
female,46,163
female,43,158
female,46,174
female,45,167
female,46,166
female,45,160
female,42,160
female,43,155
female,42,164
female,46,162
female,44,164
female,46,156
female,42,160
female,42,164
female,45,155
female,42,168
female,42,155
female,45,164
female,44,170
female,43,172
female,43,170
female,44,158
female,43,160
female,44,165
female,43,164
female,41,164
female,42,162
female,43,167
female,45,156
female,44,160
female,41,160
female,42,167
female,41,150
female,43,160
female,42,170
female,41,174
female,43,168
female,45,154
female,41,161
female,45,166
female,43,162
female,44,172
female,42,163
female,43,159
female,42,160
female,43,169
female,42,164
female,42,165
female,43,176
female,43,169
female,41,167
female,44,167
female,45,156
female,45,167
female,45,163
female,42,180
female,44,158
female,45,162
female,43,164
female,41,158
female,45,163
female,44,171
female,44,178
female,42,165
female,41,165
female,44,158
female,45,176
female,45,167
female,41,176
female,41,167
female,45,163
female,44,173
female,41,170
female,41,170
female,44,174
female,42,160
female,40,175
female,41,177
female,44,164
female,40,160
female,42,172
female,42,176
female,42,165
female,42,167
female,40,165
female,43,165
female,42,164
female,42,166
female,43,160
female,42,156
female,40,182
female,44,171
female,42,158
female,41,172
female,42,168
female,42,171
female,44,162
female,42,173
female,41,170
female,40,168
female,44,165
female,41,172
female,44,155
female,44,168
female,43,176
female,40,164
female,44,158
female,42,156
female,44,171
female,43,165
female,44,162
female,40,176
female,41,170
female,45,165
female,43,176
female,41,158
female,42,164
female,44,164
female,44,169
female,41,168
female,40,156
female,39,150
female,41,172
female,42,167
female,41,162
female,43,165
female,43,160
female,43,165
female,41,170
female,42,175
female,40,172
female,43,168
female,40,169
female,40,170
female,43,167
female,42,166
female,43,155
female,39,172
female,42,172
female,42,168
female,40,170
female,43,164
female,43,163
female,41,171
female,41,166
female,43,159
female,40,154
female,40,174
male,42,175
female,43,148
female,43,164
female,44,165
female,40,162
female,41,168
female,43,164
female,39,156
female,41,158
female,44,145
female,43,171
female,40,175
female,40,163
female,43,174
female,42,174
female,39,174
female,38,172
female,39,162
female,40,172
female,38,160
female,40,166
female,39,150
female,41,162
female,40,176
female,42,172
female,42,170
female,37,165
female,42,170
female,41,163
female,39,170
female,40,172
female,40,166
female,38,173
female,38,168
female,41,164
female,39,163
female,43,175
female,39,160
female,42,165
female,42,158
female,42,172
female,42,150
female,42,168
female,39,169
female,37,164
female,39,160
female,41,160
female,42,168
female,39,162
female,42,177
female,39,166
female,38,156
female,39,178
female,42,163
female,42,164
female,39,172
female,40,165
female,42,158
female,40,168
female,39,156
female,41,173
female,38,158
female,41,170
female,38,167
female,39,162
female,37,146
female,39,163
female,40,164
female,39,155
female,37,170
female,41,167
female,40,168
female,38,172
female,41,178
female,41,175
female,37,175
female,38,165
female,41,166
female,39,178
female,40,165
female,40,160
female,37,164
female,39,173
female,39,164
female,39,165
female,37,155
female,37,163
female,38,169
female,40,165
female,39,170
female,41,158
female,42,172
female,39,168
female,38,173
female,39,178
female,41,178
female,41,162
female,37,155
female,37,176
female,37,175
female,38,172
female,39,164
female,40,164
female,40,157
female,39,164
female,40,168
female,38,165
female,39,168
female,38,156
male,41,172
female,38,170
female,37,172
female,39,167
female,40,174
female,38,158
female,36,160
female,40,160
female,40,173
female,40,181
female,37,155
female,37,170
female,36,179
female,36,172
female,39,162
female,37,175
female,39,174
female,36,159
female,39,170
female,36,168
female,37,154
female,39,165
female,36,168
female,39,160
female,39,168
female,36,158
female,38,156
female,37,173
female,36,160
female,36,165
female,38,172
female,39,169
female,37,166
female,37,152
female,39,168
female,35,177
female,37,164
female,37,181
female,34,168
female,35,168
female,37,168
female,36,167
female,35,174
female,37,174
female,34,172
female,33,167
female,38,178
female,36,164
female,37,158
female,33,173
female,37,172
female,33,156
female,34,157
female,33,167
female,34,171
female,33,168
female,34,160
female,37,165
female,37,160
female,35,160
female,36,165
female,36,157
female,34,162
female,37,170
female,36,178
female,36,168
female,34,163
female,32,170
female,36,165
female,36,180
female,34,159
female,32,170
female,32,174
female,33,164
female,34,168
female,32,158
female,32,166
female,33,167
female,32,164
female,33,163
female,32,165
female,32,170
female,33,163
female,32,162
female,34,167
female,32,164
female,33,160
female,32,170
female,32,174
female,33,178
female,31,164
female,34,160
female,31,167
female,31,157
female,34,174
female,32,162
female,33,176
female,31,160
female,32,164
female,31,164
female,32,156
female,34,167
female,31,171
female,33,167
female,33,164
female,34,160
female,30,166
female,30,160
female,30,175
female,30,167
female,29,175
female,29,158
female,32,153
female,30,162
female,32,158
female,29,162
female,34,170
female,33,170
female,28,163
female,28,175
female,30,165
female,32,171
female,29,160
female,29,169
female,29,167
female,29,165
female,29,168
female,29,168
female,28,180
female,28,165
female,30,167
female,28,163
female,27,160
female,28,168
female,28,172
female,30,25
female,27,153
female,27,171
female,30,167
female,28,164
female,30,177
female,28,165
female,27,165
female,27,175
female,28,170
female,29,158
female,26,164
female,29,167
female,28,164
female,28,160
female,30,155
female,29,170
female,27,168
female,29,162
female,29,175
female,26,175
female,26,170
female,25,162
female,25,166
female,27,170
female,26,170
female,24,178
female,28,170
female,25,172
female,26,160
female,23,164
female,26,163
female,27,162
female,24,162
female,23,165
female,25,168
female,25,171
female,22,169
female,23,170
female,25,168
male,67,175
male,67,170
male,67,166
male,63,169
male,57,160
male,54,179
male,50,186
male,36,172
male,36,183
female,70,158
female,67,158
female,65,160
female,62,166
female,63,152
female,64,163
female,61,158
female,61,167
female,60,162
female,63,163
female,56,160
female,54,173
female,55,164
female,55,165
female,51,168
female,50,170
female,38,156
male,62,174
female,68,157
male,60,175
male,60,171
male,55,172
male,54,181
male,50,168
male,71,176
male,69,171
male,68,172
male,65,170
male,61,175
male,62,171
male,24,176
female,86,162
female,67,172
female,62,154
female,58,143
female,72,160
female,68,165
female,61,163
female,55,155
female,41,172
male,68,169
male,60,170
female,41,161
female,24,175
male,80,173
male,71,165
male,64,178
male,67,170
male,66,172
female,56,170
female,55,170
female,54,162
male,72,170
female,44,175
male,70,180
female,21,172
female,64,160
female,67,160
female,88,160
male,85,160
female,88,151
female,86,162
male,84,180
male,86,180
female,84,150
male,84,175
female,86,163
female,82,149
male,86,177
female,85,155
female,84,150
female,83,150
female,81,163
male,84,170
male,81,183
male,81,182
female,84,159
male,83,168
female,82,158
female,79,156
male,80,176
female,84,165
male,82,168
male,79,168
female,81,159
female,79,160
male,82,173
female,79,158
female,79,162
female,82,157
female,80,164
female,79,162
male,79,168
female,80,164
male,82,165
male,78,168
female,81,150
female,78,150
female,78,160
female,77,170
male,79,173
male,81,172
male,77,165
female,78,156
male,76,170
male,80,165
male,80,175
female,78,155
male,76,171
male,79,170
male,79,174
male,77,182
male,75,167
male,77,170
male,76,175
male,79,170
male,75,170
female,79,155
male,74,174
female,77,158
female,76,170
female,76,168
female,74,165
female,74,170
male,75,168
male,76,163
male,73,162
male,74,182
female,75,168
male,75,190
female,77,155
male,77,165
male,72,168
male,75,171
male,73,168
female,73,155
male,75,167
female,73,164
male,73,162
male,72,165
male,72,165
female,75,151
male,73,175
female,71,153
male,72,160
male,75,168
female,72,150
female,75,150
male,75,168
female,75,162
female,71,163
male,73,172
female,70,164
female,72,163
male,71,171
female,73,164
male,69,185
female,72,157
male,73,179
male,72,170
female,70,155
female,70,155
female,70,168
female,71,159
female,73,153
male,72,176
male,73,169
male,69,173
male,71,164
female,72,167
male,69,174
female,70,160
male,68,181
male,69,172
male,69,155
female,72,160
male,71,180
male,72,180
female,70,160
male,67,179
female,70,152
male,70,193
female,67,160
female,67,163
male,71,184
female,66,165
male,69,164
female,66,165
male,67,167
female,66,170
male,66,178
male,68,167
male,70,160
female,70,160
male,66,172
female,67,150
female,67,160
female,68,165
female,67,168
male,68,167
male,68,180
female,67,168
female,68,165
female,66,166
male,64,172
male,65,170
female,65,166
female,67,162
male,66,180
female,64,156
male,64,178
female,64,172
male,68,171
female,65,158
male,65,165
female,64,160
female,65,157
female,63,164
male,63,177
female,65,172
male,65,175
female,63,156
male,65,168
female,66,170
male,66,160
female,62,156
female,66,167
male,62,177
female,63,163
male,62,180
male,63,170
male,66,176
male,62,167
male,66,170
female,65,175
male,63,182
male,64,160
female,64,167
female,63,162
male,65,175
female,62,156
male,60,180
female,65,160
male,65,165
male,63,183
male,63,170
male,62,180
male,61,170
male,61,170
female,63,152
male,63,165
male,60,166
male,64,177
female,61,158
male,63,180
male,63,169
female,64,163
male,63,180
male,60,157
male,62,168
female,63,170
male,61,180
male,63,178
male,61,180
female,63,163
female,60,156
female,58,162
male,59,175
male,62,170
male,61,174
male,62,166
male,60,182
male,60,173
female,60,170
male,62,170
female,58,156
male,58,165
male,58,185
male,61,170
female,58,160
male,59,170
male,59,167
male,61,175
female,60,164
male,58,170
female,58,160
male,60,170
male,56,181
female,60,161
male,57,175
male,57,175
male,56,186
male,57,170
female,59,165
male,56,176
female,57,165
male,58,165
female,57,156
male,59,170
male,56,164
male,58,165
female,59,156
male,59,165
male,55,168
male,55,168
male,56,192
male,57,167
male,55,183
female,54,161
female,56,152
male,54,185
female,54,151
male,55,173
female,53,165
male,56,175
male,55,163
male,53,172
male,56,170
male,52,165
male,55,158
male,55,190
female,55,161
female,51,165
male,54,178
female,53,175
male,49,186
male,51,182
female,50,165
female,50,157
male,52,178
male,49,171
male,51,173
female,50,173
male,49,198
male,47,170
male,49,170
male,49,165
male,50,180
male,50,170
male,46,168
female,45,160
male,44,165
male,46,164
male,46,184
male,45,176
male,44,173
male,43,176
male,46,173
female,45,175
male,41,190
female,42,164
male,38,175
female,41,163
male,39,187
female,36,163
female,32,168
male,30,183
male,26,182
male,24,186
male,24,193
male,24,198
female,72,165
female,64,162
female,64,154
female,23,165
male,51,180
female,26,162
female,21,160
male,70,172
male,25,163
female,25,172
female,75,160
male,58,174
male,22,190
male,53,193
female,24,170
female,82,174
male,22,175
female,22,174
male,65,164
female,69,172
male,84,170
female,46,176
female,21,165
male,24,187
female,20,175
female,22,168
male,24,200
male,21,180
male,21,175
male,22,183
male,25,190
male,70,178
male,58,190
female,54,170
female,62,167
male,62,188
male,47,180
female,67,158
female,61,175
female,72,170
female,53,168
female,69,168
female,51,175
male,21,170
female,22,166
male,20,176
female,67,154
female,22,180
female,21,170
female,45,165
female,52,163
male,35,180
male,19,184
male,80,182
male,22,190
male,61,178
female,59,165
male,70,175
female,21,165
female,21,166
female,22,165
male,78,181
male,22,175
male,53,171
female,66,163
male,79,174
female,19,170
female,44,163
male,66,172
male,19,190
female,19,160
female,43,167
male,79,182
female,20,158
male,19,170
female,19,170
male,60,179
female,20,175
male,18,183
female,18,162
female,18,180
male,20,182
female,19,180
male,40,184
male,40,185
male,17,182
female,16,166
male,73,183
female,19,165
male,20,182
male,20,175
male,19,177
male,50,183
female,61,164
male,42,183
male,18,191
male,68,175
male,40,179
female,50,172
female,17,155
male,16,183
male,82,175
male,19,180
female,18,165
female,18,162
female,66,156
male,64,178
female,18,163
male,74,169
female,72,173
male,16,180
male,31,180
female,36,155
male,17,196
female,17,165
female,71,160
female,39,163
male,18,187
male,74,162
female,71,160
female,14,176
male,70,176
female,16,165
male,16,180
female,59,168
male,15,170
female,51,161
male,60,173
female,35,160
male,43,190
male,63,168
male,78,170
female,74,166
female,15,145
female,14,154
male,14,170
male,42,183
female,71,154
male,13,151
female,13,162
male,74,175
male,13,158
male,30,165
male,68,180
male,76,178
female,13,154
female,72,160
male,13,155
male,78,175
male,73,170
female,67,160
female,72,160
male,10,140
male,72,162
male,67,170
male,10,136
female,75,160
female,61,156
female,65,161
male,10,134
female,71,175
male,71,174
male,11,154
male,73,185
male,78,170
male,37,185
male,65,185
female,71,160
female,60,164
female,54,153
female,72,162
female,9,130
male,71,175
female,69,161
female,67,160
male,73,173
male,73,165
female,70,159
male,33,178
male,71,179
female,67,163
male,64,176
female,65,172
female,68,158
male,71,176
female,65,166
male,64,180
male,66,172
female,69,160
male,70,175
male,82,165
female,71,160
male,72,170
female,5,111
female,56,178
male,70,168
male,45,182
male,69,175
male,40,177
male,4,112
female,51,167
male,53,184
female,71,170
female,65,163
male,57,175
female,55,170
female,17,174
female,51,175
male,76,170
male,66,193
male,62,176
male,68,172
male,34,178
male,75,174
female,58,158
male,42,175
female,33,167
female,69,160
female,65,163
female,68,158
female,74,158
female,29,165
female,42,160
male,63,178
male,57,181
female,72,153
female,46,162
male,75,171
male,63,190
female,81,163
female,30,173
male,69,172
male,48,175
